"frame_id","screen_id","screen_name","group_code","platform","viewport_px","state_code","state_ar","phase","components","design_file","status","design_status","frame_ref"
"ACC-01-W390-ready","ACC-01","ترحيب واختيار الدخول أو إنشاء منشأة","ACC","W","390","ready","جاهز","أساسي","C-FRAME C-BTN C-NOTICE","06-D2-Shifts-Access.dc.html","owner_approved","not_drawn",""
"ACC-01-W390-offline","ACC-01","ترحيب واختيار الدخول أو إنشاء منشأة","ACC","W","390","offline","بلا اتصال","أساسي","C-FRAME C-BTN C-NOTICE","06-D2-Shifts-Access.dc.html","owner_approved","not_drawn",""
"ACC-01-W390-server_error","ACC-01","ترحيب واختيار الدخول أو إنشاء منشأة","ACC","W","390","server_error","خطأ خادم","أساسي","C-FRAME C-BTN C-NOTICE","06-D2-Shifts-Access.dc.html","owner_approved","not_drawn",""
"ACC-01-W834-ready","ACC-01","ترحيب واختيار الدخول أو إنشاء منشأة","ACC","W","834","ready","جاهز","أساسي","C-FRAME C-BTN C-NOTICE","06-D2-Shifts-Access.dc.html","owner_approved","not_drawn",""
"ACC-01-W834-offline","ACC-01","ترحيب واختيار الدخول أو إنشاء منشأة","ACC","W","834","offline","بلا اتصال","أساسي","C-FRAME C-BTN C-NOTICE","06-D2-Shifts-Access.dc.html","owner_approved","not_drawn",""
"ACC-01-W834-server_error","ACC-01","ترحيب واختيار الدخول أو إنشاء منشأة","ACC","W","834","server_error","خطأ خادم","أساسي","C-FRAME C-BTN C-NOTICE","06-D2-Shifts-Access.dc.html","owner_approved","not_drawn",""
"ACC-01-W1440-ready","ACC-01","ترحيب واختيار الدخول أو إنشاء منشأة","ACC","W","1440","ready","جاهز","أساسي","C-FRAME C-BTN C-NOTICE","06-D2-Shifts-Access.dc.html","owner_approved","not_drawn",""
"ACC-01-W1440-offline","ACC-01","ترحيب واختيار الدخول أو إنشاء منشأة","ACC","W","1440","offline","بلا اتصال","أساسي","C-FRAME C-BTN C-NOTICE","06-D2-Shifts-Access.dc.html","owner_approved","drawn","34-D26-Access-All-States.dc.html#ACC-01"
"ACC-01-W1440-server_error","ACC-01","ترحيب واختيار الدخول أو إنشاء منشأة","ACC","W","1440","server_error","خطأ خادم","أساسي","C-FRAME C-BTN C-NOTICE","06-D2-Shifts-Access.dc.html","owner_approved","drawn","34-D26-Access-All-States.dc.html#ACC-01"
"ACC-01-M390-ready","ACC-01","ترحيب واختيار الدخول أو إنشاء منشأة","ACC","M","390","ready","جاهز","أساسي","C-FRAME C-BTN C-NOTICE","06-D2-Shifts-Access.dc.html","owner_approved","drawn","28-D21-Access-Inventory-Complete.dc.html#ACC-01"
"ACC-01-M390-offline","ACC-01","ترحيب واختيار الدخول أو إنشاء منشأة","ACC","M","390","offline","بلا اتصال","أساسي","C-FRAME C-BTN C-NOTICE","06-D2-Shifts-Access.dc.html","owner_approved","not_drawn",""
"ACC-01-M390-server_error","ACC-01","ترحيب واختيار الدخول أو إنشاء منشأة","ACC","M","390","server_error","خطأ خادم","أساسي","C-FRAME C-BTN C-NOTICE","06-D2-Shifts-Access.dc.html","owner_approved","not_drawn",""
"ACC-01-D1366-ready","ACC-01","ترحيب واختيار الدخول أو إنشاء منشأة","ACC","D","1366","ready","جاهز","أساسي","C-FRAME C-BTN C-NOTICE","06-D2-Shifts-Access.dc.html","owner_approved","not_drawn",""
"ACC-01-D1366-offline","ACC-01","ترحيب واختيار الدخول أو إنشاء منشأة","ACC","D","1366","offline","بلا اتصال","أساسي","C-FRAME C-BTN C-NOTICE","06-D2-Shifts-Access.dc.html","owner_approved","not_drawn",""
"ACC-01-D1366-server_error","ACC-01","ترحيب واختيار الدخول أو إنشاء منشأة","ACC","D","1366","server_error","خطأ خادم","أساسي","C-FRAME C-BTN C-NOTICE","06-D2-Shifts-Access.dc.html","owner_approved","not_drawn",""
"ACC-01-D1920-ready","ACC-01","ترحيب واختيار الدخول أو إنشاء منشأة","ACC","D","1920","ready","جاهز","أساسي","C-FRAME C-BTN C-NOTICE","06-D2-Shifts-Access.dc.html","owner_approved","not_drawn",""
"ACC-01-D1920-offline","ACC-01","ترحيب واختيار الدخول أو إنشاء منشأة","ACC","D","1920","offline","بلا اتصال","أساسي","C-FRAME C-BTN C-NOTICE","06-D2-Shifts-Access.dc.html","owner_approved","not_drawn",""
"ACC-01-D1920-server_error","ACC-01","ترحيب واختيار الدخول أو إنشاء منشأة","ACC","D","1920","server_error","خطأ خادم","أساسي","C-FRAME C-BTN C-NOTICE","06-D2-Shifts-Access.dc.html","owner_approved","not_drawn",""
"ACC-02-W390-ready","ACC-02","تسجيل ودخول واستعادة الوصول","ACC","W","390","ready","جاهز","أساسي","C-FIELD C-BTN C-NOTICE","06-D2-Shifts-Access.dc.html","owner_approved","not_drawn",""
"ACC-02-W390-loading","ACC-02","تسجيل ودخول واستعادة الوصول","ACC","W","390","loading","تحميل","أساسي","C-FIELD C-BTN C-NOTICE","06-D2-Shifts-Access.dc.html","owner_approved","not_drawn",""
"ACC-02-W390-validation_error","ACC-02","تسجيل ودخول واستعادة الوصول","ACC","W","390","validation_error","خطأ تحقق","أساسي","C-FIELD C-BTN C-NOTICE","06-D2-Shifts-Access.dc.html","owner_approved","not_drawn",""
"ACC-02-W390-offline","ACC-02","تسجيل ودخول واستعادة الوصول","ACC","W","390","offline","بلا اتصال","أساسي","C-FIELD C-BTN C-NOTICE","06-D2-Shifts-Access.dc.html","owner_approved","not_drawn",""
"ACC-02-W390-expired","ACC-02","تسجيل ودخول واستعادة الوصول","ACC","W","390","expired","منتهي الصلاحية","أساسي","C-FIELD C-BTN C-NOTICE","06-D2-Shifts-Access.dc.html","owner_approved","not_drawn",""
"ACC-02-W390-server_error","ACC-02","تسجيل ودخول واستعادة الوصول","ACC","W","390","server_error","خطأ خادم","أساسي","C-FIELD C-BTN C-NOTICE","06-D2-Shifts-Access.dc.html","owner_approved","not_drawn",""
"ACC-02-W390-success","ACC-02","تسجيل ودخول واستعادة الوصول","ACC","W","390","success","نجاح","أساسي","C-FIELD C-BTN C-NOTICE","06-D2-Shifts-Access.dc.html","owner_approved","not_drawn",""
"ACC-02-W834-ready","ACC-02","تسجيل ودخول واستعادة الوصول","ACC","W","834","ready","جاهز","أساسي","C-FIELD C-BTN C-NOTICE","06-D2-Shifts-Access.dc.html","owner_approved","not_drawn",""
"ACC-02-W834-loading","ACC-02","تسجيل ودخول واستعادة الوصول","ACC","W","834","loading","تحميل","أساسي","C-FIELD C-BTN C-NOTICE","06-D2-Shifts-Access.dc.html","owner_approved","not_drawn",""
"ACC-02-W834-validation_error","ACC-02","تسجيل ودخول واستعادة الوصول","ACC","W","834","validation_error","خطأ تحقق","أساسي","C-FIELD C-BTN C-NOTICE","06-D2-Shifts-Access.dc.html","owner_approved","not_drawn",""
"ACC-02-W834-offline","ACC-02","تسجيل ودخول واستعادة الوصول","ACC","W","834","offline","بلا اتصال","أساسي","C-FIELD C-BTN C-NOTICE","06-D2-Shifts-Access.dc.html","owner_approved","not_drawn",""
"ACC-02-W834-expired","ACC-02","تسجيل ودخول واستعادة الوصول","ACC","W","834","expired","منتهي الصلاحية","أساسي","C-FIELD C-BTN C-NOTICE","06-D2-Shifts-Access.dc.html","owner_approved","not_drawn",""
"ACC-02-W834-server_error","ACC-02","تسجيل ودخول واستعادة الوصول","ACC","W","834","server_error","خطأ خادم","أساسي","C-FIELD C-BTN C-NOTICE","06-D2-Shifts-Access.dc.html","owner_approved","not_drawn",""
"ACC-02-W834-success","ACC-02","تسجيل ودخول واستعادة الوصول","ACC","W","834","success","نجاح","أساسي","C-FIELD C-BTN C-NOTICE","06-D2-Shifts-Access.dc.html","owner_approved","not_drawn",""
"ACC-02-W1440-ready","ACC-02","تسجيل ودخول واستعادة الوصول","ACC","W","1440","ready","جاهز","أساسي","C-FIELD C-BTN C-NOTICE","06-D2-Shifts-Access.dc.html","owner_approved","drawn","06-D2-Shifts-Access.dc.html#ACC-02"
"ACC-02-W1440-loading","ACC-02","تسجيل ودخول واستعادة الوصول","ACC","W","1440","loading","تحميل","أساسي","C-FIELD C-BTN C-NOTICE","06-D2-Shifts-Access.dc.html","owner_approved","drawn","34-D26-Access-All-States.dc.html#ACC-02"
"ACC-02-W1440-validation_error","ACC-02","تسجيل ودخول واستعادة الوصول","ACC","W","1440","validation_error","خطأ تحقق","أساسي","C-FIELD C-BTN C-NOTICE","06-D2-Shifts-Access.dc.html","owner_approved","drawn","34-D26-Access-All-States.dc.html#ACC-02"
"ACC-02-W1440-offline","ACC-02","تسجيل ودخول واستعادة الوصول","ACC","W","1440","offline","بلا اتصال","أساسي","C-FIELD C-BTN C-NOTICE","06-D2-Shifts-Access.dc.html","owner_approved","drawn","34-D26-Access-All-States.dc.html#ACC-02"
"ACC-02-W1440-expired","ACC-02","تسجيل ودخول واستعادة الوصول","ACC","W","1440","expired","منتهي الصلاحية","أساسي","C-FIELD C-BTN C-NOTICE","06-D2-Shifts-Access.dc.html","owner_approved","drawn","34-D26-Access-All-States.dc.html#ACC-02"
"ACC-02-W1440-server_error","ACC-02","تسجيل ودخول واستعادة الوصول","ACC","W","1440","server_error","خطأ خادم","أساسي","C-FIELD C-BTN C-NOTICE","06-D2-Shifts-Access.dc.html","owner_approved","not_drawn",""
"ACC-02-W1440-success","ACC-02","تسجيل ودخول واستعادة الوصول","ACC","W","1440","success","نجاح","أساسي","C-FIELD C-BTN C-NOTICE","06-D2-Shifts-Access.dc.html","owner_approved","drawn","34-D26-Access-All-States.dc.html#ACC-02"
"ACC-02-M390-ready","ACC-02","تسجيل ودخول واستعادة الوصول","ACC","M","390","ready","جاهز","أساسي","C-FIELD C-BTN C-NOTICE","06-D2-Shifts-Access.dc.html","owner_approved","drawn","13-D8-Decisions-Applied.dc.html#ACC-02"
"ACC-02-M390-loading","ACC-02","تسجيل ودخول واستعادة الوصول","ACC","M","390","loading","تحميل","أساسي","C-FIELD C-BTN C-NOTICE","06-D2-Shifts-Access.dc.html","owner_approved","not_drawn",""
"ACC-02-M390-validation_error","ACC-02","تسجيل ودخول واستعادة الوصول","ACC","M","390","validation_error","خطأ تحقق","أساسي","C-FIELD C-BTN C-NOTICE","06-D2-Shifts-Access.dc.html","owner_approved","not_drawn",""
"ACC-02-M390-offline","ACC-02","تسجيل ودخول واستعادة الوصول","ACC","M","390","offline","بلا اتصال","أساسي","C-FIELD C-BTN C-NOTICE","06-D2-Shifts-Access.dc.html","owner_approved","not_drawn",""
"ACC-02-M390-expired","ACC-02","تسجيل ودخول واستعادة الوصول","ACC","M","390","expired","منتهي الصلاحية","أساسي","C-FIELD C-BTN C-NOTICE","06-D2-Shifts-Access.dc.html","owner_approved","not_drawn",""
"ACC-02-M390-server_error","ACC-02","تسجيل ودخول واستعادة الوصول","ACC","M","390","server_error","خطأ خادم","أساسي","C-FIELD C-BTN C-NOTICE","06-D2-Shifts-Access.dc.html","owner_approved","drawn","13-D8-Decisions-Applied.dc.html#ACC-02"
"ACC-02-M390-success","ACC-02","تسجيل ودخول واستعادة الوصول","ACC","M","390","success","نجاح","أساسي","C-FIELD C-BTN C-NOTICE","06-D2-Shifts-Access.dc.html","owner_approved","not_drawn",""
"ACC-02-D1366-ready","ACC-02","تسجيل ودخول واستعادة الوصول","ACC","D","1366","ready","جاهز","أساسي","C-FIELD C-BTN C-NOTICE","06-D2-Shifts-Access.dc.html","owner_approved","not_drawn",""
"ACC-02-D1366-loading","ACC-02","تسجيل ودخول واستعادة الوصول","ACC","D","1366","loading","تحميل","أساسي","C-FIELD C-BTN C-NOTICE","06-D2-Shifts-Access.dc.html","owner_approved","not_drawn",""
"ACC-02-D1366-validation_error","ACC-02","تسجيل ودخول واستعادة الوصول","ACC","D","1366","validation_error","خطأ تحقق","أساسي","C-FIELD C-BTN C-NOTICE","06-D2-Shifts-Access.dc.html","owner_approved","not_drawn",""
"ACC-02-D1366-offline","ACC-02","تسجيل ودخول واستعادة الوصول","ACC","D","1366","offline","بلا اتصال","أساسي","C-FIELD C-BTN C-NOTICE","06-D2-Shifts-Access.dc.html","owner_approved","not_drawn",""
"ACC-02-D1366-expired","ACC-02","تسجيل ودخول واستعادة الوصول","ACC","D","1366","expired","منتهي الصلاحية","أساسي","C-FIELD C-BTN C-NOTICE","06-D2-Shifts-Access.dc.html","owner_approved","not_drawn",""
"ACC-02-D1366-server_error","ACC-02","تسجيل ودخول واستعادة الوصول","ACC","D","1366","server_error","خطأ خادم","أساسي","C-FIELD C-BTN C-NOTICE","06-D2-Shifts-Access.dc.html","owner_approved","not_drawn",""
"ACC-02-D1366-success","ACC-02","تسجيل ودخول واستعادة الوصول","ACC","D","1366","success","نجاح","أساسي","C-FIELD C-BTN C-NOTICE","06-D2-Shifts-Access.dc.html","owner_approved","not_drawn",""
"ACC-02-D1920-ready","ACC-02","تسجيل ودخول واستعادة الوصول","ACC","D","1920","ready","جاهز","أساسي","C-FIELD C-BTN C-NOTICE","06-D2-Shifts-Access.dc.html","owner_approved","not_drawn",""
"ACC-02-D1920-loading","ACC-02","تسجيل ودخول واستعادة الوصول","ACC","D","1920","loading","تحميل","أساسي","C-FIELD C-BTN C-NOTICE","06-D2-Shifts-Access.dc.html","owner_approved","not_drawn",""
"ACC-02-D1920-validation_error","ACC-02","تسجيل ودخول واستعادة الوصول","ACC","D","1920","validation_error","خطأ تحقق","أساسي","C-FIELD C-BTN C-NOTICE","06-D2-Shifts-Access.dc.html","owner_approved","not_drawn",""
"ACC-02-D1920-offline","ACC-02","تسجيل ودخول واستعادة الوصول","ACC","D","1920","offline","بلا اتصال","أساسي","C-FIELD C-BTN C-NOTICE","06-D2-Shifts-Access.dc.html","owner_approved","not_drawn",""
"ACC-02-D1920-expired","ACC-02","تسجيل ودخول واستعادة الوصول","ACC","D","1920","expired","منتهي الصلاحية","أساسي","C-FIELD C-BTN C-NOTICE","06-D2-Shifts-Access.dc.html","owner_approved","not_drawn",""
"ACC-02-D1920-server_error","ACC-02","تسجيل ودخول واستعادة الوصول","ACC","D","1920","server_error","خطأ خادم","أساسي","C-FIELD C-BTN C-NOTICE","06-D2-Shifts-Access.dc.html","owner_approved","not_drawn",""
"ACC-02-D1920-success","ACC-02","تسجيل ودخول واستعادة الوصول","ACC","D","1920","success","نجاح","أساسي","C-FIELD C-BTN C-NOTICE","06-D2-Shifts-Access.dc.html","owner_approved","not_drawn",""
"ACC-03-W390-ready","ACC-03","اختيار المنشأة والفرع","ACC","W","390","ready","جاهز","أساسي","C-ORGSW C-PICK C-NOTICE","06-D2-Shifts-Access.dc.html","owner_approved","not_drawn",""
"ACC-03-W390-loading","ACC-03","اختيار المنشأة والفرع","ACC","W","390","loading","تحميل","أساسي","C-ORGSW C-PICK C-NOTICE","06-D2-Shifts-Access.dc.html","owner_approved","not_drawn",""
"ACC-03-W390-empty","ACC-03","اختيار المنشأة والفرع","ACC","W","390","empty","فارغ","أساسي","C-ORGSW C-PICK C-NOTICE","06-D2-Shifts-Access.dc.html","owner_approved","not_drawn",""
"ACC-03-W390-permission_denied","ACC-03","اختيار المنشأة والفرع","ACC","W","390","permission_denied","صلاحية مرفوضة","أساسي","C-ORGSW C-PICK C-NOTICE","06-D2-Shifts-Access.dc.html","owner_approved","not_drawn",""
"ACC-03-W390-offline","ACC-03","اختيار المنشأة والفرع","ACC","W","390","offline","بلا اتصال","أساسي","C-ORGSW C-PICK C-NOTICE","06-D2-Shifts-Access.dc.html","owner_approved","not_drawn",""
"ACC-03-W390-stale","ACC-03","اختيار المنشأة والفرع","ACC","W","390","stale","بيانات قديمة","أساسي","C-ORGSW C-PICK C-NOTICE","06-D2-Shifts-Access.dc.html","owner_approved","not_drawn",""
"ACC-03-W834-ready","ACC-03","اختيار المنشأة والفرع","ACC","W","834","ready","جاهز","أساسي","C-ORGSW C-PICK C-NOTICE","06-D2-Shifts-Access.dc.html","owner_approved","not_drawn",""
"ACC-03-W834-loading","ACC-03","اختيار المنشأة والفرع","ACC","W","834","loading","تحميل","أساسي","C-ORGSW C-PICK C-NOTICE","06-D2-Shifts-Access.dc.html","owner_approved","not_drawn",""
"ACC-03-W834-empty","ACC-03","اختيار المنشأة والفرع","ACC","W","834","empty","فارغ","أساسي","C-ORGSW C-PICK C-NOTICE","06-D2-Shifts-Access.dc.html","owner_approved","not_drawn",""
"ACC-03-W834-permission_denied","ACC-03","اختيار المنشأة والفرع","ACC","W","834","permission_denied","صلاحية مرفوضة","أساسي","C-ORGSW C-PICK C-NOTICE","06-D2-Shifts-Access.dc.html","owner_approved","not_drawn",""
"ACC-03-W834-offline","ACC-03","اختيار المنشأة والفرع","ACC","W","834","offline","بلا اتصال","أساسي","C-ORGSW C-PICK C-NOTICE","06-D2-Shifts-Access.dc.html","owner_approved","not_drawn",""
"ACC-03-W834-stale","ACC-03","اختيار المنشأة والفرع","ACC","W","834","stale","بيانات قديمة","أساسي","C-ORGSW C-PICK C-NOTICE","06-D2-Shifts-Access.dc.html","owner_approved","not_drawn",""
"ACC-03-W1440-ready","ACC-03","اختيار المنشأة والفرع","ACC","W","1440","ready","جاهز","أساسي","C-ORGSW C-PICK C-NOTICE","06-D2-Shifts-Access.dc.html","owner_approved","not_drawn",""
"ACC-03-W1440-loading","ACC-03","اختيار المنشأة والفرع","ACC","W","1440","loading","تحميل","أساسي","C-ORGSW C-PICK C-NOTICE","06-D2-Shifts-Access.dc.html","owner_approved","drawn","34-D26-Access-All-States.dc.html#ACC-03"
"ACC-03-W1440-empty","ACC-03","اختيار المنشأة والفرع","ACC","W","1440","empty","فارغ","أساسي","C-ORGSW C-PICK C-NOTICE","06-D2-Shifts-Access.dc.html","owner_approved","drawn","34-D26-Access-All-States.dc.html#ACC-03"
"ACC-03-W1440-permission_denied","ACC-03","اختيار المنشأة والفرع","ACC","W","1440","permission_denied","صلاحية مرفوضة","أساسي","C-ORGSW C-PICK C-NOTICE","06-D2-Shifts-Access.dc.html","owner_approved","not_drawn",""
"ACC-03-W1440-offline","ACC-03","اختيار المنشأة والفرع","ACC","W","1440","offline","بلا اتصال","أساسي","C-ORGSW C-PICK C-NOTICE","06-D2-Shifts-Access.dc.html","owner_approved","drawn","34-D26-Access-All-States.dc.html#ACC-03"
"ACC-03-W1440-stale","ACC-03","اختيار المنشأة والفرع","ACC","W","1440","stale","بيانات قديمة","أساسي","C-ORGSW C-PICK C-NOTICE","06-D2-Shifts-Access.dc.html","owner_approved","drawn","34-D26-Access-All-States.dc.html#ACC-03"
"ACC-03-M390-ready","ACC-03","اختيار المنشأة والفرع","ACC","M","390","ready","جاهز","أساسي","C-ORGSW C-PICK C-NOTICE","06-D2-Shifts-Access.dc.html","owner_approved","drawn","28-D21-Access-Inventory-Complete.dc.html#ACC-03"
"ACC-03-M390-loading","ACC-03","اختيار المنشأة والفرع","ACC","M","390","loading","تحميل","أساسي","C-ORGSW C-PICK C-NOTICE","06-D2-Shifts-Access.dc.html","owner_approved","not_drawn",""
"ACC-03-M390-empty","ACC-03","اختيار المنشأة والفرع","ACC","M","390","empty","فارغ","أساسي","C-ORGSW C-PICK C-NOTICE","06-D2-Shifts-Access.dc.html","owner_approved","not_drawn",""
"ACC-03-M390-permission_denied","ACC-03","اختيار المنشأة والفرع","ACC","M","390","permission_denied","صلاحية مرفوضة","أساسي","C-ORGSW C-PICK C-NOTICE","06-D2-Shifts-Access.dc.html","owner_approved","drawn","28-D21-Access-Inventory-Complete.dc.html#ACC-03"
"ACC-03-M390-offline","ACC-03","اختيار المنشأة والفرع","ACC","M","390","offline","بلا اتصال","أساسي","C-ORGSW C-PICK C-NOTICE","06-D2-Shifts-Access.dc.html","owner_approved","not_drawn",""
"ACC-03-M390-stale","ACC-03","اختيار المنشأة والفرع","ACC","M","390","stale","بيانات قديمة","أساسي","C-ORGSW C-PICK C-NOTICE","06-D2-Shifts-Access.dc.html","owner_approved","not_drawn",""
"ACC-03-D1366-ready","ACC-03","اختيار المنشأة والفرع","ACC","D","1366","ready","جاهز","أساسي","C-ORGSW C-PICK C-NOTICE","06-D2-Shifts-Access.dc.html","owner_approved","not_drawn",""
"ACC-03-D1366-loading","ACC-03","اختيار المنشأة والفرع","ACC","D","1366","loading","تحميل","أساسي","C-ORGSW C-PICK C-NOTICE","06-D2-Shifts-Access.dc.html","owner_approved","not_drawn",""
"ACC-03-D1366-empty","ACC-03","اختيار المنشأة والفرع","ACC","D","1366","empty","فارغ","أساسي","C-ORGSW C-PICK C-NOTICE","06-D2-Shifts-Access.dc.html","owner_approved","not_drawn",""
"ACC-03-D1366-permission_denied","ACC-03","اختيار المنشأة والفرع","ACC","D","1366","permission_denied","صلاحية مرفوضة","أساسي","C-ORGSW C-PICK C-NOTICE","06-D2-Shifts-Access.dc.html","owner_approved","not_drawn",""
"ACC-03-D1366-offline","ACC-03","اختيار المنشأة والفرع","ACC","D","1366","offline","بلا اتصال","أساسي","C-ORGSW C-PICK C-NOTICE","06-D2-Shifts-Access.dc.html","owner_approved","not_drawn",""
"ACC-03-D1366-stale","ACC-03","اختيار المنشأة والفرع","ACC","D","1366","stale","بيانات قديمة","أساسي","C-ORGSW C-PICK C-NOTICE","06-D2-Shifts-Access.dc.html","owner_approved","not_drawn",""
"ACC-03-D1920-ready","ACC-03","اختيار المنشأة والفرع","ACC","D","1920","ready","جاهز","أساسي","C-ORGSW C-PICK C-NOTICE","06-D2-Shifts-Access.dc.html","owner_approved","not_drawn",""
"ACC-03-D1920-loading","ACC-03","اختيار المنشأة والفرع","ACC","D","1920","loading","تحميل","أساسي","C-ORGSW C-PICK C-NOTICE","06-D2-Shifts-Access.dc.html","owner_approved","not_drawn",""
"ACC-03-D1920-empty","ACC-03","اختيار المنشأة والفرع","ACC","D","1920","empty","فارغ","أساسي","C-ORGSW C-PICK C-NOTICE","06-D2-Shifts-Access.dc.html","owner_approved","not_drawn",""
"ACC-03-D1920-permission_denied","ACC-03","اختيار المنشأة والفرع","ACC","D","1920","permission_denied","صلاحية مرفوضة","أساسي","C-ORGSW C-PICK C-NOTICE","06-D2-Shifts-Access.dc.html","owner_approved","not_drawn",""
"ACC-03-D1920-offline","ACC-03","اختيار المنشأة والفرع","ACC","D","1920","offline","بلا اتصال","أساسي","C-ORGSW C-PICK C-NOTICE","06-D2-Shifts-Access.dc.html","owner_approved","not_drawn",""
"ACC-03-D1920-stale","ACC-03","اختيار المنشأة والفرع","ACC","D","1920","stale","بيانات قديمة","أساسي","C-ORGSW C-PICK C-NOTICE","06-D2-Shifts-Access.dc.html","owner_approved","not_drawn",""
"ACC-04-W390-ready","ACC-04","إنشاء المنشأة ووصفة القطاع","ACC","W","390","ready","جاهز","أساسي","C-FIELD C-DIALOG C-NOTICE","06-D2-Shifts-Access.dc.html","owner_approved","not_drawn",""
"ACC-04-W390-validation_error","ACC-04","إنشاء المنشأة ووصفة القطاع","ACC","W","390","validation_error","خطأ تحقق","أساسي","C-FIELD C-DIALOG C-NOTICE","06-D2-Shifts-Access.dc.html","owner_approved","not_drawn",""
"ACC-04-W390-saving","ACC-04","إنشاء المنشأة ووصفة القطاع","ACC","W","390","saving","جارٍ الحفظ","أساسي","C-FIELD C-DIALOG C-NOTICE","06-D2-Shifts-Access.dc.html","owner_approved","not_drawn",""
"ACC-04-W390-success","ACC-04","إنشاء المنشأة ووصفة القطاع","ACC","W","390","success","نجاح","أساسي","C-FIELD C-DIALOG C-NOTICE","06-D2-Shifts-Access.dc.html","owner_approved","not_drawn",""
"ACC-04-W390-server_error","ACC-04","إنشاء المنشأة ووصفة القطاع","ACC","W","390","server_error","خطأ خادم","أساسي","C-FIELD C-DIALOG C-NOTICE","06-D2-Shifts-Access.dc.html","owner_approved","not_drawn",""
"ACC-04-W834-ready","ACC-04","إنشاء المنشأة ووصفة القطاع","ACC","W","834","ready","جاهز","أساسي","C-FIELD C-DIALOG C-NOTICE","06-D2-Shifts-Access.dc.html","owner_approved","not_drawn",""
"ACC-04-W834-validation_error","ACC-04","إنشاء المنشأة ووصفة القطاع","ACC","W","834","validation_error","خطأ تحقق","أساسي","C-FIELD C-DIALOG C-NOTICE","06-D2-Shifts-Access.dc.html","owner_approved","not_drawn",""
"ACC-04-W834-saving","ACC-04","إنشاء المنشأة ووصفة القطاع","ACC","W","834","saving","جارٍ الحفظ","أساسي","C-FIELD C-DIALOG C-NOTICE","06-D2-Shifts-Access.dc.html","owner_approved","not_drawn",""
"ACC-04-W834-success","ACC-04","إنشاء المنشأة ووصفة القطاع","ACC","W","834","success","نجاح","أساسي","C-FIELD C-DIALOG C-NOTICE","06-D2-Shifts-Access.dc.html","owner_approved","not_drawn",""
"ACC-04-W834-server_error","ACC-04","إنشاء المنشأة ووصفة القطاع","ACC","W","834","server_error","خطأ خادم","أساسي","C-FIELD C-DIALOG C-NOTICE","06-D2-Shifts-Access.dc.html","owner_approved","not_drawn",""
"ACC-04-W1440-ready","ACC-04","إنشاء المنشأة ووصفة القطاع","ACC","W","1440","ready","جاهز","أساسي","C-FIELD C-DIALOG C-NOTICE","06-D2-Shifts-Access.dc.html","owner_approved","not_drawn",""
"ACC-04-W1440-validation_error","ACC-04","إنشاء المنشأة ووصفة القطاع","ACC","W","1440","validation_error","خطأ تحقق","أساسي","C-FIELD C-DIALOG C-NOTICE","06-D2-Shifts-Access.dc.html","owner_approved","drawn","34-D26-Access-All-States.dc.html#ACC-04"
"ACC-04-W1440-saving","ACC-04","إنشاء المنشأة ووصفة القطاع","ACC","W","1440","saving","جارٍ الحفظ","أساسي","C-FIELD C-DIALOG C-NOTICE","06-D2-Shifts-Access.dc.html","owner_approved","drawn","34-D26-Access-All-States.dc.html#ACC-04"
"ACC-04-W1440-success","ACC-04","إنشاء المنشأة ووصفة القطاع","ACC","W","1440","success","نجاح","أساسي","C-FIELD C-DIALOG C-NOTICE","06-D2-Shifts-Access.dc.html","owner_approved","drawn","34-D26-Access-All-States.dc.html#ACC-04"
"ACC-04-W1440-server_error","ACC-04","إنشاء المنشأة ووصفة القطاع","ACC","W","1440","server_error","خطأ خادم","أساسي","C-FIELD C-DIALOG C-NOTICE","06-D2-Shifts-Access.dc.html","owner_approved","drawn","34-D26-Access-All-States.dc.html#ACC-04"
"ACC-04-M390-ready","ACC-04","إنشاء المنشأة ووصفة القطاع","ACC","M","390","ready","جاهز","أساسي","C-FIELD C-DIALOG C-NOTICE","06-D2-Shifts-Access.dc.html","owner_approved","drawn","28-D21-Access-Inventory-Complete.dc.html#ACC-04"
"ACC-04-M390-validation_error","ACC-04","إنشاء المنشأة ووصفة القطاع","ACC","M","390","validation_error","خطأ تحقق","أساسي","C-FIELD C-DIALOG C-NOTICE","06-D2-Shifts-Access.dc.html","owner_approved","not_drawn",""
"ACC-04-M390-saving","ACC-04","إنشاء المنشأة ووصفة القطاع","ACC","M","390","saving","جارٍ الحفظ","أساسي","C-FIELD C-DIALOG C-NOTICE","06-D2-Shifts-Access.dc.html","owner_approved","not_drawn",""
"ACC-04-M390-success","ACC-04","إنشاء المنشأة ووصفة القطاع","ACC","M","390","success","نجاح","أساسي","C-FIELD C-DIALOG C-NOTICE","06-D2-Shifts-Access.dc.html","owner_approved","not_drawn",""
"ACC-04-M390-server_error","ACC-04","إنشاء المنشأة ووصفة القطاع","ACC","M","390","server_error","خطأ خادم","أساسي","C-FIELD C-DIALOG C-NOTICE","06-D2-Shifts-Access.dc.html","owner_approved","not_drawn",""
"ACC-04-D1366-ready","ACC-04","إنشاء المنشأة ووصفة القطاع","ACC","D","1366","ready","جاهز","أساسي","C-FIELD C-DIALOG C-NOTICE","06-D2-Shifts-Access.dc.html","owner_approved","not_drawn",""
"ACC-04-D1366-validation_error","ACC-04","إنشاء المنشأة ووصفة القطاع","ACC","D","1366","validation_error","خطأ تحقق","أساسي","C-FIELD C-DIALOG C-NOTICE","06-D2-Shifts-Access.dc.html","owner_approved","not_drawn",""
"ACC-04-D1366-saving","ACC-04","إنشاء المنشأة ووصفة القطاع","ACC","D","1366","saving","جارٍ الحفظ","أساسي","C-FIELD C-DIALOG C-NOTICE","06-D2-Shifts-Access.dc.html","owner_approved","not_drawn",""
"ACC-04-D1366-success","ACC-04","إنشاء المنشأة ووصفة القطاع","ACC","D","1366","success","نجاح","أساسي","C-FIELD C-DIALOG C-NOTICE","06-D2-Shifts-Access.dc.html","owner_approved","not_drawn",""
"ACC-04-D1366-server_error","ACC-04","إنشاء المنشأة ووصفة القطاع","ACC","D","1366","server_error","خطأ خادم","أساسي","C-FIELD C-DIALOG C-NOTICE","06-D2-Shifts-Access.dc.html","owner_approved","not_drawn",""
"ACC-04-D1920-ready","ACC-04","إنشاء المنشأة ووصفة القطاع","ACC","D","1920","ready","جاهز","أساسي","C-FIELD C-DIALOG C-NOTICE","06-D2-Shifts-Access.dc.html","owner_approved","not_drawn",""
"ACC-04-D1920-validation_error","ACC-04","إنشاء المنشأة ووصفة القطاع","ACC","D","1920","validation_error","خطأ تحقق","أساسي","C-FIELD C-DIALOG C-NOTICE","06-D2-Shifts-Access.dc.html","owner_approved","not_drawn",""
"ACC-04-D1920-saving","ACC-04","إنشاء المنشأة ووصفة القطاع","ACC","D","1920","saving","جارٍ الحفظ","أساسي","C-FIELD C-DIALOG C-NOTICE","06-D2-Shifts-Access.dc.html","owner_approved","not_drawn",""
"ACC-04-D1920-success","ACC-04","إنشاء المنشأة ووصفة القطاع","ACC","D","1920","success","نجاح","أساسي","C-FIELD C-DIALOG C-NOTICE","06-D2-Shifts-Access.dc.html","owner_approved","not_drawn",""
"ACC-04-D1920-server_error","ACC-04","إنشاء المنشأة ووصفة القطاع","ACC","D","1920","server_error","خطأ خادم","أساسي","C-FIELD C-DIALOG C-NOTICE","06-D2-Shifts-Access.dc.html","owner_approved","not_drawn",""
"ACC-05-W390-loading","ACC-05","تجهيز الجهاز والتنزيل الأول","ACC","W","390","loading","تحميل","أساسي","C-NOTICE C-SYNC C-BTN","06-D2-Shifts-Access.dc.html","owner_approved","not_drawn",""
"ACC-05-W390-offline","ACC-05","تجهيز الجهاز والتنزيل الأول","ACC","W","390","offline","بلا اتصال","أساسي","C-NOTICE C-SYNC C-BTN","06-D2-Shifts-Access.dc.html","owner_approved","not_drawn",""
"ACC-05-W390-partial","ACC-05","تجهيز الجهاز والتنزيل الأول","ACC","W","390","partial","جزئي","أساسي","C-NOTICE C-SYNC C-BTN","06-D2-Shifts-Access.dc.html","owner_approved","not_drawn",""
"ACC-05-W390-stale","ACC-05","تجهيز الجهاز والتنزيل الأول","ACC","W","390","stale","بيانات قديمة","أساسي","C-NOTICE C-SYNC C-BTN","06-D2-Shifts-Access.dc.html","owner_approved","not_drawn",""
"ACC-05-W390-server_error","ACC-05","تجهيز الجهاز والتنزيل الأول","ACC","W","390","server_error","خطأ خادم","أساسي","C-NOTICE C-SYNC C-BTN","06-D2-Shifts-Access.dc.html","owner_approved","not_drawn",""
"ACC-05-W390-success","ACC-05","تجهيز الجهاز والتنزيل الأول","ACC","W","390","success","نجاح","أساسي","C-NOTICE C-SYNC C-BTN","06-D2-Shifts-Access.dc.html","owner_approved","not_drawn",""
"ACC-05-W834-loading","ACC-05","تجهيز الجهاز والتنزيل الأول","ACC","W","834","loading","تحميل","أساسي","C-NOTICE C-SYNC C-BTN","06-D2-Shifts-Access.dc.html","owner_approved","not_drawn",""
"ACC-05-W834-offline","ACC-05","تجهيز الجهاز والتنزيل الأول","ACC","W","834","offline","بلا اتصال","أساسي","C-NOTICE C-SYNC C-BTN","06-D2-Shifts-Access.dc.html","owner_approved","not_drawn",""
"ACC-05-W834-partial","ACC-05","تجهيز الجهاز والتنزيل الأول","ACC","W","834","partial","جزئي","أساسي","C-NOTICE C-SYNC C-BTN","06-D2-Shifts-Access.dc.html","owner_approved","not_drawn",""
"ACC-05-W834-stale","ACC-05","تجهيز الجهاز والتنزيل الأول","ACC","W","834","stale","بيانات قديمة","أساسي","C-NOTICE C-SYNC C-BTN","06-D2-Shifts-Access.dc.html","owner_approved","not_drawn",""
"ACC-05-W834-server_error","ACC-05","تجهيز الجهاز والتنزيل الأول","ACC","W","834","server_error","خطأ خادم","أساسي","C-NOTICE C-SYNC C-BTN","06-D2-Shifts-Access.dc.html","owner_approved","not_drawn",""
"ACC-05-W834-success","ACC-05","تجهيز الجهاز والتنزيل الأول","ACC","W","834","success","نجاح","أساسي","C-NOTICE C-SYNC C-BTN","06-D2-Shifts-Access.dc.html","owner_approved","not_drawn",""
"ACC-05-W1440-loading","ACC-05","تجهيز الجهاز والتنزيل الأول","ACC","W","1440","loading","تحميل","أساسي","C-NOTICE C-SYNC C-BTN","06-D2-Shifts-Access.dc.html","owner_approved","drawn","34-D26-Access-All-States.dc.html#ACC-05"
"ACC-05-W1440-offline","ACC-05","تجهيز الجهاز والتنزيل الأول","ACC","W","1440","offline","بلا اتصال","أساسي","C-NOTICE C-SYNC C-BTN","06-D2-Shifts-Access.dc.html","owner_approved","not_drawn",""
"ACC-05-W1440-partial","ACC-05","تجهيز الجهاز والتنزيل الأول","ACC","W","1440","partial","جزئي","أساسي","C-NOTICE C-SYNC C-BTN","06-D2-Shifts-Access.dc.html","owner_approved","drawn","34-D26-Access-All-States.dc.html#ACC-05"
"ACC-05-W1440-stale","ACC-05","تجهيز الجهاز والتنزيل الأول","ACC","W","1440","stale","بيانات قديمة","أساسي","C-NOTICE C-SYNC C-BTN","06-D2-Shifts-Access.dc.html","owner_approved","drawn","34-D26-Access-All-States.dc.html#ACC-05"
"ACC-05-W1440-server_error","ACC-05","تجهيز الجهاز والتنزيل الأول","ACC","W","1440","server_error","خطأ خادم","أساسي","C-NOTICE C-SYNC C-BTN","06-D2-Shifts-Access.dc.html","owner_approved","drawn","34-D26-Access-All-States.dc.html#ACC-05"
"ACC-05-W1440-success","ACC-05","تجهيز الجهاز والتنزيل الأول","ACC","W","1440","success","نجاح","أساسي","C-NOTICE C-SYNC C-BTN","06-D2-Shifts-Access.dc.html","owner_approved","drawn","34-D26-Access-All-States.dc.html#ACC-05"
"ACC-05-M390-loading","ACC-05","تجهيز الجهاز والتنزيل الأول","ACC","M","390","loading","تحميل","أساسي","C-NOTICE C-SYNC C-BTN","06-D2-Shifts-Access.dc.html","owner_approved","not_drawn",""
"ACC-05-M390-offline","ACC-05","تجهيز الجهاز والتنزيل الأول","ACC","M","390","offline","بلا اتصال","أساسي","C-NOTICE C-SYNC C-BTN","06-D2-Shifts-Access.dc.html","owner_approved","drawn","28-D21-Access-Inventory-Complete.dc.html#ACC-05"
"ACC-05-M390-partial","ACC-05","تجهيز الجهاز والتنزيل الأول","ACC","M","390","partial","جزئي","أساسي","C-NOTICE C-SYNC C-BTN","06-D2-Shifts-Access.dc.html","owner_approved","not_drawn",""
"ACC-05-M390-stale","ACC-05","تجهيز الجهاز والتنزيل الأول","ACC","M","390","stale","بيانات قديمة","أساسي","C-NOTICE C-SYNC C-BTN","06-D2-Shifts-Access.dc.html","owner_approved","not_drawn",""
"ACC-05-M390-server_error","ACC-05","تجهيز الجهاز والتنزيل الأول","ACC","M","390","server_error","خطأ خادم","أساسي","C-NOTICE C-SYNC C-BTN","06-D2-Shifts-Access.dc.html","owner_approved","not_drawn",""
"ACC-05-M390-success","ACC-05","تجهيز الجهاز والتنزيل الأول","ACC","M","390","success","نجاح","أساسي","C-NOTICE C-SYNC C-BTN","06-D2-Shifts-Access.dc.html","owner_approved","not_drawn",""
"ACC-05-D1366-loading","ACC-05","تجهيز الجهاز والتنزيل الأول","ACC","D","1366","loading","تحميل","أساسي","C-NOTICE C-SYNC C-BTN","06-D2-Shifts-Access.dc.html","owner_approved","not_drawn",""
"ACC-05-D1366-offline","ACC-05","تجهيز الجهاز والتنزيل الأول","ACC","D","1366","offline","بلا اتصال","أساسي","C-NOTICE C-SYNC C-BTN","06-D2-Shifts-Access.dc.html","owner_approved","not_drawn",""
"ACC-05-D1366-partial","ACC-05","تجهيز الجهاز والتنزيل الأول","ACC","D","1366","partial","جزئي","أساسي","C-NOTICE C-SYNC C-BTN","06-D2-Shifts-Access.dc.html","owner_approved","not_drawn",""
"ACC-05-D1366-stale","ACC-05","تجهيز الجهاز والتنزيل الأول","ACC","D","1366","stale","بيانات قديمة","أساسي","C-NOTICE C-SYNC C-BTN","06-D2-Shifts-Access.dc.html","owner_approved","not_drawn",""
"ACC-05-D1366-server_error","ACC-05","تجهيز الجهاز والتنزيل الأول","ACC","D","1366","server_error","خطأ خادم","أساسي","C-NOTICE C-SYNC C-BTN","06-D2-Shifts-Access.dc.html","owner_approved","not_drawn",""
"ACC-05-D1366-success","ACC-05","تجهيز الجهاز والتنزيل الأول","ACC","D","1366","success","نجاح","أساسي","C-NOTICE C-SYNC C-BTN","06-D2-Shifts-Access.dc.html","owner_approved","not_drawn",""
"ACC-05-D1920-loading","ACC-05","تجهيز الجهاز والتنزيل الأول","ACC","D","1920","loading","تحميل","أساسي","C-NOTICE C-SYNC C-BTN","06-D2-Shifts-Access.dc.html","owner_approved","not_drawn",""
"ACC-05-D1920-offline","ACC-05","تجهيز الجهاز والتنزيل الأول","ACC","D","1920","offline","بلا اتصال","أساسي","C-NOTICE C-SYNC C-BTN","06-D2-Shifts-Access.dc.html","owner_approved","not_drawn",""
"ACC-05-D1920-partial","ACC-05","تجهيز الجهاز والتنزيل الأول","ACC","D","1920","partial","جزئي","أساسي","C-NOTICE C-SYNC C-BTN","06-D2-Shifts-Access.dc.html","owner_approved","not_drawn",""
"ACC-05-D1920-stale","ACC-05","تجهيز الجهاز والتنزيل الأول","ACC","D","1920","stale","بيانات قديمة","أساسي","C-NOTICE C-SYNC C-BTN","06-D2-Shifts-Access.dc.html","owner_approved","not_drawn",""
"ACC-05-D1920-server_error","ACC-05","تجهيز الجهاز والتنزيل الأول","ACC","D","1920","server_error","خطأ خادم","أساسي","C-NOTICE C-SYNC C-BTN","06-D2-Shifts-Access.dc.html","owner_approved","not_drawn",""
"ACC-05-D1920-success","ACC-05","تجهيز الجهاز والتنزيل الأول","ACC","D","1920","success","نجاح","أساسي","C-NOTICE C-SYNC C-BTN","06-D2-Shifts-Access.dc.html","owner_approved","not_drawn",""
"ACC-06-W390-ready","ACC-06","قبول دعوة موظف أو منشأة سوق","ACC","W","390","ready","جاهز","أساسي","C-NOTICE C-BTN C-FIELD","06-D2-Shifts-Access.dc.html","owner_approved","not_drawn",""
"ACC-06-W390-expired","ACC-06","قبول دعوة موظف أو منشأة سوق","ACC","W","390","expired","منتهي الصلاحية","أساسي","C-NOTICE C-BTN C-FIELD","06-D2-Shifts-Access.dc.html","owner_approved","not_drawn",""
"ACC-06-W390-permission_denied","ACC-06","قبول دعوة موظف أو منشأة سوق","ACC","W","390","permission_denied","صلاحية مرفوضة","أساسي","C-NOTICE C-BTN C-FIELD","06-D2-Shifts-Access.dc.html","owner_approved","not_drawn",""
"ACC-06-W390-success","ACC-06","قبول دعوة موظف أو منشأة سوق","ACC","W","390","success","نجاح","أساسي","C-NOTICE C-BTN C-FIELD","06-D2-Shifts-Access.dc.html","owner_approved","not_drawn",""
"ACC-06-W390-server_error","ACC-06","قبول دعوة موظف أو منشأة سوق","ACC","W","390","server_error","خطأ خادم","أساسي","C-NOTICE C-BTN C-FIELD","06-D2-Shifts-Access.dc.html","owner_approved","not_drawn",""
"ACC-06-W834-ready","ACC-06","قبول دعوة موظف أو منشأة سوق","ACC","W","834","ready","جاهز","أساسي","C-NOTICE C-BTN C-FIELD","06-D2-Shifts-Access.dc.html","owner_approved","not_drawn",""
"ACC-06-W834-expired","ACC-06","قبول دعوة موظف أو منشأة سوق","ACC","W","834","expired","منتهي الصلاحية","أساسي","C-NOTICE C-BTN C-FIELD","06-D2-Shifts-Access.dc.html","owner_approved","not_drawn",""
"ACC-06-W834-permission_denied","ACC-06","قبول دعوة موظف أو منشأة سوق","ACC","W","834","permission_denied","صلاحية مرفوضة","أساسي","C-NOTICE C-BTN C-FIELD","06-D2-Shifts-Access.dc.html","owner_approved","not_drawn",""
"ACC-06-W834-success","ACC-06","قبول دعوة موظف أو منشأة سوق","ACC","W","834","success","نجاح","أساسي","C-NOTICE C-BTN C-FIELD","06-D2-Shifts-Access.dc.html","owner_approved","not_drawn",""
"ACC-06-W834-server_error","ACC-06","قبول دعوة موظف أو منشأة سوق","ACC","W","834","server_error","خطأ خادم","أساسي","C-NOTICE C-BTN C-FIELD","06-D2-Shifts-Access.dc.html","owner_approved","not_drawn",""
"ACC-06-W1440-ready","ACC-06","قبول دعوة موظف أو منشأة سوق","ACC","W","1440","ready","جاهز","أساسي","C-NOTICE C-BTN C-FIELD","06-D2-Shifts-Access.dc.html","owner_approved","not_drawn",""
"ACC-06-W1440-expired","ACC-06","قبول دعوة موظف أو منشأة سوق","ACC","W","1440","expired","منتهي الصلاحية","أساسي","C-NOTICE C-BTN C-FIELD","06-D2-Shifts-Access.dc.html","owner_approved","not_drawn",""
"ACC-06-W1440-permission_denied","ACC-06","قبول دعوة موظف أو منشأة سوق","ACC","W","1440","permission_denied","صلاحية مرفوضة","أساسي","C-NOTICE C-BTN C-FIELD","06-D2-Shifts-Access.dc.html","owner_approved","drawn","34-D26-Access-All-States.dc.html#ACC-06"
"ACC-06-W1440-success","ACC-06","قبول دعوة موظف أو منشأة سوق","ACC","W","1440","success","نجاح","أساسي","C-NOTICE C-BTN C-FIELD","06-D2-Shifts-Access.dc.html","owner_approved","drawn","34-D26-Access-All-States.dc.html#ACC-06"
"ACC-06-W1440-server_error","ACC-06","قبول دعوة موظف أو منشأة سوق","ACC","W","1440","server_error","خطأ خادم","أساسي","C-NOTICE C-BTN C-FIELD","06-D2-Shifts-Access.dc.html","owner_approved","drawn","34-D26-Access-All-States.dc.html#ACC-06"
"ACC-06-M390-ready","ACC-06","قبول دعوة موظف أو منشأة سوق","ACC","M","390","ready","جاهز","أساسي","C-NOTICE C-BTN C-FIELD","06-D2-Shifts-Access.dc.html","owner_approved","drawn","28-D21-Access-Inventory-Complete.dc.html#ACC-06"
"ACC-06-M390-expired","ACC-06","قبول دعوة موظف أو منشأة سوق","ACC","M","390","expired","منتهي الصلاحية","أساسي","C-NOTICE C-BTN C-FIELD","06-D2-Shifts-Access.dc.html","owner_approved","drawn","28-D21-Access-Inventory-Complete.dc.html#ACC-06"
"ACC-06-M390-permission_denied","ACC-06","قبول دعوة موظف أو منشأة سوق","ACC","M","390","permission_denied","صلاحية مرفوضة","أساسي","C-NOTICE C-BTN C-FIELD","06-D2-Shifts-Access.dc.html","owner_approved","not_drawn",""
"ACC-06-M390-success","ACC-06","قبول دعوة موظف أو منشأة سوق","ACC","M","390","success","نجاح","أساسي","C-NOTICE C-BTN C-FIELD","06-D2-Shifts-Access.dc.html","owner_approved","not_drawn",""
"ACC-06-M390-server_error","ACC-06","قبول دعوة موظف أو منشأة سوق","ACC","M","390","server_error","خطأ خادم","أساسي","C-NOTICE C-BTN C-FIELD","06-D2-Shifts-Access.dc.html","owner_approved","not_drawn",""
"ACC-06-D1366-ready","ACC-06","قبول دعوة موظف أو منشأة سوق","ACC","D","1366","ready","جاهز","أساسي","C-NOTICE C-BTN C-FIELD","06-D2-Shifts-Access.dc.html","owner_approved","not_drawn",""
"ACC-06-D1366-expired","ACC-06","قبول دعوة موظف أو منشأة سوق","ACC","D","1366","expired","منتهي الصلاحية","أساسي","C-NOTICE C-BTN C-FIELD","06-D2-Shifts-Access.dc.html","owner_approved","not_drawn",""
"ACC-06-D1366-permission_denied","ACC-06","قبول دعوة موظف أو منشأة سوق","ACC","D","1366","permission_denied","صلاحية مرفوضة","أساسي","C-NOTICE C-BTN C-FIELD","06-D2-Shifts-Access.dc.html","owner_approved","not_drawn",""
"ACC-06-D1366-success","ACC-06","قبول دعوة موظف أو منشأة سوق","ACC","D","1366","success","نجاح","أساسي","C-NOTICE C-BTN C-FIELD","06-D2-Shifts-Access.dc.html","owner_approved","not_drawn",""
"ACC-06-D1366-server_error","ACC-06","قبول دعوة موظف أو منشأة سوق","ACC","D","1366","server_error","خطأ خادم","أساسي","C-NOTICE C-BTN C-FIELD","06-D2-Shifts-Access.dc.html","owner_approved","not_drawn",""
"ACC-06-D1920-ready","ACC-06","قبول دعوة موظف أو منشأة سوق","ACC","D","1920","ready","جاهز","أساسي","C-NOTICE C-BTN C-FIELD","06-D2-Shifts-Access.dc.html","owner_approved","not_drawn",""
"ACC-06-D1920-expired","ACC-06","قبول دعوة موظف أو منشأة سوق","ACC","D","1920","expired","منتهي الصلاحية","أساسي","C-NOTICE C-BTN C-FIELD","06-D2-Shifts-Access.dc.html","owner_approved","not_drawn",""
"ACC-06-D1920-permission_denied","ACC-06","قبول دعوة موظف أو منشأة سوق","ACC","D","1920","permission_denied","صلاحية مرفوضة","أساسي","C-NOTICE C-BTN C-FIELD","06-D2-Shifts-Access.dc.html","owner_approved","not_drawn",""
"ACC-06-D1920-success","ACC-06","قبول دعوة موظف أو منشأة سوق","ACC","D","1920","success","نجاح","أساسي","C-NOTICE C-BTN C-FIELD","06-D2-Shifts-Access.dc.html","owner_approved","not_drawn",""
"ACC-06-D1920-server_error","ACC-06","قبول دعوة موظف أو منشأة سوق","ACC","D","1920","server_error","خطأ خادم","أساسي","C-NOTICE C-BTN C-FIELD","06-D2-Shifts-Access.dc.html","owner_approved","not_drawn",""
"ACC-07-W390-ready","ACC-07","قفل محلي وفتح PIN","ACC","W","390","ready","جاهز","أساسي","C-FIELD C-DIALOG","06-D2-Shifts-Access.dc.html","owner_approved","not_drawn",""
"ACC-07-W390-validation_error","ACC-07","قفل محلي وفتح PIN","ACC","W","390","validation_error","خطأ تحقق","أساسي","C-FIELD C-DIALOG","06-D2-Shifts-Access.dc.html","owner_approved","not_drawn",""
"ACC-07-W390-permission_denied","ACC-07","قفل محلي وفتح PIN","ACC","W","390","permission_denied","صلاحية مرفوضة","أساسي","C-FIELD C-DIALOG","06-D2-Shifts-Access.dc.html","owner_approved","not_drawn",""
"ACC-07-W390-offline","ACC-07","قفل محلي وفتح PIN","ACC","W","390","offline","بلا اتصال","أساسي","C-FIELD C-DIALOG","06-D2-Shifts-Access.dc.html","owner_approved","not_drawn",""
"ACC-07-W834-ready","ACC-07","قفل محلي وفتح PIN","ACC","W","834","ready","جاهز","أساسي","C-FIELD C-DIALOG","06-D2-Shifts-Access.dc.html","owner_approved","not_drawn",""
"ACC-07-W834-validation_error","ACC-07","قفل محلي وفتح PIN","ACC","W","834","validation_error","خطأ تحقق","أساسي","C-FIELD C-DIALOG","06-D2-Shifts-Access.dc.html","owner_approved","not_drawn",""
"ACC-07-W834-permission_denied","ACC-07","قفل محلي وفتح PIN","ACC","W","834","permission_denied","صلاحية مرفوضة","أساسي","C-FIELD C-DIALOG","06-D2-Shifts-Access.dc.html","owner_approved","not_drawn",""
"ACC-07-W834-offline","ACC-07","قفل محلي وفتح PIN","ACC","W","834","offline","بلا اتصال","أساسي","C-FIELD C-DIALOG","06-D2-Shifts-Access.dc.html","owner_approved","not_drawn",""
"ACC-07-W1440-ready","ACC-07","قفل محلي وفتح PIN","ACC","W","1440","ready","جاهز","أساسي","C-FIELD C-DIALOG","06-D2-Shifts-Access.dc.html","owner_approved","not_drawn",""
"ACC-07-W1440-validation_error","ACC-07","قفل محلي وفتح PIN","ACC","W","1440","validation_error","خطأ تحقق","أساسي","C-FIELD C-DIALOG","06-D2-Shifts-Access.dc.html","owner_approved","not_drawn",""
"ACC-07-W1440-permission_denied","ACC-07","قفل محلي وفتح PIN","ACC","W","1440","permission_denied","صلاحية مرفوضة","أساسي","C-FIELD C-DIALOG","06-D2-Shifts-Access.dc.html","owner_approved","drawn","34-D26-Access-All-States.dc.html#ACC-07"
"ACC-07-W1440-offline","ACC-07","قفل محلي وفتح PIN","ACC","W","1440","offline","بلا اتصال","أساسي","C-FIELD C-DIALOG","06-D2-Shifts-Access.dc.html","owner_approved","drawn","34-D26-Access-All-States.dc.html#ACC-07"
"ACC-07-M390-ready","ACC-07","قفل محلي وفتح PIN","ACC","M","390","ready","جاهز","أساسي","C-FIELD C-DIALOG","06-D2-Shifts-Access.dc.html","owner_approved","drawn","28-D21-Access-Inventory-Complete.dc.html#ACC-07"
"ACC-07-M390-validation_error","ACC-07","قفل محلي وفتح PIN","ACC","M","390","validation_error","خطأ تحقق","أساسي","C-FIELD C-DIALOG","06-D2-Shifts-Access.dc.html","owner_approved","drawn","28-D21-Access-Inventory-Complete.dc.html#ACC-07"
"ACC-07-M390-permission_denied","ACC-07","قفل محلي وفتح PIN","ACC","M","390","permission_denied","صلاحية مرفوضة","أساسي","C-FIELD C-DIALOG","06-D2-Shifts-Access.dc.html","owner_approved","not_drawn",""
"ACC-07-M390-offline","ACC-07","قفل محلي وفتح PIN","ACC","M","390","offline","بلا اتصال","أساسي","C-FIELD C-DIALOG","06-D2-Shifts-Access.dc.html","owner_approved","not_drawn",""
"ACC-07-D1366-ready","ACC-07","قفل محلي وفتح PIN","ACC","D","1366","ready","جاهز","أساسي","C-FIELD C-DIALOG","06-D2-Shifts-Access.dc.html","owner_approved","not_drawn",""
"ACC-07-D1366-validation_error","ACC-07","قفل محلي وفتح PIN","ACC","D","1366","validation_error","خطأ تحقق","أساسي","C-FIELD C-DIALOG","06-D2-Shifts-Access.dc.html","owner_approved","not_drawn",""
"ACC-07-D1366-permission_denied","ACC-07","قفل محلي وفتح PIN","ACC","D","1366","permission_denied","صلاحية مرفوضة","أساسي","C-FIELD C-DIALOG","06-D2-Shifts-Access.dc.html","owner_approved","not_drawn",""
"ACC-07-D1366-offline","ACC-07","قفل محلي وفتح PIN","ACC","D","1366","offline","بلا اتصال","أساسي","C-FIELD C-DIALOG","06-D2-Shifts-Access.dc.html","owner_approved","not_drawn",""
"ACC-07-D1920-ready","ACC-07","قفل محلي وفتح PIN","ACC","D","1920","ready","جاهز","أساسي","C-FIELD C-DIALOG","06-D2-Shifts-Access.dc.html","owner_approved","not_drawn",""
"ACC-07-D1920-validation_error","ACC-07","قفل محلي وفتح PIN","ACC","D","1920","validation_error","خطأ تحقق","أساسي","C-FIELD C-DIALOG","06-D2-Shifts-Access.dc.html","owner_approved","not_drawn",""
"ACC-07-D1920-permission_denied","ACC-07","قفل محلي وفتح PIN","ACC","D","1920","permission_denied","صلاحية مرفوضة","أساسي","C-FIELD C-DIALOG","06-D2-Shifts-Access.dc.html","owner_approved","not_drawn",""
"ACC-07-D1920-offline","ACC-07","قفل محلي وفتح PIN","ACC","D","1920","offline","بلا اتصال","أساسي","C-FIELD C-DIALOG","06-D2-Shifts-Access.dc.html","owner_approved","not_drawn",""
"ACC-08-W390-expired","ACC-08","انتهاء جلسة وإعادة مصادقة","ACC","W","390","expired","منتهي الصلاحية","أساسي","C-DIALOG C-SYNC C-NOTICE","06-D2-Shifts-Access.dc.html","owner_approved","not_drawn",""
"ACC-08-W390-offline","ACC-08","انتهاء جلسة وإعادة مصادقة","ACC","W","390","offline","بلا اتصال","أساسي","C-DIALOG C-SYNC C-NOTICE","06-D2-Shifts-Access.dc.html","owner_approved","not_drawn",""
"ACC-08-W390-saved_local","ACC-08","انتهاء جلسة وإعادة مصادقة","ACC","W","390","saved_local","محفوظ محلياً","أساسي","C-DIALOG C-SYNC C-NOTICE","06-D2-Shifts-Access.dc.html","owner_approved","not_drawn",""
"ACC-08-W390-pending_sync","ACC-08","انتهاء جلسة وإعادة مصادقة","ACC","W","390","pending_sync","معلّق المزامنة","أساسي","C-DIALOG C-SYNC C-NOTICE","06-D2-Shifts-Access.dc.html","owner_approved","not_drawn",""
"ACC-08-W390-success","ACC-08","انتهاء جلسة وإعادة مصادقة","ACC","W","390","success","نجاح","أساسي","C-DIALOG C-SYNC C-NOTICE","06-D2-Shifts-Access.dc.html","owner_approved","not_drawn",""
"ACC-08-W834-expired","ACC-08","انتهاء جلسة وإعادة مصادقة","ACC","W","834","expired","منتهي الصلاحية","أساسي","C-DIALOG C-SYNC C-NOTICE","06-D2-Shifts-Access.dc.html","owner_approved","not_drawn",""
"ACC-08-W834-offline","ACC-08","انتهاء جلسة وإعادة مصادقة","ACC","W","834","offline","بلا اتصال","أساسي","C-DIALOG C-SYNC C-NOTICE","06-D2-Shifts-Access.dc.html","owner_approved","not_drawn",""
"ACC-08-W834-saved_local","ACC-08","انتهاء جلسة وإعادة مصادقة","ACC","W","834","saved_local","محفوظ محلياً","أساسي","C-DIALOG C-SYNC C-NOTICE","06-D2-Shifts-Access.dc.html","owner_approved","not_drawn",""
"ACC-08-W834-pending_sync","ACC-08","انتهاء جلسة وإعادة مصادقة","ACC","W","834","pending_sync","معلّق المزامنة","أساسي","C-DIALOG C-SYNC C-NOTICE","06-D2-Shifts-Access.dc.html","owner_approved","not_drawn",""
"ACC-08-W834-success","ACC-08","انتهاء جلسة وإعادة مصادقة","ACC","W","834","success","نجاح","أساسي","C-DIALOG C-SYNC C-NOTICE","06-D2-Shifts-Access.dc.html","owner_approved","not_drawn",""
"ACC-08-W1440-expired","ACC-08","انتهاء جلسة وإعادة مصادقة","ACC","W","1440","expired","منتهي الصلاحية","أساسي","C-DIALOG C-SYNC C-NOTICE","06-D2-Shifts-Access.dc.html","owner_approved","drawn","06-D2-Shifts-Access.dc.html#ACC-08"
"ACC-08-W1440-offline","ACC-08","انتهاء جلسة وإعادة مصادقة","ACC","W","1440","offline","بلا اتصال","أساسي","C-DIALOG C-SYNC C-NOTICE","06-D2-Shifts-Access.dc.html","owner_approved","drawn","34-D26-Access-All-States.dc.html#ACC-08"
"ACC-08-W1440-saved_local","ACC-08","انتهاء جلسة وإعادة مصادقة","ACC","W","1440","saved_local","محفوظ محلياً","أساسي","C-DIALOG C-SYNC C-NOTICE","06-D2-Shifts-Access.dc.html","owner_approved","drawn","34-D26-Access-All-States.dc.html#ACC-08"
"ACC-08-W1440-pending_sync","ACC-08","انتهاء جلسة وإعادة مصادقة","ACC","W","1440","pending_sync","معلّق المزامنة","أساسي","C-DIALOG C-SYNC C-NOTICE","06-D2-Shifts-Access.dc.html","owner_approved","drawn","34-D26-Access-All-States.dc.html#ACC-08"
"ACC-08-W1440-success","ACC-08","انتهاء جلسة وإعادة مصادقة","ACC","W","1440","success","نجاح","أساسي","C-DIALOG C-SYNC C-NOTICE","06-D2-Shifts-Access.dc.html","owner_approved","drawn","34-D26-Access-All-States.dc.html#ACC-08"
"ACC-08-M390-expired","ACC-08","انتهاء جلسة وإعادة مصادقة","ACC","M","390","expired","منتهي الصلاحية","أساسي","C-DIALOG C-SYNC C-NOTICE","06-D2-Shifts-Access.dc.html","owner_approved","not_drawn",""
"ACC-08-M390-offline","ACC-08","انتهاء جلسة وإعادة مصادقة","ACC","M","390","offline","بلا اتصال","أساسي","C-DIALOG C-SYNC C-NOTICE","06-D2-Shifts-Access.dc.html","owner_approved","not_drawn",""
"ACC-08-M390-saved_local","ACC-08","انتهاء جلسة وإعادة مصادقة","ACC","M","390","saved_local","محفوظ محلياً","أساسي","C-DIALOG C-SYNC C-NOTICE","06-D2-Shifts-Access.dc.html","owner_approved","not_drawn",""
"ACC-08-M390-pending_sync","ACC-08","انتهاء جلسة وإعادة مصادقة","ACC","M","390","pending_sync","معلّق المزامنة","أساسي","C-DIALOG C-SYNC C-NOTICE","06-D2-Shifts-Access.dc.html","owner_approved","not_drawn",""
"ACC-08-M390-success","ACC-08","انتهاء جلسة وإعادة مصادقة","ACC","M","390","success","نجاح","أساسي","C-DIALOG C-SYNC C-NOTICE","06-D2-Shifts-Access.dc.html","owner_approved","not_drawn",""
"ACC-08-D1366-expired","ACC-08","انتهاء جلسة وإعادة مصادقة","ACC","D","1366","expired","منتهي الصلاحية","أساسي","C-DIALOG C-SYNC C-NOTICE","06-D2-Shifts-Access.dc.html","owner_approved","not_drawn",""
"ACC-08-D1366-offline","ACC-08","انتهاء جلسة وإعادة مصادقة","ACC","D","1366","offline","بلا اتصال","أساسي","C-DIALOG C-SYNC C-NOTICE","06-D2-Shifts-Access.dc.html","owner_approved","not_drawn",""
"ACC-08-D1366-saved_local","ACC-08","انتهاء جلسة وإعادة مصادقة","ACC","D","1366","saved_local","محفوظ محلياً","أساسي","C-DIALOG C-SYNC C-NOTICE","06-D2-Shifts-Access.dc.html","owner_approved","not_drawn",""
"ACC-08-D1366-pending_sync","ACC-08","انتهاء جلسة وإعادة مصادقة","ACC","D","1366","pending_sync","معلّق المزامنة","أساسي","C-DIALOG C-SYNC C-NOTICE","06-D2-Shifts-Access.dc.html","owner_approved","not_drawn",""
"ACC-08-D1366-success","ACC-08","انتهاء جلسة وإعادة مصادقة","ACC","D","1366","success","نجاح","أساسي","C-DIALOG C-SYNC C-NOTICE","06-D2-Shifts-Access.dc.html","owner_approved","not_drawn",""
"ACC-08-D1920-expired","ACC-08","انتهاء جلسة وإعادة مصادقة","ACC","D","1920","expired","منتهي الصلاحية","أساسي","C-DIALOG C-SYNC C-NOTICE","06-D2-Shifts-Access.dc.html","owner_approved","not_drawn",""
"ACC-08-D1920-offline","ACC-08","انتهاء جلسة وإعادة مصادقة","ACC","D","1920","offline","بلا اتصال","أساسي","C-DIALOG C-SYNC C-NOTICE","06-D2-Shifts-Access.dc.html","owner_approved","not_drawn",""
"ACC-08-D1920-saved_local","ACC-08","انتهاء جلسة وإعادة مصادقة","ACC","D","1920","saved_local","محفوظ محلياً","أساسي","C-DIALOG C-SYNC C-NOTICE","06-D2-Shifts-Access.dc.html","owner_approved","not_drawn",""
"ACC-08-D1920-pending_sync","ACC-08","انتهاء جلسة وإعادة مصادقة","ACC","D","1920","pending_sync","معلّق المزامنة","أساسي","C-DIALOG C-SYNC C-NOTICE","06-D2-Shifts-Access.dc.html","owner_approved","not_drawn",""
"ACC-08-D1920-success","ACC-08","انتهاء جلسة وإعادة مصادقة","ACC","D","1920","success","نجاح","أساسي","C-DIALOG C-SYNC C-NOTICE","06-D2-Shifts-Access.dc.html","owner_approved","not_drawn",""
"ACC-09-W390-ready","ACC-09","الحساب والأمان والجلسات","ACC","W","390","ready","جاهز","أساسي","C-TABLE C-DIALOG C-SYNC","06-D2-Shifts-Access.dc.html","owner_approved","not_drawn",""
"ACC-09-W390-loading","ACC-09","الحساب والأمان والجلسات","ACC","W","390","loading","تحميل","أساسي","C-TABLE C-DIALOG C-SYNC","06-D2-Shifts-Access.dc.html","owner_approved","not_drawn",""
"ACC-09-W390-permission_denied","ACC-09","الحساب والأمان والجلسات","ACC","W","390","permission_denied","صلاحية مرفوضة","أساسي","C-TABLE C-DIALOG C-SYNC","06-D2-Shifts-Access.dc.html","owner_approved","not_drawn",""
"ACC-09-W390-pending_sync","ACC-09","الحساب والأمان والجلسات","ACC","W","390","pending_sync","معلّق المزامنة","أساسي","C-TABLE C-DIALOG C-SYNC","06-D2-Shifts-Access.dc.html","owner_approved","not_drawn",""
"ACC-09-W390-success","ACC-09","الحساب والأمان والجلسات","ACC","W","390","success","نجاح","أساسي","C-TABLE C-DIALOG C-SYNC","06-D2-Shifts-Access.dc.html","owner_approved","not_drawn",""
"ACC-09-W390-server_error","ACC-09","الحساب والأمان والجلسات","ACC","W","390","server_error","خطأ خادم","أساسي","C-TABLE C-DIALOG C-SYNC","06-D2-Shifts-Access.dc.html","owner_approved","not_drawn",""
"ACC-09-W834-ready","ACC-09","الحساب والأمان والجلسات","ACC","W","834","ready","جاهز","أساسي","C-TABLE C-DIALOG C-SYNC","06-D2-Shifts-Access.dc.html","owner_approved","not_drawn",""
"ACC-09-W834-loading","ACC-09","الحساب والأمان والجلسات","ACC","W","834","loading","تحميل","أساسي","C-TABLE C-DIALOG C-SYNC","06-D2-Shifts-Access.dc.html","owner_approved","not_drawn",""
"ACC-09-W834-permission_denied","ACC-09","الحساب والأمان والجلسات","ACC","W","834","permission_denied","صلاحية مرفوضة","أساسي","C-TABLE C-DIALOG C-SYNC","06-D2-Shifts-Access.dc.html","owner_approved","not_drawn",""
"ACC-09-W834-pending_sync","ACC-09","الحساب والأمان والجلسات","ACC","W","834","pending_sync","معلّق المزامنة","أساسي","C-TABLE C-DIALOG C-SYNC","06-D2-Shifts-Access.dc.html","owner_approved","not_drawn",""
"ACC-09-W834-success","ACC-09","الحساب والأمان والجلسات","ACC","W","834","success","نجاح","أساسي","C-TABLE C-DIALOG C-SYNC","06-D2-Shifts-Access.dc.html","owner_approved","not_drawn",""
"ACC-09-W834-server_error","ACC-09","الحساب والأمان والجلسات","ACC","W","834","server_error","خطأ خادم","أساسي","C-TABLE C-DIALOG C-SYNC","06-D2-Shifts-Access.dc.html","owner_approved","not_drawn",""
"ACC-09-W1440-ready","ACC-09","الحساب والأمان والجلسات","ACC","W","1440","ready","جاهز","أساسي","C-TABLE C-DIALOG C-SYNC","06-D2-Shifts-Access.dc.html","owner_approved","drawn","28-D21-Access-Inventory-Complete.dc.html#ACC-09"
"ACC-09-W1440-loading","ACC-09","الحساب والأمان والجلسات","ACC","W","1440","loading","تحميل","أساسي","C-TABLE C-DIALOG C-SYNC","06-D2-Shifts-Access.dc.html","owner_approved","drawn","34-D26-Access-All-States.dc.html#ACC-09"
"ACC-09-W1440-permission_denied","ACC-09","الحساب والأمان والجلسات","ACC","W","1440","permission_denied","صلاحية مرفوضة","أساسي","C-TABLE C-DIALOG C-SYNC","06-D2-Shifts-Access.dc.html","owner_approved","drawn","34-D26-Access-All-States.dc.html#ACC-09"
"ACC-09-W1440-pending_sync","ACC-09","الحساب والأمان والجلسات","ACC","W","1440","pending_sync","معلّق المزامنة","أساسي","C-TABLE C-DIALOG C-SYNC","06-D2-Shifts-Access.dc.html","owner_approved","drawn","34-D26-Access-All-States.dc.html#ACC-09"
"ACC-09-W1440-success","ACC-09","الحساب والأمان والجلسات","ACC","W","1440","success","نجاح","أساسي","C-TABLE C-DIALOG C-SYNC","06-D2-Shifts-Access.dc.html","owner_approved","drawn","34-D26-Access-All-States.dc.html#ACC-09"
"ACC-09-W1440-server_error","ACC-09","الحساب والأمان والجلسات","ACC","W","1440","server_error","خطأ خادم","أساسي","C-TABLE C-DIALOG C-SYNC","06-D2-Shifts-Access.dc.html","owner_approved","drawn","34-D26-Access-All-States.dc.html#ACC-09"
"ACC-09-M390-ready","ACC-09","الحساب والأمان والجلسات","ACC","M","390","ready","جاهز","أساسي","C-TABLE C-DIALOG C-SYNC","06-D2-Shifts-Access.dc.html","owner_approved","not_drawn",""
"ACC-09-M390-loading","ACC-09","الحساب والأمان والجلسات","ACC","M","390","loading","تحميل","أساسي","C-TABLE C-DIALOG C-SYNC","06-D2-Shifts-Access.dc.html","owner_approved","not_drawn",""
"ACC-09-M390-permission_denied","ACC-09","الحساب والأمان والجلسات","ACC","M","390","permission_denied","صلاحية مرفوضة","أساسي","C-TABLE C-DIALOG C-SYNC","06-D2-Shifts-Access.dc.html","owner_approved","not_drawn",""
"ACC-09-M390-pending_sync","ACC-09","الحساب والأمان والجلسات","ACC","M","390","pending_sync","معلّق المزامنة","أساسي","C-TABLE C-DIALOG C-SYNC","06-D2-Shifts-Access.dc.html","owner_approved","not_drawn",""
"ACC-09-M390-success","ACC-09","الحساب والأمان والجلسات","ACC","M","390","success","نجاح","أساسي","C-TABLE C-DIALOG C-SYNC","06-D2-Shifts-Access.dc.html","owner_approved","not_drawn",""
"ACC-09-M390-server_error","ACC-09","الحساب والأمان والجلسات","ACC","M","390","server_error","خطأ خادم","أساسي","C-TABLE C-DIALOG C-SYNC","06-D2-Shifts-Access.dc.html","owner_approved","not_drawn",""
"ACC-09-D1366-ready","ACC-09","الحساب والأمان والجلسات","ACC","D","1366","ready","جاهز","أساسي","C-TABLE C-DIALOG C-SYNC","06-D2-Shifts-Access.dc.html","owner_approved","not_drawn",""
"ACC-09-D1366-loading","ACC-09","الحساب والأمان والجلسات","ACC","D","1366","loading","تحميل","أساسي","C-TABLE C-DIALOG C-SYNC","06-D2-Shifts-Access.dc.html","owner_approved","not_drawn",""
"ACC-09-D1366-permission_denied","ACC-09","الحساب والأمان والجلسات","ACC","D","1366","permission_denied","صلاحية مرفوضة","أساسي","C-TABLE C-DIALOG C-SYNC","06-D2-Shifts-Access.dc.html","owner_approved","not_drawn",""
"ACC-09-D1366-pending_sync","ACC-09","الحساب والأمان والجلسات","ACC","D","1366","pending_sync","معلّق المزامنة","أساسي","C-TABLE C-DIALOG C-SYNC","06-D2-Shifts-Access.dc.html","owner_approved","not_drawn",""
"ACC-09-D1366-success","ACC-09","الحساب والأمان والجلسات","ACC","D","1366","success","نجاح","أساسي","C-TABLE C-DIALOG C-SYNC","06-D2-Shifts-Access.dc.html","owner_approved","not_drawn",""
"ACC-09-D1366-server_error","ACC-09","الحساب والأمان والجلسات","ACC","D","1366","server_error","خطأ خادم","أساسي","C-TABLE C-DIALOG C-SYNC","06-D2-Shifts-Access.dc.html","owner_approved","not_drawn",""
"ACC-09-D1920-ready","ACC-09","الحساب والأمان والجلسات","ACC","D","1920","ready","جاهز","أساسي","C-TABLE C-DIALOG C-SYNC","06-D2-Shifts-Access.dc.html","owner_approved","not_drawn",""
"ACC-09-D1920-loading","ACC-09","الحساب والأمان والجلسات","ACC","D","1920","loading","تحميل","أساسي","C-TABLE C-DIALOG C-SYNC","06-D2-Shifts-Access.dc.html","owner_approved","not_drawn",""
"ACC-09-D1920-permission_denied","ACC-09","الحساب والأمان والجلسات","ACC","D","1920","permission_denied","صلاحية مرفوضة","أساسي","C-TABLE C-DIALOG C-SYNC","06-D2-Shifts-Access.dc.html","owner_approved","not_drawn",""
"ACC-09-D1920-pending_sync","ACC-09","الحساب والأمان والجلسات","ACC","D","1920","pending_sync","معلّق المزامنة","أساسي","C-TABLE C-DIALOG C-SYNC","06-D2-Shifts-Access.dc.html","owner_approved","not_drawn",""
"ACC-09-D1920-success","ACC-09","الحساب والأمان والجلسات","ACC","D","1920","success","نجاح","أساسي","C-TABLE C-DIALOG C-SYNC","06-D2-Shifts-Access.dc.html","owner_approved","not_drawn",""
"ACC-09-D1920-server_error","ACC-09","الحساب والأمان والجلسات","ACC","D","1920","server_error","خطأ خادم","أساسي","C-TABLE C-DIALOG C-SYNC","06-D2-Shifts-Access.dc.html","owner_approved","not_drawn",""
"ACC-10-W390-ready","ACC-10","معالج بدء الاستخدام","ACC","W","390","ready","جاهز","أساسي","C-NOTICE C-UPLOAD C-PRINT C-BTN","06-D2-Shifts-Access.dc.html","owner_approved","not_drawn",""
"ACC-10-W390-empty","ACC-10","معالج بدء الاستخدام","ACC","W","390","empty","فارغ","أساسي","C-NOTICE C-UPLOAD C-PRINT C-BTN","06-D2-Shifts-Access.dc.html","owner_approved","not_drawn",""
"ACC-10-W390-partial","ACC-10","معالج بدء الاستخدام","ACC","W","390","partial","جزئي","أساسي","C-NOTICE C-UPLOAD C-PRINT C-BTN","06-D2-Shifts-Access.dc.html","owner_approved","not_drawn",""
"ACC-10-W390-validation_error","ACC-10","معالج بدء الاستخدام","ACC","W","390","validation_error","خطأ تحقق","أساسي","C-NOTICE C-UPLOAD C-PRINT C-BTN","06-D2-Shifts-Access.dc.html","owner_approved","not_drawn",""
"ACC-10-W390-offline","ACC-10","معالج بدء الاستخدام","ACC","W","390","offline","بلا اتصال","أساسي","C-NOTICE C-UPLOAD C-PRINT C-BTN","06-D2-Shifts-Access.dc.html","owner_approved","not_drawn",""
"ACC-10-W390-success","ACC-10","معالج بدء الاستخدام","ACC","W","390","success","نجاح","أساسي","C-NOTICE C-UPLOAD C-PRINT C-BTN","06-D2-Shifts-Access.dc.html","owner_approved","not_drawn",""
"ACC-10-W834-ready","ACC-10","معالج بدء الاستخدام","ACC","W","834","ready","جاهز","أساسي","C-NOTICE C-UPLOAD C-PRINT C-BTN","06-D2-Shifts-Access.dc.html","owner_approved","not_drawn",""
"ACC-10-W834-empty","ACC-10","معالج بدء الاستخدام","ACC","W","834","empty","فارغ","أساسي","C-NOTICE C-UPLOAD C-PRINT C-BTN","06-D2-Shifts-Access.dc.html","owner_approved","not_drawn",""
"ACC-10-W834-partial","ACC-10","معالج بدء الاستخدام","ACC","W","834","partial","جزئي","أساسي","C-NOTICE C-UPLOAD C-PRINT C-BTN","06-D2-Shifts-Access.dc.html","owner_approved","not_drawn",""
"ACC-10-W834-validation_error","ACC-10","معالج بدء الاستخدام","ACC","W","834","validation_error","خطأ تحقق","أساسي","C-NOTICE C-UPLOAD C-PRINT C-BTN","06-D2-Shifts-Access.dc.html","owner_approved","not_drawn",""
"ACC-10-W834-offline","ACC-10","معالج بدء الاستخدام","ACC","W","834","offline","بلا اتصال","أساسي","C-NOTICE C-UPLOAD C-PRINT C-BTN","06-D2-Shifts-Access.dc.html","owner_approved","not_drawn",""
"ACC-10-W834-success","ACC-10","معالج بدء الاستخدام","ACC","W","834","success","نجاح","أساسي","C-NOTICE C-UPLOAD C-PRINT C-BTN","06-D2-Shifts-Access.dc.html","owner_approved","not_drawn",""
"ACC-10-W1440-ready","ACC-10","معالج بدء الاستخدام","ACC","W","1440","ready","جاهز","أساسي","C-NOTICE C-UPLOAD C-PRINT C-BTN","06-D2-Shifts-Access.dc.html","owner_approved","drawn","34-D26-Access-All-States.dc.html#ACC-10"
"ACC-10-W1440-empty","ACC-10","معالج بدء الاستخدام","ACC","W","1440","empty","فارغ","أساسي","C-NOTICE C-UPLOAD C-PRINT C-BTN","06-D2-Shifts-Access.dc.html","owner_approved","drawn","34-D26-Access-All-States.dc.html#ACC-10"
"ACC-10-W1440-partial","ACC-10","معالج بدء الاستخدام","ACC","W","1440","partial","جزئي","أساسي","C-NOTICE C-UPLOAD C-PRINT C-BTN","06-D2-Shifts-Access.dc.html","owner_approved","drawn","06-D2-Shifts-Access.dc.html#ACC-10"
"ACC-10-W1440-validation_error","ACC-10","معالج بدء الاستخدام","ACC","W","1440","validation_error","خطأ تحقق","أساسي","C-NOTICE C-UPLOAD C-PRINT C-BTN","06-D2-Shifts-Access.dc.html","owner_approved","drawn","34-D26-Access-All-States.dc.html#ACC-10"
"ACC-10-W1440-offline","ACC-10","معالج بدء الاستخدام","ACC","W","1440","offline","بلا اتصال","أساسي","C-NOTICE C-UPLOAD C-PRINT C-BTN","06-D2-Shifts-Access.dc.html","owner_approved","drawn","34-D26-Access-All-States.dc.html#ACC-10"
"ACC-10-W1440-success","ACC-10","معالج بدء الاستخدام","ACC","W","1440","success","نجاح","أساسي","C-NOTICE C-UPLOAD C-PRINT C-BTN","06-D2-Shifts-Access.dc.html","owner_approved","drawn","34-D26-Access-All-States.dc.html#ACC-10"
"ACC-10-M390-ready","ACC-10","معالج بدء الاستخدام","ACC","M","390","ready","جاهز","أساسي","C-NOTICE C-UPLOAD C-PRINT C-BTN","06-D2-Shifts-Access.dc.html","owner_approved","not_drawn",""
"ACC-10-M390-empty","ACC-10","معالج بدء الاستخدام","ACC","M","390","empty","فارغ","أساسي","C-NOTICE C-UPLOAD C-PRINT C-BTN","06-D2-Shifts-Access.dc.html","owner_approved","not_drawn",""
"ACC-10-M390-partial","ACC-10","معالج بدء الاستخدام","ACC","M","390","partial","جزئي","أساسي","C-NOTICE C-UPLOAD C-PRINT C-BTN","06-D2-Shifts-Access.dc.html","owner_approved","not_drawn",""
"ACC-10-M390-validation_error","ACC-10","معالج بدء الاستخدام","ACC","M","390","validation_error","خطأ تحقق","أساسي","C-NOTICE C-UPLOAD C-PRINT C-BTN","06-D2-Shifts-Access.dc.html","owner_approved","not_drawn",""
"ACC-10-M390-offline","ACC-10","معالج بدء الاستخدام","ACC","M","390","offline","بلا اتصال","أساسي","C-NOTICE C-UPLOAD C-PRINT C-BTN","06-D2-Shifts-Access.dc.html","owner_approved","not_drawn",""
"ACC-10-M390-success","ACC-10","معالج بدء الاستخدام","ACC","M","390","success","نجاح","أساسي","C-NOTICE C-UPLOAD C-PRINT C-BTN","06-D2-Shifts-Access.dc.html","owner_approved","not_drawn",""
"ACC-10-D1366-ready","ACC-10","معالج بدء الاستخدام","ACC","D","1366","ready","جاهز","أساسي","C-NOTICE C-UPLOAD C-PRINT C-BTN","06-D2-Shifts-Access.dc.html","owner_approved","not_drawn",""
"ACC-10-D1366-empty","ACC-10","معالج بدء الاستخدام","ACC","D","1366","empty","فارغ","أساسي","C-NOTICE C-UPLOAD C-PRINT C-BTN","06-D2-Shifts-Access.dc.html","owner_approved","not_drawn",""
"ACC-10-D1366-partial","ACC-10","معالج بدء الاستخدام","ACC","D","1366","partial","جزئي","أساسي","C-NOTICE C-UPLOAD C-PRINT C-BTN","06-D2-Shifts-Access.dc.html","owner_approved","not_drawn",""
"ACC-10-D1366-validation_error","ACC-10","معالج بدء الاستخدام","ACC","D","1366","validation_error","خطأ تحقق","أساسي","C-NOTICE C-UPLOAD C-PRINT C-BTN","06-D2-Shifts-Access.dc.html","owner_approved","not_drawn",""
"ACC-10-D1366-offline","ACC-10","معالج بدء الاستخدام","ACC","D","1366","offline","بلا اتصال","أساسي","C-NOTICE C-UPLOAD C-PRINT C-BTN","06-D2-Shifts-Access.dc.html","owner_approved","not_drawn",""
"ACC-10-D1366-success","ACC-10","معالج بدء الاستخدام","ACC","D","1366","success","نجاح","أساسي","C-NOTICE C-UPLOAD C-PRINT C-BTN","06-D2-Shifts-Access.dc.html","owner_approved","not_drawn",""
"ACC-10-D1920-ready","ACC-10","معالج بدء الاستخدام","ACC","D","1920","ready","جاهز","أساسي","C-NOTICE C-UPLOAD C-PRINT C-BTN","06-D2-Shifts-Access.dc.html","owner_approved","not_drawn",""
"ACC-10-D1920-empty","ACC-10","معالج بدء الاستخدام","ACC","D","1920","empty","فارغ","أساسي","C-NOTICE C-UPLOAD C-PRINT C-BTN","06-D2-Shifts-Access.dc.html","owner_approved","not_drawn",""
"ACC-10-D1920-partial","ACC-10","معالج بدء الاستخدام","ACC","D","1920","partial","جزئي","أساسي","C-NOTICE C-UPLOAD C-PRINT C-BTN","06-D2-Shifts-Access.dc.html","owner_approved","not_drawn",""
"ACC-10-D1920-validation_error","ACC-10","معالج بدء الاستخدام","ACC","D","1920","validation_error","خطأ تحقق","أساسي","C-NOTICE C-UPLOAD C-PRINT C-BTN","06-D2-Shifts-Access.dc.html","owner_approved","not_drawn",""
"ACC-10-D1920-offline","ACC-10","معالج بدء الاستخدام","ACC","D","1920","offline","بلا اتصال","أساسي","C-NOTICE C-UPLOAD C-PRINT C-BTN","06-D2-Shifts-Access.dc.html","owner_approved","not_drawn",""
"ACC-10-D1920-success","ACC-10","معالج بدء الاستخدام","ACC","D","1920","success","نجاح","أساسي","C-NOTICE C-UPLOAD C-PRINT C-BTN","06-D2-Shifts-Access.dc.html","owner_approved","not_drawn",""
"HOME-01-W390-ready","HOME-01","رئيسية المالك","HOME","W","390","ready","جاهز","أساسي","C-FRAME C-TABLE C-SYNC C-FILTER","03-D2-POS.dc.html","owner_approved","not_drawn",""
"HOME-01-W390-loading","HOME-01","رئيسية المالك","HOME","W","390","loading","تحميل","أساسي","C-FRAME C-TABLE C-SYNC C-FILTER","03-D2-POS.dc.html","owner_approved","not_drawn",""
"HOME-01-W390-empty","HOME-01","رئيسية المالك","HOME","W","390","empty","فارغ","أساسي","C-FRAME C-TABLE C-SYNC C-FILTER","03-D2-POS.dc.html","owner_approved","not_drawn",""
"HOME-01-W390-stale","HOME-01","رئيسية المالك","HOME","W","390","stale","بيانات قديمة","أساسي","C-FRAME C-TABLE C-SYNC C-FILTER","03-D2-POS.dc.html","owner_approved","not_drawn",""
"HOME-01-W390-offline","HOME-01","رئيسية المالك","HOME","W","390","offline","بلا اتصال","أساسي","C-FRAME C-TABLE C-SYNC C-FILTER","03-D2-POS.dc.html","owner_approved","not_drawn",""
"HOME-01-W390-pending_sync","HOME-01","رئيسية المالك","HOME","W","390","pending_sync","معلّق المزامنة","أساسي","C-FRAME C-TABLE C-SYNC C-FILTER","03-D2-POS.dc.html","owner_approved","not_drawn",""
"HOME-01-W834-ready","HOME-01","رئيسية المالك","HOME","W","834","ready","جاهز","أساسي","C-FRAME C-TABLE C-SYNC C-FILTER","03-D2-POS.dc.html","owner_approved","not_drawn",""
"HOME-01-W834-loading","HOME-01","رئيسية المالك","HOME","W","834","loading","تحميل","أساسي","C-FRAME C-TABLE C-SYNC C-FILTER","03-D2-POS.dc.html","owner_approved","not_drawn",""
"HOME-01-W834-empty","HOME-01","رئيسية المالك","HOME","W","834","empty","فارغ","أساسي","C-FRAME C-TABLE C-SYNC C-FILTER","03-D2-POS.dc.html","owner_approved","not_drawn",""
"HOME-01-W834-stale","HOME-01","رئيسية المالك","HOME","W","834","stale","بيانات قديمة","أساسي","C-FRAME C-TABLE C-SYNC C-FILTER","03-D2-POS.dc.html","owner_approved","not_drawn",""
"HOME-01-W834-offline","HOME-01","رئيسية المالك","HOME","W","834","offline","بلا اتصال","أساسي","C-FRAME C-TABLE C-SYNC C-FILTER","03-D2-POS.dc.html","owner_approved","not_drawn",""
"HOME-01-W834-pending_sync","HOME-01","رئيسية المالك","HOME","W","834","pending_sync","معلّق المزامنة","أساسي","C-FRAME C-TABLE C-SYNC C-FILTER","03-D2-POS.dc.html","owner_approved","not_drawn",""
"HOME-01-W1440-ready","HOME-01","رئيسية المالك","HOME","W","1440","ready","جاهز","أساسي","C-FRAME C-TABLE C-SYNC C-FILTER","03-D2-POS.dc.html","owner_approved","drawn","37-D29-Desktop-Web-Customer-Public-Home.dc.html#HOME-01"
"HOME-01-W1440-loading","HOME-01","رئيسية المالك","HOME","W","1440","loading","تحميل","أساسي","C-FRAME C-TABLE C-SYNC C-FILTER","03-D2-POS.dc.html","owner_approved","drawn","37-D29-Desktop-Web-Customer-Public-Home.dc.html#HOME-01"
"HOME-01-W1440-empty","HOME-01","رئيسية المالك","HOME","W","1440","empty","فارغ","أساسي","C-FRAME C-TABLE C-SYNC C-FILTER","03-D2-POS.dc.html","owner_approved","drawn","37-D29-Desktop-Web-Customer-Public-Home.dc.html#HOME-01"
"HOME-01-W1440-stale","HOME-01","رئيسية المالك","HOME","W","1440","stale","بيانات قديمة","أساسي","C-FRAME C-TABLE C-SYNC C-FILTER","03-D2-POS.dc.html","owner_approved","drawn","06-D2-Shifts-Access.dc.html#HOME-01"
"HOME-01-W1440-offline","HOME-01","رئيسية المالك","HOME","W","1440","offline","بلا اتصال","أساسي","C-FRAME C-TABLE C-SYNC C-FILTER","03-D2-POS.dc.html","owner_approved","drawn","37-D29-Desktop-Web-Customer-Public-Home.dc.html#HOME-01"
"HOME-01-W1440-pending_sync","HOME-01","رئيسية المالك","HOME","W","1440","pending_sync","معلّق المزامنة","أساسي","C-FRAME C-TABLE C-SYNC C-FILTER","03-D2-POS.dc.html","owner_approved","drawn","37-D29-Desktop-Web-Customer-Public-Home.dc.html#HOME-01"
"HOME-01-M390-ready","HOME-01","رئيسية المالك","HOME","M","390","ready","جاهز","أساسي","C-FRAME C-TABLE C-SYNC C-FILTER","03-D2-POS.dc.html","owner_approved","not_drawn",""
"HOME-01-M390-loading","HOME-01","رئيسية المالك","HOME","M","390","loading","تحميل","أساسي","C-FRAME C-TABLE C-SYNC C-FILTER","03-D2-POS.dc.html","owner_approved","not_drawn",""
"HOME-01-M390-empty","HOME-01","رئيسية المالك","HOME","M","390","empty","فارغ","أساسي","C-FRAME C-TABLE C-SYNC C-FILTER","03-D2-POS.dc.html","owner_approved","not_drawn",""
"HOME-01-M390-stale","HOME-01","رئيسية المالك","HOME","M","390","stale","بيانات قديمة","أساسي","C-FRAME C-TABLE C-SYNC C-FILTER","03-D2-POS.dc.html","owner_approved","not_drawn",""
"HOME-01-M390-offline","HOME-01","رئيسية المالك","HOME","M","390","offline","بلا اتصال","أساسي","C-FRAME C-TABLE C-SYNC C-FILTER","03-D2-POS.dc.html","owner_approved","not_drawn",""
"HOME-01-M390-pending_sync","HOME-01","رئيسية المالك","HOME","M","390","pending_sync","معلّق المزامنة","أساسي","C-FRAME C-TABLE C-SYNC C-FILTER","03-D2-POS.dc.html","owner_approved","not_drawn",""
"HOME-01-D1366-ready","HOME-01","رئيسية المالك","HOME","D","1366","ready","جاهز","أساسي","C-FRAME C-TABLE C-SYNC C-FILTER","03-D2-POS.dc.html","owner_approved","not_drawn",""
"HOME-01-D1366-loading","HOME-01","رئيسية المالك","HOME","D","1366","loading","تحميل","أساسي","C-FRAME C-TABLE C-SYNC C-FILTER","03-D2-POS.dc.html","owner_approved","not_drawn",""
"HOME-01-D1366-empty","HOME-01","رئيسية المالك","HOME","D","1366","empty","فارغ","أساسي","C-FRAME C-TABLE C-SYNC C-FILTER","03-D2-POS.dc.html","owner_approved","not_drawn",""
"HOME-01-D1366-stale","HOME-01","رئيسية المالك","HOME","D","1366","stale","بيانات قديمة","أساسي","C-FRAME C-TABLE C-SYNC C-FILTER","03-D2-POS.dc.html","owner_approved","not_drawn",""
"HOME-01-D1366-offline","HOME-01","رئيسية المالك","HOME","D","1366","offline","بلا اتصال","أساسي","C-FRAME C-TABLE C-SYNC C-FILTER","03-D2-POS.dc.html","owner_approved","not_drawn",""
"HOME-01-D1366-pending_sync","HOME-01","رئيسية المالك","HOME","D","1366","pending_sync","معلّق المزامنة","أساسي","C-FRAME C-TABLE C-SYNC C-FILTER","03-D2-POS.dc.html","owner_approved","not_drawn",""
"HOME-01-D1920-ready","HOME-01","رئيسية المالك","HOME","D","1920","ready","جاهز","أساسي","C-FRAME C-TABLE C-SYNC C-FILTER","03-D2-POS.dc.html","owner_approved","not_drawn",""
"HOME-01-D1920-loading","HOME-01","رئيسية المالك","HOME","D","1920","loading","تحميل","أساسي","C-FRAME C-TABLE C-SYNC C-FILTER","03-D2-POS.dc.html","owner_approved","not_drawn",""
"HOME-01-D1920-empty","HOME-01","رئيسية المالك","HOME","D","1920","empty","فارغ","أساسي","C-FRAME C-TABLE C-SYNC C-FILTER","03-D2-POS.dc.html","owner_approved","not_drawn",""
"HOME-01-D1920-stale","HOME-01","رئيسية المالك","HOME","D","1920","stale","بيانات قديمة","أساسي","C-FRAME C-TABLE C-SYNC C-FILTER","03-D2-POS.dc.html","owner_approved","not_drawn",""
"HOME-01-D1920-offline","HOME-01","رئيسية المالك","HOME","D","1920","offline","بلا اتصال","أساسي","C-FRAME C-TABLE C-SYNC C-FILTER","03-D2-POS.dc.html","owner_approved","not_drawn",""
"HOME-01-D1920-pending_sync","HOME-01","رئيسية المالك","HOME","D","1920","pending_sync","معلّق المزامنة","أساسي","C-FRAME C-TABLE C-SYNC C-FILTER","03-D2-POS.dc.html","owner_approved","not_drawn",""
"HOME-02-W390-ready","HOME-02","رئيسية الموظف حسب الصلاحية","HOME","W","390","ready","جاهز","أساسي","C-FRAME C-NAV C-NOTICE","03-D2-POS.dc.html","owner_approved","not_drawn",""
"HOME-02-W390-empty","HOME-02","رئيسية الموظف حسب الصلاحية","HOME","W","390","empty","فارغ","أساسي","C-FRAME C-NAV C-NOTICE","03-D2-POS.dc.html","owner_approved","not_drawn",""
"HOME-02-W390-permission_denied","HOME-02","رئيسية الموظف حسب الصلاحية","HOME","W","390","permission_denied","صلاحية مرفوضة","أساسي","C-FRAME C-NAV C-NOTICE","03-D2-POS.dc.html","owner_approved","not_drawn",""
"HOME-02-W390-offline","HOME-02","رئيسية الموظف حسب الصلاحية","HOME","W","390","offline","بلا اتصال","أساسي","C-FRAME C-NAV C-NOTICE","03-D2-POS.dc.html","owner_approved","not_drawn",""
"HOME-02-W390-stale","HOME-02","رئيسية الموظف حسب الصلاحية","HOME","W","390","stale","بيانات قديمة","أساسي","C-FRAME C-NAV C-NOTICE","03-D2-POS.dc.html","owner_approved","not_drawn",""
"HOME-02-W834-ready","HOME-02","رئيسية الموظف حسب الصلاحية","HOME","W","834","ready","جاهز","أساسي","C-FRAME C-NAV C-NOTICE","03-D2-POS.dc.html","owner_approved","not_drawn",""
"HOME-02-W834-empty","HOME-02","رئيسية الموظف حسب الصلاحية","HOME","W","834","empty","فارغ","أساسي","C-FRAME C-NAV C-NOTICE","03-D2-POS.dc.html","owner_approved","not_drawn",""
"HOME-02-W834-permission_denied","HOME-02","رئيسية الموظف حسب الصلاحية","HOME","W","834","permission_denied","صلاحية مرفوضة","أساسي","C-FRAME C-NAV C-NOTICE","03-D2-POS.dc.html","owner_approved","not_drawn",""
"HOME-02-W834-offline","HOME-02","رئيسية الموظف حسب الصلاحية","HOME","W","834","offline","بلا اتصال","أساسي","C-FRAME C-NAV C-NOTICE","03-D2-POS.dc.html","owner_approved","not_drawn",""
"HOME-02-W834-stale","HOME-02","رئيسية الموظف حسب الصلاحية","HOME","W","834","stale","بيانات قديمة","أساسي","C-FRAME C-NAV C-NOTICE","03-D2-POS.dc.html","owner_approved","not_drawn",""
"HOME-02-W1440-ready","HOME-02","رئيسية الموظف حسب الصلاحية","HOME","W","1440","ready","جاهز","أساسي","C-FRAME C-NAV C-NOTICE","03-D2-POS.dc.html","owner_approved","drawn","06-D2-Shifts-Access.dc.html#HOME-02"
"HOME-02-W1440-empty","HOME-02","رئيسية الموظف حسب الصلاحية","HOME","W","1440","empty","فارغ","أساسي","C-FRAME C-NAV C-NOTICE","03-D2-POS.dc.html","owner_approved","drawn","37-D29-Desktop-Web-Customer-Public-Home.dc.html#HOME-02"
"HOME-02-W1440-permission_denied","HOME-02","رئيسية الموظف حسب الصلاحية","HOME","W","1440","permission_denied","صلاحية مرفوضة","أساسي","C-FRAME C-NAV C-NOTICE","03-D2-POS.dc.html","owner_approved","drawn","37-D29-Desktop-Web-Customer-Public-Home.dc.html#HOME-02"
"HOME-02-W1440-offline","HOME-02","رئيسية الموظف حسب الصلاحية","HOME","W","1440","offline","بلا اتصال","أساسي","C-FRAME C-NAV C-NOTICE","03-D2-POS.dc.html","owner_approved","drawn","37-D29-Desktop-Web-Customer-Public-Home.dc.html#HOME-02"
"HOME-02-W1440-stale","HOME-02","رئيسية الموظف حسب الصلاحية","HOME","W","1440","stale","بيانات قديمة","أساسي","C-FRAME C-NAV C-NOTICE","03-D2-POS.dc.html","owner_approved","drawn","37-D29-Desktop-Web-Customer-Public-Home.dc.html#HOME-02"
"HOME-02-M390-ready","HOME-02","رئيسية الموظف حسب الصلاحية","HOME","M","390","ready","جاهز","أساسي","C-FRAME C-NAV C-NOTICE","03-D2-POS.dc.html","owner_approved","not_drawn",""
"HOME-02-M390-empty","HOME-02","رئيسية الموظف حسب الصلاحية","HOME","M","390","empty","فارغ","أساسي","C-FRAME C-NAV C-NOTICE","03-D2-POS.dc.html","owner_approved","not_drawn",""
"HOME-02-M390-permission_denied","HOME-02","رئيسية الموظف حسب الصلاحية","HOME","M","390","permission_denied","صلاحية مرفوضة","أساسي","C-FRAME C-NAV C-NOTICE","03-D2-POS.dc.html","owner_approved","not_drawn",""
"HOME-02-M390-offline","HOME-02","رئيسية الموظف حسب الصلاحية","HOME","M","390","offline","بلا اتصال","أساسي","C-FRAME C-NAV C-NOTICE","03-D2-POS.dc.html","owner_approved","not_drawn",""
"HOME-02-M390-stale","HOME-02","رئيسية الموظف حسب الصلاحية","HOME","M","390","stale","بيانات قديمة","أساسي","C-FRAME C-NAV C-NOTICE","03-D2-POS.dc.html","owner_approved","not_drawn",""
"HOME-02-D1366-ready","HOME-02","رئيسية الموظف حسب الصلاحية","HOME","D","1366","ready","جاهز","أساسي","C-FRAME C-NAV C-NOTICE","03-D2-POS.dc.html","owner_approved","not_drawn",""
"HOME-02-D1366-empty","HOME-02","رئيسية الموظف حسب الصلاحية","HOME","D","1366","empty","فارغ","أساسي","C-FRAME C-NAV C-NOTICE","03-D2-POS.dc.html","owner_approved","not_drawn",""
"HOME-02-D1366-permission_denied","HOME-02","رئيسية الموظف حسب الصلاحية","HOME","D","1366","permission_denied","صلاحية مرفوضة","أساسي","C-FRAME C-NAV C-NOTICE","03-D2-POS.dc.html","owner_approved","not_drawn",""
"HOME-02-D1366-offline","HOME-02","رئيسية الموظف حسب الصلاحية","HOME","D","1366","offline","بلا اتصال","أساسي","C-FRAME C-NAV C-NOTICE","03-D2-POS.dc.html","owner_approved","not_drawn",""
"HOME-02-D1366-stale","HOME-02","رئيسية الموظف حسب الصلاحية","HOME","D","1366","stale","بيانات قديمة","أساسي","C-FRAME C-NAV C-NOTICE","03-D2-POS.dc.html","owner_approved","not_drawn",""
"HOME-02-D1920-ready","HOME-02","رئيسية الموظف حسب الصلاحية","HOME","D","1920","ready","جاهز","أساسي","C-FRAME C-NAV C-NOTICE","03-D2-POS.dc.html","owner_approved","not_drawn",""
"HOME-02-D1920-empty","HOME-02","رئيسية الموظف حسب الصلاحية","HOME","D","1920","empty","فارغ","أساسي","C-FRAME C-NAV C-NOTICE","03-D2-POS.dc.html","owner_approved","not_drawn",""
"HOME-02-D1920-permission_denied","HOME-02","رئيسية الموظف حسب الصلاحية","HOME","D","1920","permission_denied","صلاحية مرفوضة","أساسي","C-FRAME C-NAV C-NOTICE","03-D2-POS.dc.html","owner_approved","not_drawn",""
"HOME-02-D1920-offline","HOME-02","رئيسية الموظف حسب الصلاحية","HOME","D","1920","offline","بلا اتصال","أساسي","C-FRAME C-NAV C-NOTICE","03-D2-POS.dc.html","owner_approved","not_drawn",""
"HOME-02-D1920-stale","HOME-02","رئيسية الموظف حسب الصلاحية","HOME","D","1920","stale","بيانات قديمة","أساسي","C-FRAME C-NAV C-NOTICE","03-D2-POS.dc.html","owner_approved","not_drawn",""
"HOME-03-W390-ready","HOME-03","بحث عام وإشعارات سريعة","HOME","W","390","ready","جاهز","أساسي","C-PICK C-TIMELIST C-NOTICE","03-D2-POS.dc.html","owner_approved","not_drawn",""
"HOME-03-W390-loading","HOME-03","بحث عام وإشعارات سريعة","HOME","W","390","loading","تحميل","أساسي","C-PICK C-TIMELIST C-NOTICE","03-D2-POS.dc.html","owner_approved","not_drawn",""
"HOME-03-W390-empty","HOME-03","بحث عام وإشعارات سريعة","HOME","W","390","empty","فارغ","أساسي","C-PICK C-TIMELIST C-NOTICE","03-D2-POS.dc.html","owner_approved","not_drawn",""
"HOME-03-W390-permission_denied","HOME-03","بحث عام وإشعارات سريعة","HOME","W","390","permission_denied","صلاحية مرفوضة","أساسي","C-PICK C-TIMELIST C-NOTICE","03-D2-POS.dc.html","owner_approved","not_drawn",""
"HOME-03-W390-offline","HOME-03","بحث عام وإشعارات سريعة","HOME","W","390","offline","بلا اتصال","أساسي","C-PICK C-TIMELIST C-NOTICE","03-D2-POS.dc.html","owner_approved","not_drawn",""
"HOME-03-W834-ready","HOME-03","بحث عام وإشعارات سريعة","HOME","W","834","ready","جاهز","أساسي","C-PICK C-TIMELIST C-NOTICE","03-D2-POS.dc.html","owner_approved","not_drawn",""
"HOME-03-W834-loading","HOME-03","بحث عام وإشعارات سريعة","HOME","W","834","loading","تحميل","أساسي","C-PICK C-TIMELIST C-NOTICE","03-D2-POS.dc.html","owner_approved","not_drawn",""
"HOME-03-W834-empty","HOME-03","بحث عام وإشعارات سريعة","HOME","W","834","empty","فارغ","أساسي","C-PICK C-TIMELIST C-NOTICE","03-D2-POS.dc.html","owner_approved","not_drawn",""
"HOME-03-W834-permission_denied","HOME-03","بحث عام وإشعارات سريعة","HOME","W","834","permission_denied","صلاحية مرفوضة","أساسي","C-PICK C-TIMELIST C-NOTICE","03-D2-POS.dc.html","owner_approved","not_drawn",""
"HOME-03-W834-offline","HOME-03","بحث عام وإشعارات سريعة","HOME","W","834","offline","بلا اتصال","أساسي","C-PICK C-TIMELIST C-NOTICE","03-D2-POS.dc.html","owner_approved","not_drawn",""
"HOME-03-W1440-ready","HOME-03","بحث عام وإشعارات سريعة","HOME","W","1440","ready","جاهز","أساسي","C-PICK C-TIMELIST C-NOTICE","03-D2-POS.dc.html","owner_approved","drawn","31-D23-Catalog-Home-Shift.dc.html#HOME-03"
"HOME-03-W1440-loading","HOME-03","بحث عام وإشعارات سريعة","HOME","W","1440","loading","تحميل","أساسي","C-PICK C-TIMELIST C-NOTICE","03-D2-POS.dc.html","owner_approved","drawn","31-D23-Catalog-Home-Shift.dc.html#HOME-03"
"HOME-03-W1440-empty","HOME-03","بحث عام وإشعارات سريعة","HOME","W","1440","empty","فارغ","أساسي","C-PICK C-TIMELIST C-NOTICE","03-D2-POS.dc.html","owner_approved","drawn","31-D23-Catalog-Home-Shift.dc.html#HOME-03"
"HOME-03-W1440-permission_denied","HOME-03","بحث عام وإشعارات سريعة","HOME","W","1440","permission_denied","صلاحية مرفوضة","أساسي","C-PICK C-TIMELIST C-NOTICE","03-D2-POS.dc.html","owner_approved","drawn","31-D23-Catalog-Home-Shift.dc.html#HOME-03"
"HOME-03-W1440-offline","HOME-03","بحث عام وإشعارات سريعة","HOME","W","1440","offline","بلا اتصال","أساسي","C-PICK C-TIMELIST C-NOTICE","03-D2-POS.dc.html","owner_approved","drawn","31-D23-Catalog-Home-Shift.dc.html#HOME-03"
"HOME-03-M390-ready","HOME-03","بحث عام وإشعارات سريعة","HOME","M","390","ready","جاهز","أساسي","C-PICK C-TIMELIST C-NOTICE","03-D2-POS.dc.html","owner_approved","drawn","31-D23-Catalog-Home-Shift.dc.html#HOME-03"
"HOME-03-M390-loading","HOME-03","بحث عام وإشعارات سريعة","HOME","M","390","loading","تحميل","أساسي","C-PICK C-TIMELIST C-NOTICE","03-D2-POS.dc.html","owner_approved","not_drawn",""
"HOME-03-M390-empty","HOME-03","بحث عام وإشعارات سريعة","HOME","M","390","empty","فارغ","أساسي","C-PICK C-TIMELIST C-NOTICE","03-D2-POS.dc.html","owner_approved","not_drawn",""
"HOME-03-M390-permission_denied","HOME-03","بحث عام وإشعارات سريعة","HOME","M","390","permission_denied","صلاحية مرفوضة","أساسي","C-PICK C-TIMELIST C-NOTICE","03-D2-POS.dc.html","owner_approved","not_drawn",""
"HOME-03-M390-offline","HOME-03","بحث عام وإشعارات سريعة","HOME","M","390","offline","بلا اتصال","أساسي","C-PICK C-TIMELIST C-NOTICE","03-D2-POS.dc.html","owner_approved","not_drawn",""
"HOME-03-D1366-ready","HOME-03","بحث عام وإشعارات سريعة","HOME","D","1366","ready","جاهز","أساسي","C-PICK C-TIMELIST C-NOTICE","03-D2-POS.dc.html","owner_approved","not_drawn",""
"HOME-03-D1366-loading","HOME-03","بحث عام وإشعارات سريعة","HOME","D","1366","loading","تحميل","أساسي","C-PICK C-TIMELIST C-NOTICE","03-D2-POS.dc.html","owner_approved","not_drawn",""
"HOME-03-D1366-empty","HOME-03","بحث عام وإشعارات سريعة","HOME","D","1366","empty","فارغ","أساسي","C-PICK C-TIMELIST C-NOTICE","03-D2-POS.dc.html","owner_approved","not_drawn",""
"HOME-03-D1366-permission_denied","HOME-03","بحث عام وإشعارات سريعة","HOME","D","1366","permission_denied","صلاحية مرفوضة","أساسي","C-PICK C-TIMELIST C-NOTICE","03-D2-POS.dc.html","owner_approved","not_drawn",""
"HOME-03-D1366-offline","HOME-03","بحث عام وإشعارات سريعة","HOME","D","1366","offline","بلا اتصال","أساسي","C-PICK C-TIMELIST C-NOTICE","03-D2-POS.dc.html","owner_approved","not_drawn",""
"HOME-03-D1920-ready","HOME-03","بحث عام وإشعارات سريعة","HOME","D","1920","ready","جاهز","أساسي","C-PICK C-TIMELIST C-NOTICE","03-D2-POS.dc.html","owner_approved","drawn","31-D23-Catalog-Home-Shift.dc.html#HOME-03"
"HOME-03-D1920-loading","HOME-03","بحث عام وإشعارات سريعة","HOME","D","1920","loading","تحميل","أساسي","C-PICK C-TIMELIST C-NOTICE","03-D2-POS.dc.html","owner_approved","not_drawn",""
"HOME-03-D1920-empty","HOME-03","بحث عام وإشعارات سريعة","HOME","D","1920","empty","فارغ","أساسي","C-PICK C-TIMELIST C-NOTICE","03-D2-POS.dc.html","owner_approved","not_drawn",""
"HOME-03-D1920-permission_denied","HOME-03","بحث عام وإشعارات سريعة","HOME","D","1920","permission_denied","صلاحية مرفوضة","أساسي","C-PICK C-TIMELIST C-NOTICE","03-D2-POS.dc.html","owner_approved","not_drawn",""
"HOME-03-D1920-offline","HOME-03","بحث عام وإشعارات سريعة","HOME","D","1920","offline","بلا اتصال","أساسي","C-PICK C-TIMELIST C-NOTICE","03-D2-POS.dc.html","owner_approved","not_drawn",""
"POS-01-W390-ready","POS-01","نقطة البيع والسلة","POS","W","390","ready","جاهز","أساسي","C-CART C-PICK C-QTYUNIT C-SYNC","03-D2-POS.dc.html","owner_approved","not_drawn",""
"POS-01-W390-loading","POS-01","نقطة البيع والسلة","POS","W","390","loading","تحميل","أساسي","C-CART C-PICK C-QTYUNIT C-SYNC","03-D2-POS.dc.html","owner_approved","not_drawn",""
"POS-01-W390-empty","POS-01","نقطة البيع والسلة","POS","W","390","empty","فارغ","أساسي","C-CART C-PICK C-QTYUNIT C-SYNC","03-D2-POS.dc.html","owner_approved","not_drawn",""
"POS-01-W390-offline","POS-01","نقطة البيع والسلة","POS","W","390","offline","بلا اتصال","أساسي","C-CART C-PICK C-QTYUNIT C-SYNC","03-D2-POS.dc.html","owner_approved","not_drawn",""
"POS-01-W390-stale","POS-01","نقطة البيع والسلة","POS","W","390","stale","بيانات قديمة","أساسي","C-CART C-PICK C-QTYUNIT C-SYNC","03-D2-POS.dc.html","owner_approved","not_drawn",""
"POS-01-W390-permission_denied","POS-01","نقطة البيع والسلة","POS","W","390","permission_denied","صلاحية مرفوضة","أساسي","C-CART C-PICK C-QTYUNIT C-SYNC","03-D2-POS.dc.html","owner_approved","not_drawn",""
"POS-01-W834-ready","POS-01","نقطة البيع والسلة","POS","W","834","ready","جاهز","أساسي","C-CART C-PICK C-QTYUNIT C-SYNC","03-D2-POS.dc.html","owner_approved","not_drawn",""
"POS-01-W834-loading","POS-01","نقطة البيع والسلة","POS","W","834","loading","تحميل","أساسي","C-CART C-PICK C-QTYUNIT C-SYNC","03-D2-POS.dc.html","owner_approved","not_drawn",""
"POS-01-W834-empty","POS-01","نقطة البيع والسلة","POS","W","834","empty","فارغ","أساسي","C-CART C-PICK C-QTYUNIT C-SYNC","03-D2-POS.dc.html","owner_approved","not_drawn",""
"POS-01-W834-offline","POS-01","نقطة البيع والسلة","POS","W","834","offline","بلا اتصال","أساسي","C-CART C-PICK C-QTYUNIT C-SYNC","03-D2-POS.dc.html","owner_approved","not_drawn",""
"POS-01-W834-stale","POS-01","نقطة البيع والسلة","POS","W","834","stale","بيانات قديمة","أساسي","C-CART C-PICK C-QTYUNIT C-SYNC","03-D2-POS.dc.html","owner_approved","not_drawn",""
"POS-01-W834-permission_denied","POS-01","نقطة البيع والسلة","POS","W","834","permission_denied","صلاحية مرفوضة","أساسي","C-CART C-PICK C-QTYUNIT C-SYNC","03-D2-POS.dc.html","owner_approved","not_drawn",""
"POS-01-W1440-ready","POS-01","نقطة البيع والسلة","POS","W","1440","ready","جاهز","أساسي","C-CART C-PICK C-QTYUNIT C-SYNC","03-D2-POS.dc.html","owner_approved","drawn","03-D2-POS.dc.html#POS-01"
"POS-01-W1440-loading","POS-01","نقطة البيع والسلة","POS","W","1440","loading","تحميل","أساسي","C-CART C-PICK C-QTYUNIT C-SYNC","03-D2-POS.dc.html","owner_approved","drawn","42-D34-POS-Complete.dc.html#POS-01"
"POS-01-W1440-empty","POS-01","نقطة البيع والسلة","POS","W","1440","empty","فارغ","أساسي","C-CART C-PICK C-QTYUNIT C-SYNC","03-D2-POS.dc.html","owner_approved","drawn","42-D34-POS-Complete.dc.html#POS-01"
"POS-01-W1440-offline","POS-01","نقطة البيع والسلة","POS","W","1440","offline","بلا اتصال","أساسي","C-CART C-PICK C-QTYUNIT C-SYNC","03-D2-POS.dc.html","owner_approved","drawn","42-D34-POS-Complete.dc.html#POS-01"
"POS-01-W1440-stale","POS-01","نقطة البيع والسلة","POS","W","1440","stale","بيانات قديمة","أساسي","C-CART C-PICK C-QTYUNIT C-SYNC","03-D2-POS.dc.html","owner_approved","drawn","42-D34-POS-Complete.dc.html#POS-01"
"POS-01-W1440-permission_denied","POS-01","نقطة البيع والسلة","POS","W","1440","permission_denied","صلاحية مرفوضة","أساسي","C-CART C-PICK C-QTYUNIT C-SYNC","03-D2-POS.dc.html","owner_approved","drawn","42-D34-POS-Complete.dc.html#POS-01"
"POS-01-M390-ready","POS-01","نقطة البيع والسلة","POS","M","390","ready","جاهز","أساسي","C-CART C-PICK C-QTYUNIT C-SYNC","03-D2-POS.dc.html","owner_approved","not_drawn",""
"POS-01-M390-loading","POS-01","نقطة البيع والسلة","POS","M","390","loading","تحميل","أساسي","C-CART C-PICK C-QTYUNIT C-SYNC","03-D2-POS.dc.html","owner_approved","not_drawn",""
"POS-01-M390-empty","POS-01","نقطة البيع والسلة","POS","M","390","empty","فارغ","أساسي","C-CART C-PICK C-QTYUNIT C-SYNC","03-D2-POS.dc.html","owner_approved","not_drawn",""
"POS-01-M390-offline","POS-01","نقطة البيع والسلة","POS","M","390","offline","بلا اتصال","أساسي","C-CART C-PICK C-QTYUNIT C-SYNC","03-D2-POS.dc.html","owner_approved","not_drawn",""
"POS-01-M390-stale","POS-01","نقطة البيع والسلة","POS","M","390","stale","بيانات قديمة","أساسي","C-CART C-PICK C-QTYUNIT C-SYNC","03-D2-POS.dc.html","owner_approved","not_drawn",""
"POS-01-M390-permission_denied","POS-01","نقطة البيع والسلة","POS","M","390","permission_denied","صلاحية مرفوضة","أساسي","C-CART C-PICK C-QTYUNIT C-SYNC","03-D2-POS.dc.html","owner_approved","not_drawn",""
"POS-01-D1366-ready","POS-01","نقطة البيع والسلة","POS","D","1366","ready","جاهز","أساسي","C-CART C-PICK C-QTYUNIT C-SYNC","03-D2-POS.dc.html","owner_approved","not_drawn",""
"POS-01-D1366-loading","POS-01","نقطة البيع والسلة","POS","D","1366","loading","تحميل","أساسي","C-CART C-PICK C-QTYUNIT C-SYNC","03-D2-POS.dc.html","owner_approved","not_drawn",""
"POS-01-D1366-empty","POS-01","نقطة البيع والسلة","POS","D","1366","empty","فارغ","أساسي","C-CART C-PICK C-QTYUNIT C-SYNC","03-D2-POS.dc.html","owner_approved","not_drawn",""
"POS-01-D1366-offline","POS-01","نقطة البيع والسلة","POS","D","1366","offline","بلا اتصال","أساسي","C-CART C-PICK C-QTYUNIT C-SYNC","03-D2-POS.dc.html","owner_approved","not_drawn",""
"POS-01-D1366-stale","POS-01","نقطة البيع والسلة","POS","D","1366","stale","بيانات قديمة","أساسي","C-CART C-PICK C-QTYUNIT C-SYNC","03-D2-POS.dc.html","owner_approved","not_drawn",""
"POS-01-D1366-permission_denied","POS-01","نقطة البيع والسلة","POS","D","1366","permission_denied","صلاحية مرفوضة","أساسي","C-CART C-PICK C-QTYUNIT C-SYNC","03-D2-POS.dc.html","owner_approved","not_drawn",""
"POS-01-D1920-ready","POS-01","نقطة البيع والسلة","POS","D","1920","ready","جاهز","أساسي","C-CART C-PICK C-QTYUNIT C-SYNC","03-D2-POS.dc.html","owner_approved","not_drawn",""
"POS-01-D1920-loading","POS-01","نقطة البيع والسلة","POS","D","1920","loading","تحميل","أساسي","C-CART C-PICK C-QTYUNIT C-SYNC","03-D2-POS.dc.html","owner_approved","not_drawn",""
"POS-01-D1920-empty","POS-01","نقطة البيع والسلة","POS","D","1920","empty","فارغ","أساسي","C-CART C-PICK C-QTYUNIT C-SYNC","03-D2-POS.dc.html","owner_approved","not_drawn",""
"POS-01-D1920-offline","POS-01","نقطة البيع والسلة","POS","D","1920","offline","بلا اتصال","أساسي","C-CART C-PICK C-QTYUNIT C-SYNC","03-D2-POS.dc.html","owner_approved","not_drawn",""
"POS-01-D1920-stale","POS-01","نقطة البيع والسلة","POS","D","1920","stale","بيانات قديمة","أساسي","C-CART C-PICK C-QTYUNIT C-SYNC","03-D2-POS.dc.html","owner_approved","not_drawn",""
"POS-01-D1920-permission_denied","POS-01","نقطة البيع والسلة","POS","D","1920","permission_denied","صلاحية مرفوضة","أساسي","C-CART C-PICK C-QTYUNIT C-SYNC","03-D2-POS.dc.html","owner_approved","not_drawn",""
"POS-02-W390-ready","POS-02","اختيار وحدة أو وزن","POS","W","390","ready","جاهز","أساسي","C-QTYUNIT C-SHEET C-DIALOG","03-D2-POS.dc.html","owner_approved","not_drawn",""
"POS-02-W390-validation_error","POS-02","اختيار وحدة أو وزن","POS","W","390","validation_error","خطأ تحقق","أساسي","C-QTYUNIT C-SHEET C-DIALOG","03-D2-POS.dc.html","owner_approved","not_drawn",""
"POS-02-W834-ready","POS-02","اختيار وحدة أو وزن","POS","W","834","ready","جاهز","أساسي","C-QTYUNIT C-SHEET C-DIALOG","03-D2-POS.dc.html","owner_approved","not_drawn",""
"POS-02-W834-validation_error","POS-02","اختيار وحدة أو وزن","POS","W","834","validation_error","خطأ تحقق","أساسي","C-QTYUNIT C-SHEET C-DIALOG","03-D2-POS.dc.html","owner_approved","not_drawn",""
"POS-02-W1440-ready","POS-02","اختيار وحدة أو وزن","POS","W","1440","ready","جاهز","أساسي","C-QTYUNIT C-SHEET C-DIALOG","03-D2-POS.dc.html","owner_approved","drawn","03-D2-POS.dc.html#POS-02"
"POS-02-W1440-validation_error","POS-02","اختيار وحدة أو وزن","POS","W","1440","validation_error","خطأ تحقق","أساسي","C-QTYUNIT C-SHEET C-DIALOG","03-D2-POS.dc.html","owner_approved","drawn","03-D2-POS.dc.html#POS-02"
"POS-02-M390-ready","POS-02","اختيار وحدة أو وزن","POS","M","390","ready","جاهز","أساسي","C-QTYUNIT C-SHEET C-DIALOG","03-D2-POS.dc.html","owner_approved","not_drawn",""
"POS-02-M390-validation_error","POS-02","اختيار وحدة أو وزن","POS","M","390","validation_error","خطأ تحقق","أساسي","C-QTYUNIT C-SHEET C-DIALOG","03-D2-POS.dc.html","owner_approved","not_drawn",""
"POS-02-D1366-ready","POS-02","اختيار وحدة أو وزن","POS","D","1366","ready","جاهز","أساسي","C-QTYUNIT C-SHEET C-DIALOG","03-D2-POS.dc.html","owner_approved","not_drawn",""
"POS-02-D1366-validation_error","POS-02","اختيار وحدة أو وزن","POS","D","1366","validation_error","خطأ تحقق","أساسي","C-QTYUNIT C-SHEET C-DIALOG","03-D2-POS.dc.html","owner_approved","not_drawn",""
"POS-02-D1920-ready","POS-02","اختيار وحدة أو وزن","POS","D","1920","ready","جاهز","أساسي","C-QTYUNIT C-SHEET C-DIALOG","03-D2-POS.dc.html","owner_approved","not_drawn",""
"POS-02-D1920-validation_error","POS-02","اختيار وحدة أو وزن","POS","D","1920","validation_error","خطأ تحقق","أساسي","C-QTYUNIT C-SHEET C-DIALOG","03-D2-POS.dc.html","owner_approved","not_drawn",""
"POS-02-W390-empty","POS-02","اختيار وحدة أو وزن","POS","W","390","empty","فارغ","أساسي","C-QTYUNIT C-SHEET C-DIALOG","03-D2-POS.dc.html","owner_approved","not_drawn",""
"POS-02-W834-empty","POS-02","اختيار وحدة أو وزن","POS","W","834","empty","فارغ","أساسي","C-QTYUNIT C-SHEET C-DIALOG","03-D2-POS.dc.html","owner_approved","not_drawn",""
"POS-02-W1440-empty","POS-02","اختيار وحدة أو وزن","POS","W","1440","empty","فارغ","أساسي","C-QTYUNIT C-SHEET C-DIALOG","03-D2-POS.dc.html","owner_approved","drawn","14-D9-POS-Inventory-States.dc.html#POS-02"
"POS-02-M390-empty","POS-02","اختيار وحدة أو وزن","POS","M","390","empty","فارغ","أساسي","C-QTYUNIT C-SHEET C-DIALOG","03-D2-POS.dc.html","owner_approved","drawn","14-D9-POS-Inventory-States.dc.html#POS-02"
"POS-02-D1366-empty","POS-02","اختيار وحدة أو وزن","POS","D","1366","empty","فارغ","أساسي","C-QTYUNIT C-SHEET C-DIALOG","03-D2-POS.dc.html","owner_approved","not_drawn",""
"POS-02-D1920-empty","POS-02","اختيار وحدة أو وزن","POS","D","1920","empty","فارغ","أساسي","C-QTYUNIT C-SHEET C-DIALOG","03-D2-POS.dc.html","owner_approved","not_drawn",""
"POS-03-W390-ready","POS-03","خصم وتجاوز سعر","POS","W","390","ready","جاهز","أساسي","C-MONEY C-DIALOG C-FIELD","03-D2-POS.dc.html","owner_approved","not_drawn",""
"POS-03-W390-validation_error","POS-03","خصم وتجاوز سعر","POS","W","390","validation_error","خطأ تحقق","أساسي","C-MONEY C-DIALOG C-FIELD","03-D2-POS.dc.html","owner_approved","not_drawn",""
"POS-03-W390-permission_denied","POS-03","خصم وتجاوز سعر","POS","W","390","permission_denied","صلاحية مرفوضة","أساسي","C-MONEY C-DIALOG C-FIELD","03-D2-POS.dc.html","owner_approved","not_drawn",""
"POS-03-W834-ready","POS-03","خصم وتجاوز سعر","POS","W","834","ready","جاهز","أساسي","C-MONEY C-DIALOG C-FIELD","03-D2-POS.dc.html","owner_approved","not_drawn",""
"POS-03-W834-validation_error","POS-03","خصم وتجاوز سعر","POS","W","834","validation_error","خطأ تحقق","أساسي","C-MONEY C-DIALOG C-FIELD","03-D2-POS.dc.html","owner_approved","not_drawn",""
"POS-03-W834-permission_denied","POS-03","خصم وتجاوز سعر","POS","W","834","permission_denied","صلاحية مرفوضة","أساسي","C-MONEY C-DIALOG C-FIELD","03-D2-POS.dc.html","owner_approved","not_drawn",""
"POS-03-W1440-ready","POS-03","خصم وتجاوز سعر","POS","W","1440","ready","جاهز","أساسي","C-MONEY C-DIALOG C-FIELD","03-D2-POS.dc.html","owner_approved","drawn","03-D2-POS.dc.html#POS-03"
"POS-03-W1440-validation_error","POS-03","خصم وتجاوز سعر","POS","W","1440","validation_error","خطأ تحقق","أساسي","C-MONEY C-DIALOG C-FIELD","03-D2-POS.dc.html","owner_approved","drawn","42-D34-POS-Complete.dc.html#POS-03"
"POS-03-W1440-permission_denied","POS-03","خصم وتجاوز سعر","POS","W","1440","permission_denied","صلاحية مرفوضة","أساسي","C-MONEY C-DIALOG C-FIELD","03-D2-POS.dc.html","owner_approved","drawn","03-D2-POS.dc.html#POS-03"
"POS-03-M390-ready","POS-03","خصم وتجاوز سعر","POS","M","390","ready","جاهز","أساسي","C-MONEY C-DIALOG C-FIELD","03-D2-POS.dc.html","owner_approved","not_drawn",""
"POS-03-M390-validation_error","POS-03","خصم وتجاوز سعر","POS","M","390","validation_error","خطأ تحقق","أساسي","C-MONEY C-DIALOG C-FIELD","03-D2-POS.dc.html","owner_approved","not_drawn",""
"POS-03-M390-permission_denied","POS-03","خصم وتجاوز سعر","POS","M","390","permission_denied","صلاحية مرفوضة","أساسي","C-MONEY C-DIALOG C-FIELD","03-D2-POS.dc.html","owner_approved","not_drawn",""
"POS-03-D1366-ready","POS-03","خصم وتجاوز سعر","POS","D","1366","ready","جاهز","أساسي","C-MONEY C-DIALOG C-FIELD","03-D2-POS.dc.html","owner_approved","not_drawn",""
"POS-03-D1366-validation_error","POS-03","خصم وتجاوز سعر","POS","D","1366","validation_error","خطأ تحقق","أساسي","C-MONEY C-DIALOG C-FIELD","03-D2-POS.dc.html","owner_approved","not_drawn",""
"POS-03-D1366-permission_denied","POS-03","خصم وتجاوز سعر","POS","D","1366","permission_denied","صلاحية مرفوضة","أساسي","C-MONEY C-DIALOG C-FIELD","03-D2-POS.dc.html","owner_approved","not_drawn",""
"POS-03-D1920-ready","POS-03","خصم وتجاوز سعر","POS","D","1920","ready","جاهز","أساسي","C-MONEY C-DIALOG C-FIELD","03-D2-POS.dc.html","owner_approved","not_drawn",""
"POS-03-D1920-validation_error","POS-03","خصم وتجاوز سعر","POS","D","1920","validation_error","خطأ تحقق","أساسي","C-MONEY C-DIALOG C-FIELD","03-D2-POS.dc.html","owner_approved","not_drawn",""
"POS-03-D1920-permission_denied","POS-03","خصم وتجاوز سعر","POS","D","1920","permission_denied","صلاحية مرفوضة","أساسي","C-MONEY C-DIALOG C-FIELD","03-D2-POS.dc.html","owner_approved","not_drawn",""
"POS-04-W390-ready","POS-04","اختيار عميل وإنشاء سريع","POS","W","390","ready","جاهز","أساسي","C-PICK C-FIELD C-NOTICE","03-D2-POS.dc.html","owner_approved","not_drawn",""
"POS-04-W390-empty","POS-04","اختيار عميل وإنشاء سريع","POS","W","390","empty","فارغ","أساسي","C-PICK C-FIELD C-NOTICE","03-D2-POS.dc.html","owner_approved","not_drawn",""
"POS-04-W390-validation_error","POS-04","اختيار عميل وإنشاء سريع","POS","W","390","validation_error","خطأ تحقق","أساسي","C-PICK C-FIELD C-NOTICE","03-D2-POS.dc.html","owner_approved","not_drawn",""
"POS-04-W390-permission_denied","POS-04","اختيار عميل وإنشاء سريع","POS","W","390","permission_denied","صلاحية مرفوضة","أساسي","C-PICK C-FIELD C-NOTICE","03-D2-POS.dc.html","owner_approved","not_drawn",""
"POS-04-W390-offline","POS-04","اختيار عميل وإنشاء سريع","POS","W","390","offline","بلا اتصال","أساسي","C-PICK C-FIELD C-NOTICE","03-D2-POS.dc.html","owner_approved","not_drawn",""
"POS-04-W834-ready","POS-04","اختيار عميل وإنشاء سريع","POS","W","834","ready","جاهز","أساسي","C-PICK C-FIELD C-NOTICE","03-D2-POS.dc.html","owner_approved","not_drawn",""
"POS-04-W834-empty","POS-04","اختيار عميل وإنشاء سريع","POS","W","834","empty","فارغ","أساسي","C-PICK C-FIELD C-NOTICE","03-D2-POS.dc.html","owner_approved","not_drawn",""
"POS-04-W834-validation_error","POS-04","اختيار عميل وإنشاء سريع","POS","W","834","validation_error","خطأ تحقق","أساسي","C-PICK C-FIELD C-NOTICE","03-D2-POS.dc.html","owner_approved","not_drawn",""
"POS-04-W834-permission_denied","POS-04","اختيار عميل وإنشاء سريع","POS","W","834","permission_denied","صلاحية مرفوضة","أساسي","C-PICK C-FIELD C-NOTICE","03-D2-POS.dc.html","owner_approved","not_drawn",""
"POS-04-W834-offline","POS-04","اختيار عميل وإنشاء سريع","POS","W","834","offline","بلا اتصال","أساسي","C-PICK C-FIELD C-NOTICE","03-D2-POS.dc.html","owner_approved","not_drawn",""
"POS-04-W1440-ready","POS-04","اختيار عميل وإنشاء سريع","POS","W","1440","ready","جاهز","أساسي","C-PICK C-FIELD C-NOTICE","03-D2-POS.dc.html","owner_approved","drawn","03-D2-POS.dc.html#POS-04"
"POS-04-W1440-empty","POS-04","اختيار عميل وإنشاء سريع","POS","W","1440","empty","فارغ","أساسي","C-PICK C-FIELD C-NOTICE","03-D2-POS.dc.html","owner_approved","drawn","42-D34-POS-Complete.dc.html#POS-04"
"POS-04-W1440-validation_error","POS-04","اختيار عميل وإنشاء سريع","POS","W","1440","validation_error","خطأ تحقق","أساسي","C-PICK C-FIELD C-NOTICE","03-D2-POS.dc.html","owner_approved","drawn","42-D34-POS-Complete.dc.html#POS-04"
"POS-04-W1440-permission_denied","POS-04","اختيار عميل وإنشاء سريع","POS","W","1440","permission_denied","صلاحية مرفوضة","أساسي","C-PICK C-FIELD C-NOTICE","03-D2-POS.dc.html","owner_approved","drawn","42-D34-POS-Complete.dc.html#POS-04"
"POS-04-W1440-offline","POS-04","اختيار عميل وإنشاء سريع","POS","W","1440","offline","بلا اتصال","أساسي","C-PICK C-FIELD C-NOTICE","03-D2-POS.dc.html","owner_approved","drawn","42-D34-POS-Complete.dc.html#POS-04"
"POS-04-M390-ready","POS-04","اختيار عميل وإنشاء سريع","POS","M","390","ready","جاهز","أساسي","C-PICK C-FIELD C-NOTICE","03-D2-POS.dc.html","owner_approved","not_drawn",""
"POS-04-M390-empty","POS-04","اختيار عميل وإنشاء سريع","POS","M","390","empty","فارغ","أساسي","C-PICK C-FIELD C-NOTICE","03-D2-POS.dc.html","owner_approved","not_drawn",""
"POS-04-M390-validation_error","POS-04","اختيار عميل وإنشاء سريع","POS","M","390","validation_error","خطأ تحقق","أساسي","C-PICK C-FIELD C-NOTICE","03-D2-POS.dc.html","owner_approved","not_drawn",""
"POS-04-M390-permission_denied","POS-04","اختيار عميل وإنشاء سريع","POS","M","390","permission_denied","صلاحية مرفوضة","أساسي","C-PICK C-FIELD C-NOTICE","03-D2-POS.dc.html","owner_approved","not_drawn",""
"POS-04-M390-offline","POS-04","اختيار عميل وإنشاء سريع","POS","M","390","offline","بلا اتصال","أساسي","C-PICK C-FIELD C-NOTICE","03-D2-POS.dc.html","owner_approved","not_drawn",""
"POS-04-D1366-ready","POS-04","اختيار عميل وإنشاء سريع","POS","D","1366","ready","جاهز","أساسي","C-PICK C-FIELD C-NOTICE","03-D2-POS.dc.html","owner_approved","not_drawn",""
"POS-04-D1366-empty","POS-04","اختيار عميل وإنشاء سريع","POS","D","1366","empty","فارغ","أساسي","C-PICK C-FIELD C-NOTICE","03-D2-POS.dc.html","owner_approved","not_drawn",""
"POS-04-D1366-validation_error","POS-04","اختيار عميل وإنشاء سريع","POS","D","1366","validation_error","خطأ تحقق","أساسي","C-PICK C-FIELD C-NOTICE","03-D2-POS.dc.html","owner_approved","not_drawn",""
"POS-04-D1366-permission_denied","POS-04","اختيار عميل وإنشاء سريع","POS","D","1366","permission_denied","صلاحية مرفوضة","أساسي","C-PICK C-FIELD C-NOTICE","03-D2-POS.dc.html","owner_approved","not_drawn",""
"POS-04-D1366-offline","POS-04","اختيار عميل وإنشاء سريع","POS","D","1366","offline","بلا اتصال","أساسي","C-PICK C-FIELD C-NOTICE","03-D2-POS.dc.html","owner_approved","not_drawn",""
"POS-04-D1920-ready","POS-04","اختيار عميل وإنشاء سريع","POS","D","1920","ready","جاهز","أساسي","C-PICK C-FIELD C-NOTICE","03-D2-POS.dc.html","owner_approved","not_drawn",""
"POS-04-D1920-empty","POS-04","اختيار عميل وإنشاء سريع","POS","D","1920","empty","فارغ","أساسي","C-PICK C-FIELD C-NOTICE","03-D2-POS.dc.html","owner_approved","not_drawn",""
"POS-04-D1920-validation_error","POS-04","اختيار عميل وإنشاء سريع","POS","D","1920","validation_error","خطأ تحقق","أساسي","C-PICK C-FIELD C-NOTICE","03-D2-POS.dc.html","owner_approved","not_drawn",""
"POS-04-D1920-permission_denied","POS-04","اختيار عميل وإنشاء سريع","POS","D","1920","permission_denied","صلاحية مرفوضة","أساسي","C-PICK C-FIELD C-NOTICE","03-D2-POS.dc.html","owner_approved","not_drawn",""
"POS-04-D1920-offline","POS-04","اختيار عميل وإنشاء سريع","POS","D","1920","offline","بلا اتصال","أساسي","C-PICK C-FIELD C-NOTICE","03-D2-POS.dc.html","owner_approved","not_drawn",""
"POS-05-W390-ready","POS-05","الدفع النقدي","POS","W","390","ready","جاهز","أساسي","C-MONEY C-CART C-BTN","03-D2-POS.dc.html","owner_approved","not_drawn",""
"POS-05-W390-validation_error","POS-05","الدفع النقدي","POS","W","390","validation_error","خطأ تحقق","أساسي","C-MONEY C-CART C-BTN","03-D2-POS.dc.html","owner_approved","not_drawn",""
"POS-05-W390-saving","POS-05","الدفع النقدي","POS","W","390","saving","جارٍ الحفظ","أساسي","C-MONEY C-CART C-BTN","03-D2-POS.dc.html","owner_approved","not_drawn",""
"POS-05-W390-saved_local","POS-05","الدفع النقدي","POS","W","390","saved_local","محفوظ محلياً","أساسي","C-MONEY C-CART C-BTN","03-D2-POS.dc.html","owner_approved","not_drawn",""
"POS-05-W390-success","POS-05","الدفع النقدي","POS","W","390","success","نجاح","أساسي","C-MONEY C-CART C-BTN","03-D2-POS.dc.html","owner_approved","not_drawn",""
"POS-05-W834-ready","POS-05","الدفع النقدي","POS","W","834","ready","جاهز","أساسي","C-MONEY C-CART C-BTN","03-D2-POS.dc.html","owner_approved","not_drawn",""
"POS-05-W834-validation_error","POS-05","الدفع النقدي","POS","W","834","validation_error","خطأ تحقق","أساسي","C-MONEY C-CART C-BTN","03-D2-POS.dc.html","owner_approved","not_drawn",""
"POS-05-W834-saving","POS-05","الدفع النقدي","POS","W","834","saving","جارٍ الحفظ","أساسي","C-MONEY C-CART C-BTN","03-D2-POS.dc.html","owner_approved","not_drawn",""
"POS-05-W834-saved_local","POS-05","الدفع النقدي","POS","W","834","saved_local","محفوظ محلياً","أساسي","C-MONEY C-CART C-BTN","03-D2-POS.dc.html","owner_approved","not_drawn",""
"POS-05-W834-success","POS-05","الدفع النقدي","POS","W","834","success","نجاح","أساسي","C-MONEY C-CART C-BTN","03-D2-POS.dc.html","owner_approved","not_drawn",""
"POS-05-W1440-ready","POS-05","الدفع النقدي","POS","W","1440","ready","جاهز","أساسي","C-MONEY C-CART C-BTN","03-D2-POS.dc.html","owner_approved","drawn","03-D2-POS.dc.html#POS-05"
"POS-05-W1440-validation_error","POS-05","الدفع النقدي","POS","W","1440","validation_error","خطأ تحقق","أساسي","C-MONEY C-CART C-BTN","03-D2-POS.dc.html","owner_approved","drawn","14-D9-POS-Inventory-States.dc.html#POS-05"
"POS-05-W1440-saving","POS-05","الدفع النقدي","POS","W","1440","saving","جارٍ الحفظ","أساسي","C-MONEY C-CART C-BTN","03-D2-POS.dc.html","owner_approved","drawn","42-D34-POS-Complete.dc.html#POS-05"
"POS-05-W1440-saved_local","POS-05","الدفع النقدي","POS","W","1440","saved_local","محفوظ محلياً","أساسي","C-MONEY C-CART C-BTN","03-D2-POS.dc.html","owner_approved","drawn","42-D34-POS-Complete.dc.html#POS-05"
"POS-05-W1440-success","POS-05","الدفع النقدي","POS","W","1440","success","نجاح","أساسي","C-MONEY C-CART C-BTN","03-D2-POS.dc.html","owner_approved","drawn","42-D34-POS-Complete.dc.html#POS-05"
"POS-05-M390-ready","POS-05","الدفع النقدي","POS","M","390","ready","جاهز","أساسي","C-MONEY C-CART C-BTN","03-D2-POS.dc.html","owner_approved","not_drawn",""
"POS-05-M390-validation_error","POS-05","الدفع النقدي","POS","M","390","validation_error","خطأ تحقق","أساسي","C-MONEY C-CART C-BTN","03-D2-POS.dc.html","owner_approved","not_drawn",""
"POS-05-M390-saving","POS-05","الدفع النقدي","POS","M","390","saving","جارٍ الحفظ","أساسي","C-MONEY C-CART C-BTN","03-D2-POS.dc.html","owner_approved","not_drawn",""
"POS-05-M390-saved_local","POS-05","الدفع النقدي","POS","M","390","saved_local","محفوظ محلياً","أساسي","C-MONEY C-CART C-BTN","03-D2-POS.dc.html","owner_approved","not_drawn",""
"POS-05-M390-success","POS-05","الدفع النقدي","POS","M","390","success","نجاح","أساسي","C-MONEY C-CART C-BTN","03-D2-POS.dc.html","owner_approved","not_drawn",""
"POS-05-D1366-ready","POS-05","الدفع النقدي","POS","D","1366","ready","جاهز","أساسي","C-MONEY C-CART C-BTN","03-D2-POS.dc.html","owner_approved","not_drawn",""
"POS-05-D1366-validation_error","POS-05","الدفع النقدي","POS","D","1366","validation_error","خطأ تحقق","أساسي","C-MONEY C-CART C-BTN","03-D2-POS.dc.html","owner_approved","not_drawn",""
"POS-05-D1366-saving","POS-05","الدفع النقدي","POS","D","1366","saving","جارٍ الحفظ","أساسي","C-MONEY C-CART C-BTN","03-D2-POS.dc.html","owner_approved","not_drawn",""
"POS-05-D1366-saved_local","POS-05","الدفع النقدي","POS","D","1366","saved_local","محفوظ محلياً","أساسي","C-MONEY C-CART C-BTN","03-D2-POS.dc.html","owner_approved","not_drawn",""
"POS-05-D1366-success","POS-05","الدفع النقدي","POS","D","1366","success","نجاح","أساسي","C-MONEY C-CART C-BTN","03-D2-POS.dc.html","owner_approved","not_drawn",""
"POS-05-D1920-ready","POS-05","الدفع النقدي","POS","D","1920","ready","جاهز","أساسي","C-MONEY C-CART C-BTN","03-D2-POS.dc.html","owner_approved","not_drawn",""
"POS-05-D1920-validation_error","POS-05","الدفع النقدي","POS","D","1920","validation_error","خطأ تحقق","أساسي","C-MONEY C-CART C-BTN","03-D2-POS.dc.html","owner_approved","not_drawn",""
"POS-05-D1920-saving","POS-05","الدفع النقدي","POS","D","1920","saving","جارٍ الحفظ","أساسي","C-MONEY C-CART C-BTN","03-D2-POS.dc.html","owner_approved","not_drawn",""
"POS-05-D1920-saved_local","POS-05","الدفع النقدي","POS","D","1920","saved_local","محفوظ محلياً","أساسي","C-MONEY C-CART C-BTN","03-D2-POS.dc.html","owner_approved","not_drawn",""
"POS-05-D1920-success","POS-05","الدفع النقدي","POS","D","1920","success","نجاح","أساسي","C-MONEY C-CART C-BTN","03-D2-POS.dc.html","owner_approved","not_drawn",""
"POS-06-W390-ready","POS-06","الدفع الآجل","POS","W","390","ready","جاهز","أساسي","C-MONEY C-LEDLINE C-SYNC","03-D2-POS.dc.html","owner_approved","not_drawn",""
"POS-06-W390-validation_error","POS-06","الدفع الآجل","POS","W","390","validation_error","خطأ تحقق","أساسي","C-MONEY C-LEDLINE C-SYNC","03-D2-POS.dc.html","owner_approved","not_drawn",""
"POS-06-W390-permission_denied","POS-06","الدفع الآجل","POS","W","390","permission_denied","صلاحية مرفوضة","أساسي","C-MONEY C-LEDLINE C-SYNC","03-D2-POS.dc.html","owner_approved","not_drawn",""
"POS-06-W390-stale","POS-06","الدفع الآجل","POS","W","390","stale","بيانات قديمة","أساسي","C-MONEY C-LEDLINE C-SYNC","03-D2-POS.dc.html","owner_approved","not_drawn",""
"POS-06-W390-saved_local","POS-06","الدفع الآجل","POS","W","390","saved_local","محفوظ محلياً","أساسي","C-MONEY C-LEDLINE C-SYNC","03-D2-POS.dc.html","owner_approved","not_drawn",""
"POS-06-W834-ready","POS-06","الدفع الآجل","POS","W","834","ready","جاهز","أساسي","C-MONEY C-LEDLINE C-SYNC","03-D2-POS.dc.html","owner_approved","not_drawn",""
"POS-06-W834-validation_error","POS-06","الدفع الآجل","POS","W","834","validation_error","خطأ تحقق","أساسي","C-MONEY C-LEDLINE C-SYNC","03-D2-POS.dc.html","owner_approved","not_drawn",""
"POS-06-W834-permission_denied","POS-06","الدفع الآجل","POS","W","834","permission_denied","صلاحية مرفوضة","أساسي","C-MONEY C-LEDLINE C-SYNC","03-D2-POS.dc.html","owner_approved","not_drawn",""
"POS-06-W834-stale","POS-06","الدفع الآجل","POS","W","834","stale","بيانات قديمة","أساسي","C-MONEY C-LEDLINE C-SYNC","03-D2-POS.dc.html","owner_approved","not_drawn",""
"POS-06-W834-saved_local","POS-06","الدفع الآجل","POS","W","834","saved_local","محفوظ محلياً","أساسي","C-MONEY C-LEDLINE C-SYNC","03-D2-POS.dc.html","owner_approved","not_drawn",""
"POS-06-W1440-ready","POS-06","الدفع الآجل","POS","W","1440","ready","جاهز","أساسي","C-MONEY C-LEDLINE C-SYNC","03-D2-POS.dc.html","owner_approved","drawn","42-D34-POS-Complete.dc.html#POS-06"
"POS-06-W1440-validation_error","POS-06","الدفع الآجل","POS","W","1440","validation_error","خطأ تحقق","أساسي","C-MONEY C-LEDLINE C-SYNC","03-D2-POS.dc.html","owner_approved","drawn","42-D34-POS-Complete.dc.html#POS-06"
"POS-06-W1440-permission_denied","POS-06","الدفع الآجل","POS","W","1440","permission_denied","صلاحية مرفوضة","أساسي","C-MONEY C-LEDLINE C-SYNC","03-D2-POS.dc.html","owner_approved","drawn","42-D34-POS-Complete.dc.html#POS-06"
"POS-06-W1440-stale","POS-06","الدفع الآجل","POS","W","1440","stale","بيانات قديمة","أساسي","C-MONEY C-LEDLINE C-SYNC","03-D2-POS.dc.html","owner_approved","drawn","03-D2-POS.dc.html#POS-06"
"POS-06-W1440-saved_local","POS-06","الدفع الآجل","POS","W","1440","saved_local","محفوظ محلياً","أساسي","C-MONEY C-LEDLINE C-SYNC","03-D2-POS.dc.html","owner_approved","drawn","42-D34-POS-Complete.dc.html#POS-06"
"POS-06-M390-ready","POS-06","الدفع الآجل","POS","M","390","ready","جاهز","أساسي","C-MONEY C-LEDLINE C-SYNC","03-D2-POS.dc.html","owner_approved","not_drawn",""
"POS-06-M390-validation_error","POS-06","الدفع الآجل","POS","M","390","validation_error","خطأ تحقق","أساسي","C-MONEY C-LEDLINE C-SYNC","03-D2-POS.dc.html","owner_approved","not_drawn",""
"POS-06-M390-permission_denied","POS-06","الدفع الآجل","POS","M","390","permission_denied","صلاحية مرفوضة","أساسي","C-MONEY C-LEDLINE C-SYNC","03-D2-POS.dc.html","owner_approved","not_drawn",""
"POS-06-M390-stale","POS-06","الدفع الآجل","POS","M","390","stale","بيانات قديمة","أساسي","C-MONEY C-LEDLINE C-SYNC","03-D2-POS.dc.html","owner_approved","not_drawn",""
"POS-06-M390-saved_local","POS-06","الدفع الآجل","POS","M","390","saved_local","محفوظ محلياً","أساسي","C-MONEY C-LEDLINE C-SYNC","03-D2-POS.dc.html","owner_approved","not_drawn",""
"POS-06-D1366-ready","POS-06","الدفع الآجل","POS","D","1366","ready","جاهز","أساسي","C-MONEY C-LEDLINE C-SYNC","03-D2-POS.dc.html","owner_approved","not_drawn",""
"POS-06-D1366-validation_error","POS-06","الدفع الآجل","POS","D","1366","validation_error","خطأ تحقق","أساسي","C-MONEY C-LEDLINE C-SYNC","03-D2-POS.dc.html","owner_approved","not_drawn",""
"POS-06-D1366-permission_denied","POS-06","الدفع الآجل","POS","D","1366","permission_denied","صلاحية مرفوضة","أساسي","C-MONEY C-LEDLINE C-SYNC","03-D2-POS.dc.html","owner_approved","not_drawn",""
"POS-06-D1366-stale","POS-06","الدفع الآجل","POS","D","1366","stale","بيانات قديمة","أساسي","C-MONEY C-LEDLINE C-SYNC","03-D2-POS.dc.html","owner_approved","not_drawn",""
"POS-06-D1366-saved_local","POS-06","الدفع الآجل","POS","D","1366","saved_local","محفوظ محلياً","أساسي","C-MONEY C-LEDLINE C-SYNC","03-D2-POS.dc.html","owner_approved","not_drawn",""
"POS-06-D1920-ready","POS-06","الدفع الآجل","POS","D","1920","ready","جاهز","أساسي","C-MONEY C-LEDLINE C-SYNC","03-D2-POS.dc.html","owner_approved","not_drawn",""
"POS-06-D1920-validation_error","POS-06","الدفع الآجل","POS","D","1920","validation_error","خطأ تحقق","أساسي","C-MONEY C-LEDLINE C-SYNC","03-D2-POS.dc.html","owner_approved","not_drawn",""
"POS-06-D1920-permission_denied","POS-06","الدفع الآجل","POS","D","1920","permission_denied","صلاحية مرفوضة","أساسي","C-MONEY C-LEDLINE C-SYNC","03-D2-POS.dc.html","owner_approved","not_drawn",""
"POS-06-D1920-stale","POS-06","الدفع الآجل","POS","D","1920","stale","بيانات قديمة","أساسي","C-MONEY C-LEDLINE C-SYNC","03-D2-POS.dc.html","owner_approved","not_drawn",""
"POS-06-D1920-saved_local","POS-06","الدفع الآجل","POS","D","1920","saved_local","محفوظ محلياً","أساسي","C-MONEY C-LEDLINE C-SYNC","03-D2-POS.dc.html","owner_approved","not_drawn",""
"POS-07-W390-ready","POS-07","الدفع المختلط والتحويل","POS","W","390","ready","جاهز","أساسي","C-MONEY C-CART C-NOTICE","03-D2-POS.dc.html","owner_approved","not_drawn",""
"POS-07-W390-validation_error","POS-07","الدفع المختلط والتحويل","POS","W","390","validation_error","خطأ تحقق","أساسي","C-MONEY C-CART C-NOTICE","03-D2-POS.dc.html","owner_approved","not_drawn",""
"POS-07-W390-saving","POS-07","الدفع المختلط والتحويل","POS","W","390","saving","جارٍ الحفظ","أساسي","C-MONEY C-CART C-NOTICE","03-D2-POS.dc.html","owner_approved","not_drawn",""
"POS-07-W390-saved_local","POS-07","الدفع المختلط والتحويل","POS","W","390","saved_local","محفوظ محلياً","أساسي","C-MONEY C-CART C-NOTICE","03-D2-POS.dc.html","owner_approved","not_drawn",""
"POS-07-W390-success","POS-07","الدفع المختلط والتحويل","POS","W","390","success","نجاح","أساسي","C-MONEY C-CART C-NOTICE","03-D2-POS.dc.html","owner_approved","not_drawn",""
"POS-07-W390-server_error","POS-07","الدفع المختلط والتحويل","POS","W","390","server_error","خطأ خادم","أساسي","C-MONEY C-CART C-NOTICE","03-D2-POS.dc.html","owner_approved","not_drawn",""
"POS-07-W834-ready","POS-07","الدفع المختلط والتحويل","POS","W","834","ready","جاهز","أساسي","C-MONEY C-CART C-NOTICE","03-D2-POS.dc.html","owner_approved","not_drawn",""
"POS-07-W834-validation_error","POS-07","الدفع المختلط والتحويل","POS","W","834","validation_error","خطأ تحقق","أساسي","C-MONEY C-CART C-NOTICE","03-D2-POS.dc.html","owner_approved","not_drawn",""
"POS-07-W834-saving","POS-07","الدفع المختلط والتحويل","POS","W","834","saving","جارٍ الحفظ","أساسي","C-MONEY C-CART C-NOTICE","03-D2-POS.dc.html","owner_approved","not_drawn",""
"POS-07-W834-saved_local","POS-07","الدفع المختلط والتحويل","POS","W","834","saved_local","محفوظ محلياً","أساسي","C-MONEY C-CART C-NOTICE","03-D2-POS.dc.html","owner_approved","not_drawn",""
"POS-07-W834-success","POS-07","الدفع المختلط والتحويل","POS","W","834","success","نجاح","أساسي","C-MONEY C-CART C-NOTICE","03-D2-POS.dc.html","owner_approved","not_drawn",""
"POS-07-W834-server_error","POS-07","الدفع المختلط والتحويل","POS","W","834","server_error","خطأ خادم","أساسي","C-MONEY C-CART C-NOTICE","03-D2-POS.dc.html","owner_approved","not_drawn",""
"POS-07-W1440-ready","POS-07","الدفع المختلط والتحويل","POS","W","1440","ready","جاهز","أساسي","C-MONEY C-CART C-NOTICE","03-D2-POS.dc.html","owner_approved","drawn","42-D34-POS-Complete.dc.html#POS-07"
"POS-07-W1440-validation_error","POS-07","الدفع المختلط والتحويل","POS","W","1440","validation_error","خطأ تحقق","أساسي","C-MONEY C-CART C-NOTICE","03-D2-POS.dc.html","owner_approved","drawn","42-D34-POS-Complete.dc.html#POS-07"
"POS-07-W1440-saving","POS-07","الدفع المختلط والتحويل","POS","W","1440","saving","جارٍ الحفظ","أساسي","C-MONEY C-CART C-NOTICE","03-D2-POS.dc.html","owner_approved","drawn","42-D34-POS-Complete.dc.html#POS-07"
"POS-07-W1440-saved_local","POS-07","الدفع المختلط والتحويل","POS","W","1440","saved_local","محفوظ محلياً","أساسي","C-MONEY C-CART C-NOTICE","03-D2-POS.dc.html","owner_approved","drawn","42-D34-POS-Complete.dc.html#POS-07"
"POS-07-W1440-success","POS-07","الدفع المختلط والتحويل","POS","W","1440","success","نجاح","أساسي","C-MONEY C-CART C-NOTICE","03-D2-POS.dc.html","owner_approved","drawn","42-D34-POS-Complete.dc.html#POS-07"
"POS-07-W1440-server_error","POS-07","الدفع المختلط والتحويل","POS","W","1440","server_error","خطأ خادم","أساسي","C-MONEY C-CART C-NOTICE","03-D2-POS.dc.html","owner_approved","drawn","42-D34-POS-Complete.dc.html#POS-07"
"POS-07-M390-ready","POS-07","الدفع المختلط والتحويل","POS","M","390","ready","جاهز","أساسي","C-MONEY C-CART C-NOTICE","03-D2-POS.dc.html","owner_approved","not_drawn",""
"POS-07-M390-validation_error","POS-07","الدفع المختلط والتحويل","POS","M","390","validation_error","خطأ تحقق","أساسي","C-MONEY C-CART C-NOTICE","03-D2-POS.dc.html","owner_approved","not_drawn",""
"POS-07-M390-saving","POS-07","الدفع المختلط والتحويل","POS","M","390","saving","جارٍ الحفظ","أساسي","C-MONEY C-CART C-NOTICE","03-D2-POS.dc.html","owner_approved","not_drawn",""
"POS-07-M390-saved_local","POS-07","الدفع المختلط والتحويل","POS","M","390","saved_local","محفوظ محلياً","أساسي","C-MONEY C-CART C-NOTICE","03-D2-POS.dc.html","owner_approved","not_drawn",""
"POS-07-M390-success","POS-07","الدفع المختلط والتحويل","POS","M","390","success","نجاح","أساسي","C-MONEY C-CART C-NOTICE","03-D2-POS.dc.html","owner_approved","not_drawn",""
"POS-07-M390-server_error","POS-07","الدفع المختلط والتحويل","POS","M","390","server_error","خطأ خادم","أساسي","C-MONEY C-CART C-NOTICE","03-D2-POS.dc.html","owner_approved","not_drawn",""
"POS-07-D1366-ready","POS-07","الدفع المختلط والتحويل","POS","D","1366","ready","جاهز","أساسي","C-MONEY C-CART C-NOTICE","03-D2-POS.dc.html","owner_approved","not_drawn",""
"POS-07-D1366-validation_error","POS-07","الدفع المختلط والتحويل","POS","D","1366","validation_error","خطأ تحقق","أساسي","C-MONEY C-CART C-NOTICE","03-D2-POS.dc.html","owner_approved","not_drawn",""
"POS-07-D1366-saving","POS-07","الدفع المختلط والتحويل","POS","D","1366","saving","جارٍ الحفظ","أساسي","C-MONEY C-CART C-NOTICE","03-D2-POS.dc.html","owner_approved","not_drawn",""
"POS-07-D1366-saved_local","POS-07","الدفع المختلط والتحويل","POS","D","1366","saved_local","محفوظ محلياً","أساسي","C-MONEY C-CART C-NOTICE","03-D2-POS.dc.html","owner_approved","not_drawn",""
"POS-07-D1366-success","POS-07","الدفع المختلط والتحويل","POS","D","1366","success","نجاح","أساسي","C-MONEY C-CART C-NOTICE","03-D2-POS.dc.html","owner_approved","not_drawn",""
"POS-07-D1366-server_error","POS-07","الدفع المختلط والتحويل","POS","D","1366","server_error","خطأ خادم","أساسي","C-MONEY C-CART C-NOTICE","03-D2-POS.dc.html","owner_approved","not_drawn",""
"POS-07-D1920-ready","POS-07","الدفع المختلط والتحويل","POS","D","1920","ready","جاهز","أساسي","C-MONEY C-CART C-NOTICE","03-D2-POS.dc.html","owner_approved","not_drawn",""
"POS-07-D1920-validation_error","POS-07","الدفع المختلط والتحويل","POS","D","1920","validation_error","خطأ تحقق","أساسي","C-MONEY C-CART C-NOTICE","03-D2-POS.dc.html","owner_approved","not_drawn",""
"POS-07-D1920-saving","POS-07","الدفع المختلط والتحويل","POS","D","1920","saving","جارٍ الحفظ","أساسي","C-MONEY C-CART C-NOTICE","03-D2-POS.dc.html","owner_approved","not_drawn",""
"POS-07-D1920-saved_local","POS-07","الدفع المختلط والتحويل","POS","D","1920","saved_local","محفوظ محلياً","أساسي","C-MONEY C-CART C-NOTICE","03-D2-POS.dc.html","owner_approved","not_drawn",""
"POS-07-D1920-success","POS-07","الدفع المختلط والتحويل","POS","D","1920","success","نجاح","أساسي","C-MONEY C-CART C-NOTICE","03-D2-POS.dc.html","owner_approved","not_drawn",""
"POS-07-D1920-server_error","POS-07","الدفع المختلط والتحويل","POS","D","1920","server_error","خطأ خادم","أساسي","C-MONEY C-CART C-NOTICE","03-D2-POS.dc.html","owner_approved","not_drawn",""
"POS-07-W390-partial","POS-07","الدفع المختلط والتحويل","POS","W","390","partial","جزئي","أساسي","C-MONEY C-CART C-NOTICE","03-D2-POS.dc.html","owner_approved","not_drawn",""
"POS-07-W834-partial","POS-07","الدفع المختلط والتحويل","POS","W","834","partial","جزئي","أساسي","C-MONEY C-CART C-NOTICE","03-D2-POS.dc.html","owner_approved","not_drawn",""
"POS-07-W1440-partial","POS-07","الدفع المختلط والتحويل","POS","W","1440","partial","جزئي","أساسي","C-MONEY C-CART C-NOTICE","03-D2-POS.dc.html","owner_approved","drawn","14-D9-POS-Inventory-States.dc.html#POS-07"
"POS-07-M390-partial","POS-07","الدفع المختلط والتحويل","POS","M","390","partial","جزئي","أساسي","C-MONEY C-CART C-NOTICE","03-D2-POS.dc.html","owner_approved","not_drawn",""
"POS-07-D1366-partial","POS-07","الدفع المختلط والتحويل","POS","D","1366","partial","جزئي","أساسي","C-MONEY C-CART C-NOTICE","03-D2-POS.dc.html","owner_approved","not_drawn",""
"POS-07-D1920-partial","POS-07","الدفع المختلط والتحويل","POS","D","1920","partial","جزئي","أساسي","C-MONEY C-CART C-NOTICE","03-D2-POS.dc.html","owner_approved","not_drawn",""
"POS-08-W390-saved_local","POS-08","نجاح البيع والإيصال","POS","W","390","saved_local","محفوظ محلياً","أساسي","C-PRINT C-DOCPRV C-SYNC","03-D2-POS.dc.html","owner_approved","not_drawn",""
"POS-08-W390-pending_sync","POS-08","نجاح البيع والإيصال","POS","W","390","pending_sync","معلّق المزامنة","أساسي","C-PRINT C-DOCPRV C-SYNC","03-D2-POS.dc.html","owner_approved","not_drawn",""
"POS-08-W390-synced","POS-08","نجاح البيع والإيصال","POS","W","390","synced","مؤكد خادمياً","أساسي","C-PRINT C-DOCPRV C-SYNC","03-D2-POS.dc.html","owner_approved","not_drawn",""
"POS-08-W390-success","POS-08","نجاح البيع والإيصال","POS","W","390","success","نجاح","أساسي","C-PRINT C-DOCPRV C-SYNC","03-D2-POS.dc.html","owner_approved","not_drawn",""
"POS-08-W390-server_error","POS-08","نجاح البيع والإيصال","POS","W","390","server_error","خطأ خادم","أساسي","C-PRINT C-DOCPRV C-SYNC","03-D2-POS.dc.html","owner_approved","not_drawn",""
"POS-08-W834-saved_local","POS-08","نجاح البيع والإيصال","POS","W","834","saved_local","محفوظ محلياً","أساسي","C-PRINT C-DOCPRV C-SYNC","03-D2-POS.dc.html","owner_approved","not_drawn",""
"POS-08-W834-pending_sync","POS-08","نجاح البيع والإيصال","POS","W","834","pending_sync","معلّق المزامنة","أساسي","C-PRINT C-DOCPRV C-SYNC","03-D2-POS.dc.html","owner_approved","not_drawn",""
"POS-08-W834-synced","POS-08","نجاح البيع والإيصال","POS","W","834","synced","مؤكد خادمياً","أساسي","C-PRINT C-DOCPRV C-SYNC","03-D2-POS.dc.html","owner_approved","not_drawn",""
"POS-08-W834-success","POS-08","نجاح البيع والإيصال","POS","W","834","success","نجاح","أساسي","C-PRINT C-DOCPRV C-SYNC","03-D2-POS.dc.html","owner_approved","not_drawn",""
"POS-08-W834-server_error","POS-08","نجاح البيع والإيصال","POS","W","834","server_error","خطأ خادم","أساسي","C-PRINT C-DOCPRV C-SYNC","03-D2-POS.dc.html","owner_approved","not_drawn",""
"POS-08-W1440-saved_local","POS-08","نجاح البيع والإيصال","POS","W","1440","saved_local","محفوظ محلياً","أساسي","C-PRINT C-DOCPRV C-SYNC","03-D2-POS.dc.html","owner_approved","drawn","03-D2-POS.dc.html#POS-08"
"POS-08-W1440-pending_sync","POS-08","نجاح البيع والإيصال","POS","W","1440","pending_sync","معلّق المزامنة","أساسي","C-PRINT C-DOCPRV C-SYNC","03-D2-POS.dc.html","owner_approved","drawn","42-D34-POS-Complete.dc.html#POS-08"
"POS-08-W1440-synced","POS-08","نجاح البيع والإيصال","POS","W","1440","synced","مؤكد خادمياً","أساسي","C-PRINT C-DOCPRV C-SYNC","03-D2-POS.dc.html","owner_approved","drawn","03-D2-POS.dc.html#POS-08"
"POS-08-W1440-success","POS-08","نجاح البيع والإيصال","POS","W","1440","success","نجاح","أساسي","C-PRINT C-DOCPRV C-SYNC","03-D2-POS.dc.html","owner_approved","drawn","42-D34-POS-Complete.dc.html#POS-08"
"POS-08-W1440-server_error","POS-08","نجاح البيع والإيصال","POS","W","1440","server_error","خطأ خادم","أساسي","C-PRINT C-DOCPRV C-SYNC","03-D2-POS.dc.html","owner_approved","drawn","42-D34-POS-Complete.dc.html#POS-08"
"POS-08-M390-saved_local","POS-08","نجاح البيع والإيصال","POS","M","390","saved_local","محفوظ محلياً","أساسي","C-PRINT C-DOCPRV C-SYNC","03-D2-POS.dc.html","owner_approved","not_drawn",""
"POS-08-M390-pending_sync","POS-08","نجاح البيع والإيصال","POS","M","390","pending_sync","معلّق المزامنة","أساسي","C-PRINT C-DOCPRV C-SYNC","03-D2-POS.dc.html","owner_approved","not_drawn",""
"POS-08-M390-synced","POS-08","نجاح البيع والإيصال","POS","M","390","synced","مؤكد خادمياً","أساسي","C-PRINT C-DOCPRV C-SYNC","03-D2-POS.dc.html","owner_approved","not_drawn",""
"POS-08-M390-success","POS-08","نجاح البيع والإيصال","POS","M","390","success","نجاح","أساسي","C-PRINT C-DOCPRV C-SYNC","03-D2-POS.dc.html","owner_approved","not_drawn",""
"POS-08-M390-server_error","POS-08","نجاح البيع والإيصال","POS","M","390","server_error","خطأ خادم","أساسي","C-PRINT C-DOCPRV C-SYNC","03-D2-POS.dc.html","owner_approved","not_drawn",""
"POS-08-D1366-saved_local","POS-08","نجاح البيع والإيصال","POS","D","1366","saved_local","محفوظ محلياً","أساسي","C-PRINT C-DOCPRV C-SYNC","03-D2-POS.dc.html","owner_approved","not_drawn",""
"POS-08-D1366-pending_sync","POS-08","نجاح البيع والإيصال","POS","D","1366","pending_sync","معلّق المزامنة","أساسي","C-PRINT C-DOCPRV C-SYNC","03-D2-POS.dc.html","owner_approved","not_drawn",""
"POS-08-D1366-synced","POS-08","نجاح البيع والإيصال","POS","D","1366","synced","مؤكد خادمياً","أساسي","C-PRINT C-DOCPRV C-SYNC","03-D2-POS.dc.html","owner_approved","not_drawn",""
"POS-08-D1366-success","POS-08","نجاح البيع والإيصال","POS","D","1366","success","نجاح","أساسي","C-PRINT C-DOCPRV C-SYNC","03-D2-POS.dc.html","owner_approved","not_drawn",""
"POS-08-D1366-server_error","POS-08","نجاح البيع والإيصال","POS","D","1366","server_error","خطأ خادم","أساسي","C-PRINT C-DOCPRV C-SYNC","03-D2-POS.dc.html","owner_approved","not_drawn",""
"POS-08-D1920-saved_local","POS-08","نجاح البيع والإيصال","POS","D","1920","saved_local","محفوظ محلياً","أساسي","C-PRINT C-DOCPRV C-SYNC","03-D2-POS.dc.html","owner_approved","not_drawn",""
"POS-08-D1920-pending_sync","POS-08","نجاح البيع والإيصال","POS","D","1920","pending_sync","معلّق المزامنة","أساسي","C-PRINT C-DOCPRV C-SYNC","03-D2-POS.dc.html","owner_approved","not_drawn",""
"POS-08-D1920-synced","POS-08","نجاح البيع والإيصال","POS","D","1920","synced","مؤكد خادمياً","أساسي","C-PRINT C-DOCPRV C-SYNC","03-D2-POS.dc.html","owner_approved","not_drawn",""
"POS-08-D1920-success","POS-08","نجاح البيع والإيصال","POS","D","1920","success","نجاح","أساسي","C-PRINT C-DOCPRV C-SYNC","03-D2-POS.dc.html","owner_approved","not_drawn",""
"POS-08-D1920-server_error","POS-08","نجاح البيع والإيصال","POS","D","1920","server_error","خطأ خادم","أساسي","C-PRINT C-DOCPRV C-SYNC","03-D2-POS.dc.html","owner_approved","not_drawn",""
"POS-09-W390-ready","POS-09","قائمة الفواتير وتفاصيلها","POS","W","390","ready","جاهز","أساسي","C-TABLE C-FILTER C-SYNC","03-D2-POS.dc.html","owner_approved","not_drawn",""
"POS-09-W390-loading","POS-09","قائمة الفواتير وتفاصيلها","POS","W","390","loading","تحميل","أساسي","C-TABLE C-FILTER C-SYNC","03-D2-POS.dc.html","owner_approved","not_drawn",""
"POS-09-W390-empty","POS-09","قائمة الفواتير وتفاصيلها","POS","W","390","empty","فارغ","أساسي","C-TABLE C-FILTER C-SYNC","03-D2-POS.dc.html","owner_approved","not_drawn",""
"POS-09-W390-offline","POS-09","قائمة الفواتير وتفاصيلها","POS","W","390","offline","بلا اتصال","أساسي","C-TABLE C-FILTER C-SYNC","03-D2-POS.dc.html","owner_approved","not_drawn",""
"POS-09-W390-stale","POS-09","قائمة الفواتير وتفاصيلها","POS","W","390","stale","بيانات قديمة","أساسي","C-TABLE C-FILTER C-SYNC","03-D2-POS.dc.html","owner_approved","not_drawn",""
"POS-09-W390-pending_sync","POS-09","قائمة الفواتير وتفاصيلها","POS","W","390","pending_sync","معلّق المزامنة","أساسي","C-TABLE C-FILTER C-SYNC","03-D2-POS.dc.html","owner_approved","not_drawn",""
"POS-09-W390-permission_denied","POS-09","قائمة الفواتير وتفاصيلها","POS","W","390","permission_denied","صلاحية مرفوضة","أساسي","C-TABLE C-FILTER C-SYNC","03-D2-POS.dc.html","owner_approved","not_drawn",""
"POS-09-W834-ready","POS-09","قائمة الفواتير وتفاصيلها","POS","W","834","ready","جاهز","أساسي","C-TABLE C-FILTER C-SYNC","03-D2-POS.dc.html","owner_approved","not_drawn",""
"POS-09-W834-loading","POS-09","قائمة الفواتير وتفاصيلها","POS","W","834","loading","تحميل","أساسي","C-TABLE C-FILTER C-SYNC","03-D2-POS.dc.html","owner_approved","not_drawn",""
"POS-09-W834-empty","POS-09","قائمة الفواتير وتفاصيلها","POS","W","834","empty","فارغ","أساسي","C-TABLE C-FILTER C-SYNC","03-D2-POS.dc.html","owner_approved","not_drawn",""
"POS-09-W834-offline","POS-09","قائمة الفواتير وتفاصيلها","POS","W","834","offline","بلا اتصال","أساسي","C-TABLE C-FILTER C-SYNC","03-D2-POS.dc.html","owner_approved","not_drawn",""
"POS-09-W834-stale","POS-09","قائمة الفواتير وتفاصيلها","POS","W","834","stale","بيانات قديمة","أساسي","C-TABLE C-FILTER C-SYNC","03-D2-POS.dc.html","owner_approved","not_drawn",""
"POS-09-W834-pending_sync","POS-09","قائمة الفواتير وتفاصيلها","POS","W","834","pending_sync","معلّق المزامنة","أساسي","C-TABLE C-FILTER C-SYNC","03-D2-POS.dc.html","owner_approved","not_drawn",""
"POS-09-W834-permission_denied","POS-09","قائمة الفواتير وتفاصيلها","POS","W","834","permission_denied","صلاحية مرفوضة","أساسي","C-TABLE C-FILTER C-SYNC","03-D2-POS.dc.html","owner_approved","not_drawn",""
"POS-09-W1440-ready","POS-09","قائمة الفواتير وتفاصيلها","POS","W","1440","ready","جاهز","أساسي","C-TABLE C-FILTER C-SYNC","03-D2-POS.dc.html","owner_approved","drawn","03-D2-POS.dc.html#POS-09"
"POS-09-W1440-loading","POS-09","قائمة الفواتير وتفاصيلها","POS","W","1440","loading","تحميل","أساسي","C-TABLE C-FILTER C-SYNC","03-D2-POS.dc.html","owner_approved","drawn","42-D34-POS-Complete.dc.html#POS-09"
"POS-09-W1440-empty","POS-09","قائمة الفواتير وتفاصيلها","POS","W","1440","empty","فارغ","أساسي","C-TABLE C-FILTER C-SYNC","03-D2-POS.dc.html","owner_approved","drawn","42-D34-POS-Complete.dc.html#POS-09"
"POS-09-W1440-offline","POS-09","قائمة الفواتير وتفاصيلها","POS","W","1440","offline","بلا اتصال","أساسي","C-TABLE C-FILTER C-SYNC","03-D2-POS.dc.html","owner_approved","drawn","42-D34-POS-Complete.dc.html#POS-09"
"POS-09-W1440-stale","POS-09","قائمة الفواتير وتفاصيلها","POS","W","1440","stale","بيانات قديمة","أساسي","C-TABLE C-FILTER C-SYNC","03-D2-POS.dc.html","owner_approved","drawn","42-D34-POS-Complete.dc.html#POS-09"
"POS-09-W1440-pending_sync","POS-09","قائمة الفواتير وتفاصيلها","POS","W","1440","pending_sync","معلّق المزامنة","أساسي","C-TABLE C-FILTER C-SYNC","03-D2-POS.dc.html","owner_approved","drawn","42-D34-POS-Complete.dc.html#POS-09"
"POS-09-W1440-permission_denied","POS-09","قائمة الفواتير وتفاصيلها","POS","W","1440","permission_denied","صلاحية مرفوضة","أساسي","C-TABLE C-FILTER C-SYNC","03-D2-POS.dc.html","owner_approved","drawn","42-D34-POS-Complete.dc.html#POS-09"
"POS-09-M390-ready","POS-09","قائمة الفواتير وتفاصيلها","POS","M","390","ready","جاهز","أساسي","C-TABLE C-FILTER C-SYNC","03-D2-POS.dc.html","owner_approved","not_drawn",""
"POS-09-M390-loading","POS-09","قائمة الفواتير وتفاصيلها","POS","M","390","loading","تحميل","أساسي","C-TABLE C-FILTER C-SYNC","03-D2-POS.dc.html","owner_approved","not_drawn",""
"POS-09-M390-empty","POS-09","قائمة الفواتير وتفاصيلها","POS","M","390","empty","فارغ","أساسي","C-TABLE C-FILTER C-SYNC","03-D2-POS.dc.html","owner_approved","not_drawn",""
"POS-09-M390-offline","POS-09","قائمة الفواتير وتفاصيلها","POS","M","390","offline","بلا اتصال","أساسي","C-TABLE C-FILTER C-SYNC","03-D2-POS.dc.html","owner_approved","not_drawn",""
"POS-09-M390-stale","POS-09","قائمة الفواتير وتفاصيلها","POS","M","390","stale","بيانات قديمة","أساسي","C-TABLE C-FILTER C-SYNC","03-D2-POS.dc.html","owner_approved","not_drawn",""
"POS-09-M390-pending_sync","POS-09","قائمة الفواتير وتفاصيلها","POS","M","390","pending_sync","معلّق المزامنة","أساسي","C-TABLE C-FILTER C-SYNC","03-D2-POS.dc.html","owner_approved","not_drawn",""
"POS-09-M390-permission_denied","POS-09","قائمة الفواتير وتفاصيلها","POS","M","390","permission_denied","صلاحية مرفوضة","أساسي","C-TABLE C-FILTER C-SYNC","03-D2-POS.dc.html","owner_approved","not_drawn",""
"POS-09-D1366-ready","POS-09","قائمة الفواتير وتفاصيلها","POS","D","1366","ready","جاهز","أساسي","C-TABLE C-FILTER C-SYNC","03-D2-POS.dc.html","owner_approved","not_drawn",""
"POS-09-D1366-loading","POS-09","قائمة الفواتير وتفاصيلها","POS","D","1366","loading","تحميل","أساسي","C-TABLE C-FILTER C-SYNC","03-D2-POS.dc.html","owner_approved","not_drawn",""
"POS-09-D1366-empty","POS-09","قائمة الفواتير وتفاصيلها","POS","D","1366","empty","فارغ","أساسي","C-TABLE C-FILTER C-SYNC","03-D2-POS.dc.html","owner_approved","not_drawn",""
"POS-09-D1366-offline","POS-09","قائمة الفواتير وتفاصيلها","POS","D","1366","offline","بلا اتصال","أساسي","C-TABLE C-FILTER C-SYNC","03-D2-POS.dc.html","owner_approved","not_drawn",""
"POS-09-D1366-stale","POS-09","قائمة الفواتير وتفاصيلها","POS","D","1366","stale","بيانات قديمة","أساسي","C-TABLE C-FILTER C-SYNC","03-D2-POS.dc.html","owner_approved","not_drawn",""
"POS-09-D1366-pending_sync","POS-09","قائمة الفواتير وتفاصيلها","POS","D","1366","pending_sync","معلّق المزامنة","أساسي","C-TABLE C-FILTER C-SYNC","03-D2-POS.dc.html","owner_approved","not_drawn",""
"POS-09-D1366-permission_denied","POS-09","قائمة الفواتير وتفاصيلها","POS","D","1366","permission_denied","صلاحية مرفوضة","أساسي","C-TABLE C-FILTER C-SYNC","03-D2-POS.dc.html","owner_approved","not_drawn",""
"POS-09-D1920-ready","POS-09","قائمة الفواتير وتفاصيلها","POS","D","1920","ready","جاهز","أساسي","C-TABLE C-FILTER C-SYNC","03-D2-POS.dc.html","owner_approved","not_drawn",""
"POS-09-D1920-loading","POS-09","قائمة الفواتير وتفاصيلها","POS","D","1920","loading","تحميل","أساسي","C-TABLE C-FILTER C-SYNC","03-D2-POS.dc.html","owner_approved","not_drawn",""
"POS-09-D1920-empty","POS-09","قائمة الفواتير وتفاصيلها","POS","D","1920","empty","فارغ","أساسي","C-TABLE C-FILTER C-SYNC","03-D2-POS.dc.html","owner_approved","not_drawn",""
"POS-09-D1920-offline","POS-09","قائمة الفواتير وتفاصيلها","POS","D","1920","offline","بلا اتصال","أساسي","C-TABLE C-FILTER C-SYNC","03-D2-POS.dc.html","owner_approved","not_drawn",""
"POS-09-D1920-stale","POS-09","قائمة الفواتير وتفاصيلها","POS","D","1920","stale","بيانات قديمة","أساسي","C-TABLE C-FILTER C-SYNC","03-D2-POS.dc.html","owner_approved","not_drawn",""
"POS-09-D1920-pending_sync","POS-09","قائمة الفواتير وتفاصيلها","POS","D","1920","pending_sync","معلّق المزامنة","أساسي","C-TABLE C-FILTER C-SYNC","03-D2-POS.dc.html","owner_approved","not_drawn",""
"POS-09-D1920-permission_denied","POS-09","قائمة الفواتير وتفاصيلها","POS","D","1920","permission_denied","صلاحية مرفوضة","أساسي","C-TABLE C-FILTER C-SYNC","03-D2-POS.dc.html","owner_approved","not_drawn",""
"POS-10-W390-ready","POS-10","مرتجع كلي أو جزئي","POS","W","390","ready","جاهز","أساسي","C-QTYUNIT C-MONEY C-DIALOG","03-D2-POS.dc.html","owner_approved","not_drawn",""
"POS-10-W390-validation_error","POS-10","مرتجع كلي أو جزئي","POS","W","390","validation_error","خطأ تحقق","أساسي","C-QTYUNIT C-MONEY C-DIALOG","03-D2-POS.dc.html","owner_approved","not_drawn",""
"POS-10-W390-permission_denied","POS-10","مرتجع كلي أو جزئي","POS","W","390","permission_denied","صلاحية مرفوضة","أساسي","C-QTYUNIT C-MONEY C-DIALOG","03-D2-POS.dc.html","owner_approved","not_drawn",""
"POS-10-W390-partial","POS-10","مرتجع كلي أو جزئي","POS","W","390","partial","جزئي","أساسي","C-QTYUNIT C-MONEY C-DIALOG","03-D2-POS.dc.html","owner_approved","not_drawn",""
"POS-10-W390-saved_local","POS-10","مرتجع كلي أو جزئي","POS","W","390","saved_local","محفوظ محلياً","أساسي","C-QTYUNIT C-MONEY C-DIALOG","03-D2-POS.dc.html","owner_approved","not_drawn",""
"POS-10-W390-success","POS-10","مرتجع كلي أو جزئي","POS","W","390","success","نجاح","أساسي","C-QTYUNIT C-MONEY C-DIALOG","03-D2-POS.dc.html","owner_approved","not_drawn",""
"POS-10-W834-ready","POS-10","مرتجع كلي أو جزئي","POS","W","834","ready","جاهز","أساسي","C-QTYUNIT C-MONEY C-DIALOG","03-D2-POS.dc.html","owner_approved","not_drawn",""
"POS-10-W834-validation_error","POS-10","مرتجع كلي أو جزئي","POS","W","834","validation_error","خطأ تحقق","أساسي","C-QTYUNIT C-MONEY C-DIALOG","03-D2-POS.dc.html","owner_approved","not_drawn",""
"POS-10-W834-permission_denied","POS-10","مرتجع كلي أو جزئي","POS","W","834","permission_denied","صلاحية مرفوضة","أساسي","C-QTYUNIT C-MONEY C-DIALOG","03-D2-POS.dc.html","owner_approved","not_drawn",""
"POS-10-W834-partial","POS-10","مرتجع كلي أو جزئي","POS","W","834","partial","جزئي","أساسي","C-QTYUNIT C-MONEY C-DIALOG","03-D2-POS.dc.html","owner_approved","not_drawn",""
"POS-10-W834-saved_local","POS-10","مرتجع كلي أو جزئي","POS","W","834","saved_local","محفوظ محلياً","أساسي","C-QTYUNIT C-MONEY C-DIALOG","03-D2-POS.dc.html","owner_approved","not_drawn",""
"POS-10-W834-success","POS-10","مرتجع كلي أو جزئي","POS","W","834","success","نجاح","أساسي","C-QTYUNIT C-MONEY C-DIALOG","03-D2-POS.dc.html","owner_approved","not_drawn",""
"POS-10-W1440-ready","POS-10","مرتجع كلي أو جزئي","POS","W","1440","ready","جاهز","أساسي","C-QTYUNIT C-MONEY C-DIALOG","03-D2-POS.dc.html","owner_approved","drawn","42-D34-POS-Complete.dc.html#POS-10"
"POS-10-W1440-validation_error","POS-10","مرتجع كلي أو جزئي","POS","W","1440","validation_error","خطأ تحقق","أساسي","C-QTYUNIT C-MONEY C-DIALOG","03-D2-POS.dc.html","owner_approved","drawn","42-D34-POS-Complete.dc.html#POS-10"
"POS-10-W1440-permission_denied","POS-10","مرتجع كلي أو جزئي","POS","W","1440","permission_denied","صلاحية مرفوضة","أساسي","C-QTYUNIT C-MONEY C-DIALOG","03-D2-POS.dc.html","owner_approved","drawn","42-D34-POS-Complete.dc.html#POS-10"
"POS-10-W1440-partial","POS-10","مرتجع كلي أو جزئي","POS","W","1440","partial","جزئي","أساسي","C-QTYUNIT C-MONEY C-DIALOG","03-D2-POS.dc.html","owner_approved","drawn","03-D2-POS.dc.html#POS-10"
"POS-10-W1440-saved_local","POS-10","مرتجع كلي أو جزئي","POS","W","1440","saved_local","محفوظ محلياً","أساسي","C-QTYUNIT C-MONEY C-DIALOG","03-D2-POS.dc.html","owner_approved","drawn","42-D34-POS-Complete.dc.html#POS-10"
"POS-10-W1440-success","POS-10","مرتجع كلي أو جزئي","POS","W","1440","success","نجاح","أساسي","C-QTYUNIT C-MONEY C-DIALOG","03-D2-POS.dc.html","owner_approved","drawn","42-D34-POS-Complete.dc.html#POS-10"
"POS-10-M390-ready","POS-10","مرتجع كلي أو جزئي","POS","M","390","ready","جاهز","أساسي","C-QTYUNIT C-MONEY C-DIALOG","03-D2-POS.dc.html","owner_approved","not_drawn",""
"POS-10-M390-validation_error","POS-10","مرتجع كلي أو جزئي","POS","M","390","validation_error","خطأ تحقق","أساسي","C-QTYUNIT C-MONEY C-DIALOG","03-D2-POS.dc.html","owner_approved","not_drawn",""
"POS-10-M390-permission_denied","POS-10","مرتجع كلي أو جزئي","POS","M","390","permission_denied","صلاحية مرفوضة","أساسي","C-QTYUNIT C-MONEY C-DIALOG","03-D2-POS.dc.html","owner_approved","not_drawn",""
"POS-10-M390-partial","POS-10","مرتجع كلي أو جزئي","POS","M","390","partial","جزئي","أساسي","C-QTYUNIT C-MONEY C-DIALOG","03-D2-POS.dc.html","owner_approved","not_drawn",""
"POS-10-M390-saved_local","POS-10","مرتجع كلي أو جزئي","POS","M","390","saved_local","محفوظ محلياً","أساسي","C-QTYUNIT C-MONEY C-DIALOG","03-D2-POS.dc.html","owner_approved","not_drawn",""
"POS-10-M390-success","POS-10","مرتجع كلي أو جزئي","POS","M","390","success","نجاح","أساسي","C-QTYUNIT C-MONEY C-DIALOG","03-D2-POS.dc.html","owner_approved","not_drawn",""
"POS-10-D1366-ready","POS-10","مرتجع كلي أو جزئي","POS","D","1366","ready","جاهز","أساسي","C-QTYUNIT C-MONEY C-DIALOG","03-D2-POS.dc.html","owner_approved","not_drawn",""
"POS-10-D1366-validation_error","POS-10","مرتجع كلي أو جزئي","POS","D","1366","validation_error","خطأ تحقق","أساسي","C-QTYUNIT C-MONEY C-DIALOG","03-D2-POS.dc.html","owner_approved","not_drawn",""
"POS-10-D1366-permission_denied","POS-10","مرتجع كلي أو جزئي","POS","D","1366","permission_denied","صلاحية مرفوضة","أساسي","C-QTYUNIT C-MONEY C-DIALOG","03-D2-POS.dc.html","owner_approved","not_drawn",""
"POS-10-D1366-partial","POS-10","مرتجع كلي أو جزئي","POS","D","1366","partial","جزئي","أساسي","C-QTYUNIT C-MONEY C-DIALOG","03-D2-POS.dc.html","owner_approved","not_drawn",""
"POS-10-D1366-saved_local","POS-10","مرتجع كلي أو جزئي","POS","D","1366","saved_local","محفوظ محلياً","أساسي","C-QTYUNIT C-MONEY C-DIALOG","03-D2-POS.dc.html","owner_approved","not_drawn",""
"POS-10-D1366-success","POS-10","مرتجع كلي أو جزئي","POS","D","1366","success","نجاح","أساسي","C-QTYUNIT C-MONEY C-DIALOG","03-D2-POS.dc.html","owner_approved","not_drawn",""
"POS-10-D1920-ready","POS-10","مرتجع كلي أو جزئي","POS","D","1920","ready","جاهز","أساسي","C-QTYUNIT C-MONEY C-DIALOG","03-D2-POS.dc.html","owner_approved","not_drawn",""
"POS-10-D1920-validation_error","POS-10","مرتجع كلي أو جزئي","POS","D","1920","validation_error","خطأ تحقق","أساسي","C-QTYUNIT C-MONEY C-DIALOG","03-D2-POS.dc.html","owner_approved","not_drawn",""
"POS-10-D1920-permission_denied","POS-10","مرتجع كلي أو جزئي","POS","D","1920","permission_denied","صلاحية مرفوضة","أساسي","C-QTYUNIT C-MONEY C-DIALOG","03-D2-POS.dc.html","owner_approved","not_drawn",""
"POS-10-D1920-partial","POS-10","مرتجع كلي أو جزئي","POS","D","1920","partial","جزئي","أساسي","C-QTYUNIT C-MONEY C-DIALOG","03-D2-POS.dc.html","owner_approved","not_drawn",""
"POS-10-D1920-saved_local","POS-10","مرتجع كلي أو جزئي","POS","D","1920","saved_local","محفوظ محلياً","أساسي","C-QTYUNIT C-MONEY C-DIALOG","03-D2-POS.dc.html","owner_approved","not_drawn",""
"POS-10-D1920-success","POS-10","مرتجع كلي أو جزئي","POS","D","1920","success","نجاح","أساسي","C-QTYUNIT C-MONEY C-DIALOG","03-D2-POS.dc.html","owner_approved","not_drawn",""
"POS-11-W390-offline","POS-11","فشل الحفظ أو الطباعة","POS","W","390","offline","بلا اتصال","أساسي","C-NOTICE C-PRINT C-SYNC","03-D2-POS.dc.html","owner_approved","not_drawn",""
"POS-11-W390-saved_local","POS-11","فشل الحفظ أو الطباعة","POS","W","390","saved_local","محفوظ محلياً","أساسي","C-NOTICE C-PRINT C-SYNC","03-D2-POS.dc.html","owner_approved","not_drawn",""
"POS-11-W390-validation_error","POS-11","فشل الحفظ أو الطباعة","POS","W","390","validation_error","خطأ تحقق","أساسي","C-NOTICE C-PRINT C-SYNC","03-D2-POS.dc.html","owner_approved","not_drawn",""
"POS-11-W390-server_error","POS-11","فشل الحفظ أو الطباعة","POS","W","390","server_error","خطأ خادم","أساسي","C-NOTICE C-PRINT C-SYNC","03-D2-POS.dc.html","owner_approved","not_drawn",""
"POS-11-W834-offline","POS-11","فشل الحفظ أو الطباعة","POS","W","834","offline","بلا اتصال","أساسي","C-NOTICE C-PRINT C-SYNC","03-D2-POS.dc.html","owner_approved","not_drawn",""
"POS-11-W834-saved_local","POS-11","فشل الحفظ أو الطباعة","POS","W","834","saved_local","محفوظ محلياً","أساسي","C-NOTICE C-PRINT C-SYNC","03-D2-POS.dc.html","owner_approved","not_drawn",""
"POS-11-W834-validation_error","POS-11","فشل الحفظ أو الطباعة","POS","W","834","validation_error","خطأ تحقق","أساسي","C-NOTICE C-PRINT C-SYNC","03-D2-POS.dc.html","owner_approved","not_drawn",""
"POS-11-W834-server_error","POS-11","فشل الحفظ أو الطباعة","POS","W","834","server_error","خطأ خادم","أساسي","C-NOTICE C-PRINT C-SYNC","03-D2-POS.dc.html","owner_approved","not_drawn",""
"POS-11-W1440-offline","POS-11","فشل الحفظ أو الطباعة","POS","W","1440","offline","بلا اتصال","أساسي","C-NOTICE C-PRINT C-SYNC","03-D2-POS.dc.html","owner_approved","drawn","33-D25-Failure-Payment-Closure.dc.html#POS-11"
"POS-11-W1440-saved_local","POS-11","فشل الحفظ أو الطباعة","POS","W","1440","saved_local","محفوظ محلياً","أساسي","C-NOTICE C-PRINT C-SYNC","03-D2-POS.dc.html","owner_approved","drawn","33-D25-Failure-Payment-Closure.dc.html#POS-11"
"POS-11-W1440-validation_error","POS-11","فشل الحفظ أو الطباعة","POS","W","1440","validation_error","خطأ تحقق","أساسي","C-NOTICE C-PRINT C-SYNC","03-D2-POS.dc.html","owner_approved","drawn","33-D25-Failure-Payment-Closure.dc.html#POS-11"
"POS-11-W1440-server_error","POS-11","فشل الحفظ أو الطباعة","POS","W","1440","server_error","خطأ خادم","أساسي","C-NOTICE C-PRINT C-SYNC","03-D2-POS.dc.html","owner_approved","drawn","33-D25-Failure-Payment-Closure.dc.html#POS-11"
"POS-11-M390-offline","POS-11","فشل الحفظ أو الطباعة","POS","M","390","offline","بلا اتصال","أساسي","C-NOTICE C-PRINT C-SYNC","03-D2-POS.dc.html","owner_approved","not_drawn",""
"POS-11-M390-saved_local","POS-11","فشل الحفظ أو الطباعة","POS","M","390","saved_local","محفوظ محلياً","أساسي","C-NOTICE C-PRINT C-SYNC","03-D2-POS.dc.html","owner_approved","drawn","33-D25-Failure-Payment-Closure.dc.html#POS-11"
"POS-11-M390-validation_error","POS-11","فشل الحفظ أو الطباعة","POS","M","390","validation_error","خطأ تحقق","أساسي","C-NOTICE C-PRINT C-SYNC","03-D2-POS.dc.html","owner_approved","not_drawn",""
"POS-11-M390-server_error","POS-11","فشل الحفظ أو الطباعة","POS","M","390","server_error","خطأ خادم","أساسي","C-NOTICE C-PRINT C-SYNC","03-D2-POS.dc.html","owner_approved","not_drawn",""
"POS-11-D1366-offline","POS-11","فشل الحفظ أو الطباعة","POS","D","1366","offline","بلا اتصال","أساسي","C-NOTICE C-PRINT C-SYNC","03-D2-POS.dc.html","owner_approved","not_drawn",""
"POS-11-D1366-saved_local","POS-11","فشل الحفظ أو الطباعة","POS","D","1366","saved_local","محفوظ محلياً","أساسي","C-NOTICE C-PRINT C-SYNC","03-D2-POS.dc.html","owner_approved","not_drawn",""
"POS-11-D1366-validation_error","POS-11","فشل الحفظ أو الطباعة","POS","D","1366","validation_error","خطأ تحقق","أساسي","C-NOTICE C-PRINT C-SYNC","03-D2-POS.dc.html","owner_approved","not_drawn",""
"POS-11-D1366-server_error","POS-11","فشل الحفظ أو الطباعة","POS","D","1366","server_error","خطأ خادم","أساسي","C-NOTICE C-PRINT C-SYNC","03-D2-POS.dc.html","owner_approved","not_drawn",""
"POS-11-D1920-offline","POS-11","فشل الحفظ أو الطباعة","POS","D","1920","offline","بلا اتصال","أساسي","C-NOTICE C-PRINT C-SYNC","03-D2-POS.dc.html","owner_approved","drawn","33-D25-Failure-Payment-Closure.dc.html#POS-11"
"POS-11-D1920-saved_local","POS-11","فشل الحفظ أو الطباعة","POS","D","1920","saved_local","محفوظ محلياً","أساسي","C-NOTICE C-PRINT C-SYNC","03-D2-POS.dc.html","owner_approved","not_drawn",""
"POS-11-D1920-validation_error","POS-11","فشل الحفظ أو الطباعة","POS","D","1920","validation_error","خطأ تحقق","أساسي","C-NOTICE C-PRINT C-SYNC","03-D2-POS.dc.html","owner_approved","not_drawn",""
"POS-11-D1920-server_error","POS-11","فشل الحفظ أو الطباعة","POS","D","1920","server_error","خطأ خادم","أساسي","C-NOTICE C-PRINT C-SYNC","03-D2-POS.dc.html","owner_approved","not_drawn",""
"POS-12-W390-ready","POS-12","مراجعة تكرار تجاري أو تصحيح","POS","W","390","ready","جاهز","أساسي","C-TABLE C-DOCPRV C-DIALOG","03-D2-POS.dc.html","owner_approved","not_drawn",""
"POS-12-W390-empty","POS-12","مراجعة تكرار تجاري أو تصحيح","POS","W","390","empty","فارغ","أساسي","C-TABLE C-DOCPRV C-DIALOG","03-D2-POS.dc.html","owner_approved","not_drawn",""
"POS-12-W390-conflict","POS-12","مراجعة تكرار تجاري أو تصحيح","POS","W","390","conflict","تعارض","أساسي","C-TABLE C-DOCPRV C-DIALOG","03-D2-POS.dc.html","owner_approved","not_drawn",""
"POS-12-W390-permission_denied","POS-12","مراجعة تكرار تجاري أو تصحيح","POS","W","390","permission_denied","صلاحية مرفوضة","أساسي","C-TABLE C-DOCPRV C-DIALOG","03-D2-POS.dc.html","owner_approved","not_drawn",""
"POS-12-W834-ready","POS-12","مراجعة تكرار تجاري أو تصحيح","POS","W","834","ready","جاهز","أساسي","C-TABLE C-DOCPRV C-DIALOG","03-D2-POS.dc.html","owner_approved","not_drawn",""
"POS-12-W834-empty","POS-12","مراجعة تكرار تجاري أو تصحيح","POS","W","834","empty","فارغ","أساسي","C-TABLE C-DOCPRV C-DIALOG","03-D2-POS.dc.html","owner_approved","not_drawn",""
"POS-12-W834-conflict","POS-12","مراجعة تكرار تجاري أو تصحيح","POS","W","834","conflict","تعارض","أساسي","C-TABLE C-DOCPRV C-DIALOG","03-D2-POS.dc.html","owner_approved","not_drawn",""
"POS-12-W834-permission_denied","POS-12","مراجعة تكرار تجاري أو تصحيح","POS","W","834","permission_denied","صلاحية مرفوضة","أساسي","C-TABLE C-DOCPRV C-DIALOG","03-D2-POS.dc.html","owner_approved","not_drawn",""
"POS-12-W1440-ready","POS-12","مراجعة تكرار تجاري أو تصحيح","POS","W","1440","ready","جاهز","أساسي","C-TABLE C-DOCPRV C-DIALOG","03-D2-POS.dc.html","owner_approved","drawn","42-D34-POS-Complete.dc.html#POS-12"
"POS-12-W1440-empty","POS-12","مراجعة تكرار تجاري أو تصحيح","POS","W","1440","empty","فارغ","أساسي","C-TABLE C-DOCPRV C-DIALOG","03-D2-POS.dc.html","owner_approved","drawn","42-D34-POS-Complete.dc.html#POS-12"
"POS-12-W1440-conflict","POS-12","مراجعة تكرار تجاري أو تصحيح","POS","W","1440","conflict","تعارض","أساسي","C-TABLE C-DOCPRV C-DIALOG","03-D2-POS.dc.html","owner_approved","drawn","03-D2-POS.dc.html#POS-12"
"POS-12-W1440-permission_denied","POS-12","مراجعة تكرار تجاري أو تصحيح","POS","W","1440","permission_denied","صلاحية مرفوضة","أساسي","C-TABLE C-DOCPRV C-DIALOG","03-D2-POS.dc.html","owner_approved","drawn","42-D34-POS-Complete.dc.html#POS-12"
"POS-12-M390-ready","POS-12","مراجعة تكرار تجاري أو تصحيح","POS","M","390","ready","جاهز","أساسي","C-TABLE C-DOCPRV C-DIALOG","03-D2-POS.dc.html","owner_approved","not_drawn",""
"POS-12-M390-empty","POS-12","مراجعة تكرار تجاري أو تصحيح","POS","M","390","empty","فارغ","أساسي","C-TABLE C-DOCPRV C-DIALOG","03-D2-POS.dc.html","owner_approved","not_drawn",""
"POS-12-M390-conflict","POS-12","مراجعة تكرار تجاري أو تصحيح","POS","M","390","conflict","تعارض","أساسي","C-TABLE C-DOCPRV C-DIALOG","03-D2-POS.dc.html","owner_approved","not_drawn",""
"POS-12-M390-permission_denied","POS-12","مراجعة تكرار تجاري أو تصحيح","POS","M","390","permission_denied","صلاحية مرفوضة","أساسي","C-TABLE C-DOCPRV C-DIALOG","03-D2-POS.dc.html","owner_approved","not_drawn",""
"POS-12-D1366-ready","POS-12","مراجعة تكرار تجاري أو تصحيح","POS","D","1366","ready","جاهز","أساسي","C-TABLE C-DOCPRV C-DIALOG","03-D2-POS.dc.html","owner_approved","not_drawn",""
"POS-12-D1366-empty","POS-12","مراجعة تكرار تجاري أو تصحيح","POS","D","1366","empty","فارغ","أساسي","C-TABLE C-DOCPRV C-DIALOG","03-D2-POS.dc.html","owner_approved","not_drawn",""
"POS-12-D1366-conflict","POS-12","مراجعة تكرار تجاري أو تصحيح","POS","D","1366","conflict","تعارض","أساسي","C-TABLE C-DOCPRV C-DIALOG","03-D2-POS.dc.html","owner_approved","not_drawn",""
"POS-12-D1366-permission_denied","POS-12","مراجعة تكرار تجاري أو تصحيح","POS","D","1366","permission_denied","صلاحية مرفوضة","أساسي","C-TABLE C-DOCPRV C-DIALOG","03-D2-POS.dc.html","owner_approved","not_drawn",""
"POS-12-D1920-ready","POS-12","مراجعة تكرار تجاري أو تصحيح","POS","D","1920","ready","جاهز","أساسي","C-TABLE C-DOCPRV C-DIALOG","03-D2-POS.dc.html","owner_approved","not_drawn",""
"POS-12-D1920-empty","POS-12","مراجعة تكرار تجاري أو تصحيح","POS","D","1920","empty","فارغ","أساسي","C-TABLE C-DOCPRV C-DIALOG","03-D2-POS.dc.html","owner_approved","not_drawn",""
"POS-12-D1920-conflict","POS-12","مراجعة تكرار تجاري أو تصحيح","POS","D","1920","conflict","تعارض","أساسي","C-TABLE C-DOCPRV C-DIALOG","03-D2-POS.dc.html","owner_approved","not_drawn",""
"POS-12-D1920-permission_denied","POS-12","مراجعة تكرار تجاري أو تصحيح","POS","D","1920","permission_denied","صلاحية مرفوضة","أساسي","C-TABLE C-DOCPRV C-DIALOG","03-D2-POS.dc.html","owner_approved","not_drawn",""
"PTY-01-W390-ready","PTY-01","قائمة العملاء","PTY","W","390","ready","جاهز","أساسي","C-TABLE C-FILTER C-PICK","04-D2-Parties.dc.html","owner_approved","not_drawn",""
"PTY-01-W390-loading","PTY-01","قائمة العملاء","PTY","W","390","loading","تحميل","أساسي","C-TABLE C-FILTER C-PICK","04-D2-Parties.dc.html","owner_approved","not_drawn",""
"PTY-01-W390-empty","PTY-01","قائمة العملاء","PTY","W","390","empty","فارغ","أساسي","C-TABLE C-FILTER C-PICK","04-D2-Parties.dc.html","owner_approved","not_drawn",""
"PTY-01-W390-permission_denied","PTY-01","قائمة العملاء","PTY","W","390","permission_denied","صلاحية مرفوضة","أساسي","C-TABLE C-FILTER C-PICK","04-D2-Parties.dc.html","owner_approved","not_drawn",""
"PTY-01-W390-offline","PTY-01","قائمة العملاء","PTY","W","390","offline","بلا اتصال","أساسي","C-TABLE C-FILTER C-PICK","04-D2-Parties.dc.html","owner_approved","not_drawn",""
"PTY-01-W390-stale","PTY-01","قائمة العملاء","PTY","W","390","stale","بيانات قديمة","أساسي","C-TABLE C-FILTER C-PICK","04-D2-Parties.dc.html","owner_approved","not_drawn",""
"PTY-01-W834-ready","PTY-01","قائمة العملاء","PTY","W","834","ready","جاهز","أساسي","C-TABLE C-FILTER C-PICK","04-D2-Parties.dc.html","owner_approved","not_drawn",""
"PTY-01-W834-loading","PTY-01","قائمة العملاء","PTY","W","834","loading","تحميل","أساسي","C-TABLE C-FILTER C-PICK","04-D2-Parties.dc.html","owner_approved","not_drawn",""
"PTY-01-W834-empty","PTY-01","قائمة العملاء","PTY","W","834","empty","فارغ","أساسي","C-TABLE C-FILTER C-PICK","04-D2-Parties.dc.html","owner_approved","not_drawn",""
"PTY-01-W834-permission_denied","PTY-01","قائمة العملاء","PTY","W","834","permission_denied","صلاحية مرفوضة","أساسي","C-TABLE C-FILTER C-PICK","04-D2-Parties.dc.html","owner_approved","not_drawn",""
"PTY-01-W834-offline","PTY-01","قائمة العملاء","PTY","W","834","offline","بلا اتصال","أساسي","C-TABLE C-FILTER C-PICK","04-D2-Parties.dc.html","owner_approved","not_drawn",""
"PTY-01-W834-stale","PTY-01","قائمة العملاء","PTY","W","834","stale","بيانات قديمة","أساسي","C-TABLE C-FILTER C-PICK","04-D2-Parties.dc.html","owner_approved","not_drawn",""
"PTY-01-W1440-ready","PTY-01","قائمة العملاء","PTY","W","1440","ready","جاهز","أساسي","C-TABLE C-FILTER C-PICK","04-D2-Parties.dc.html","owner_approved","drawn","04-D2-Parties.dc.html#PTY-01"
"PTY-01-W1440-loading","PTY-01","قائمة العملاء","PTY","W","1440","loading","تحميل","أساسي","C-TABLE C-FILTER C-PICK","04-D2-Parties.dc.html","owner_approved","drawn","40-D32-Parties-Inventory.dc.html#PTY-01"
"PTY-01-W1440-empty","PTY-01","قائمة العملاء","PTY","W","1440","empty","فارغ","أساسي","C-TABLE C-FILTER C-PICK","04-D2-Parties.dc.html","owner_approved","drawn","40-D32-Parties-Inventory.dc.html#PTY-01"
"PTY-01-W1440-permission_denied","PTY-01","قائمة العملاء","PTY","W","1440","permission_denied","صلاحية مرفوضة","أساسي","C-TABLE C-FILTER C-PICK","04-D2-Parties.dc.html","owner_approved","drawn","40-D32-Parties-Inventory.dc.html#PTY-01"
"PTY-01-W1440-offline","PTY-01","قائمة العملاء","PTY","W","1440","offline","بلا اتصال","أساسي","C-TABLE C-FILTER C-PICK","04-D2-Parties.dc.html","owner_approved","drawn","40-D32-Parties-Inventory.dc.html#PTY-01"
"PTY-01-W1440-stale","PTY-01","قائمة العملاء","PTY","W","1440","stale","بيانات قديمة","أساسي","C-TABLE C-FILTER C-PICK","04-D2-Parties.dc.html","owner_approved","drawn","40-D32-Parties-Inventory.dc.html#PTY-01"
"PTY-01-M390-ready","PTY-01","قائمة العملاء","PTY","M","390","ready","جاهز","أساسي","C-TABLE C-FILTER C-PICK","04-D2-Parties.dc.html","owner_approved","not_drawn",""
"PTY-01-M390-loading","PTY-01","قائمة العملاء","PTY","M","390","loading","تحميل","أساسي","C-TABLE C-FILTER C-PICK","04-D2-Parties.dc.html","owner_approved","not_drawn",""
"PTY-01-M390-empty","PTY-01","قائمة العملاء","PTY","M","390","empty","فارغ","أساسي","C-TABLE C-FILTER C-PICK","04-D2-Parties.dc.html","owner_approved","not_drawn",""
"PTY-01-M390-permission_denied","PTY-01","قائمة العملاء","PTY","M","390","permission_denied","صلاحية مرفوضة","أساسي","C-TABLE C-FILTER C-PICK","04-D2-Parties.dc.html","owner_approved","not_drawn",""
"PTY-01-M390-offline","PTY-01","قائمة العملاء","PTY","M","390","offline","بلا اتصال","أساسي","C-TABLE C-FILTER C-PICK","04-D2-Parties.dc.html","owner_approved","not_drawn",""
"PTY-01-M390-stale","PTY-01","قائمة العملاء","PTY","M","390","stale","بيانات قديمة","أساسي","C-TABLE C-FILTER C-PICK","04-D2-Parties.dc.html","owner_approved","not_drawn",""
"PTY-01-D1366-ready","PTY-01","قائمة العملاء","PTY","D","1366","ready","جاهز","أساسي","C-TABLE C-FILTER C-PICK","04-D2-Parties.dc.html","owner_approved","not_drawn",""
"PTY-01-D1366-loading","PTY-01","قائمة العملاء","PTY","D","1366","loading","تحميل","أساسي","C-TABLE C-FILTER C-PICK","04-D2-Parties.dc.html","owner_approved","not_drawn",""
"PTY-01-D1366-empty","PTY-01","قائمة العملاء","PTY","D","1366","empty","فارغ","أساسي","C-TABLE C-FILTER C-PICK","04-D2-Parties.dc.html","owner_approved","not_drawn",""
"PTY-01-D1366-permission_denied","PTY-01","قائمة العملاء","PTY","D","1366","permission_denied","صلاحية مرفوضة","أساسي","C-TABLE C-FILTER C-PICK","04-D2-Parties.dc.html","owner_approved","not_drawn",""
"PTY-01-D1366-offline","PTY-01","قائمة العملاء","PTY","D","1366","offline","بلا اتصال","أساسي","C-TABLE C-FILTER C-PICK","04-D2-Parties.dc.html","owner_approved","not_drawn",""
"PTY-01-D1366-stale","PTY-01","قائمة العملاء","PTY","D","1366","stale","بيانات قديمة","أساسي","C-TABLE C-FILTER C-PICK","04-D2-Parties.dc.html","owner_approved","not_drawn",""
"PTY-01-D1920-ready","PTY-01","قائمة العملاء","PTY","D","1920","ready","جاهز","أساسي","C-TABLE C-FILTER C-PICK","04-D2-Parties.dc.html","owner_approved","not_drawn",""
"PTY-01-D1920-loading","PTY-01","قائمة العملاء","PTY","D","1920","loading","تحميل","أساسي","C-TABLE C-FILTER C-PICK","04-D2-Parties.dc.html","owner_approved","not_drawn",""
"PTY-01-D1920-empty","PTY-01","قائمة العملاء","PTY","D","1920","empty","فارغ","أساسي","C-TABLE C-FILTER C-PICK","04-D2-Parties.dc.html","owner_approved","not_drawn",""
"PTY-01-D1920-permission_denied","PTY-01","قائمة العملاء","PTY","D","1920","permission_denied","صلاحية مرفوضة","أساسي","C-TABLE C-FILTER C-PICK","04-D2-Parties.dc.html","owner_approved","not_drawn",""
"PTY-01-D1920-offline","PTY-01","قائمة العملاء","PTY","D","1920","offline","بلا اتصال","أساسي","C-TABLE C-FILTER C-PICK","04-D2-Parties.dc.html","owner_approved","not_drawn",""
"PTY-01-D1920-stale","PTY-01","قائمة العملاء","PTY","D","1920","stale","بيانات قديمة","أساسي","C-TABLE C-FILTER C-PICK","04-D2-Parties.dc.html","owner_approved","not_drawn",""
"PTY-02-W390-ready","PTY-02","قائمة الموردين","PTY","W","390","ready","جاهز","أساسي","C-TABLE C-FILTER C-NOTICE","04-D2-Parties.dc.html","owner_approved","not_drawn",""
"PTY-02-W390-loading","PTY-02","قائمة الموردين","PTY","W","390","loading","تحميل","أساسي","C-TABLE C-FILTER C-NOTICE","04-D2-Parties.dc.html","owner_approved","not_drawn",""
"PTY-02-W390-empty","PTY-02","قائمة الموردين","PTY","W","390","empty","فارغ","أساسي","C-TABLE C-FILTER C-NOTICE","04-D2-Parties.dc.html","owner_approved","not_drawn",""
"PTY-02-W390-permission_denied","PTY-02","قائمة الموردين","PTY","W","390","permission_denied","صلاحية مرفوضة","أساسي","C-TABLE C-FILTER C-NOTICE","04-D2-Parties.dc.html","owner_approved","not_drawn",""
"PTY-02-W834-ready","PTY-02","قائمة الموردين","PTY","W","834","ready","جاهز","أساسي","C-TABLE C-FILTER C-NOTICE","04-D2-Parties.dc.html","owner_approved","not_drawn",""
"PTY-02-W834-loading","PTY-02","قائمة الموردين","PTY","W","834","loading","تحميل","أساسي","C-TABLE C-FILTER C-NOTICE","04-D2-Parties.dc.html","owner_approved","not_drawn",""
"PTY-02-W834-empty","PTY-02","قائمة الموردين","PTY","W","834","empty","فارغ","أساسي","C-TABLE C-FILTER C-NOTICE","04-D2-Parties.dc.html","owner_approved","not_drawn",""
"PTY-02-W834-permission_denied","PTY-02","قائمة الموردين","PTY","W","834","permission_denied","صلاحية مرفوضة","أساسي","C-TABLE C-FILTER C-NOTICE","04-D2-Parties.dc.html","owner_approved","not_drawn",""
"PTY-02-W1440-ready","PTY-02","قائمة الموردين","PTY","W","1440","ready","جاهز","أساسي","C-TABLE C-FILTER C-NOTICE","04-D2-Parties.dc.html","owner_approved","drawn","04-D2-Parties.dc.html#PTY-02"
"PTY-02-W1440-loading","PTY-02","قائمة الموردين","PTY","W","1440","loading","تحميل","أساسي","C-TABLE C-FILTER C-NOTICE","04-D2-Parties.dc.html","owner_approved","drawn","40-D32-Parties-Inventory.dc.html#PTY-02"
"PTY-02-W1440-empty","PTY-02","قائمة الموردين","PTY","W","1440","empty","فارغ","أساسي","C-TABLE C-FILTER C-NOTICE","04-D2-Parties.dc.html","owner_approved","drawn","40-D32-Parties-Inventory.dc.html#PTY-02"
"PTY-02-W1440-permission_denied","PTY-02","قائمة الموردين","PTY","W","1440","permission_denied","صلاحية مرفوضة","أساسي","C-TABLE C-FILTER C-NOTICE","04-D2-Parties.dc.html","owner_approved","drawn","40-D32-Parties-Inventory.dc.html#PTY-02"
"PTY-02-M390-ready","PTY-02","قائمة الموردين","PTY","M","390","ready","جاهز","أساسي","C-TABLE C-FILTER C-NOTICE","04-D2-Parties.dc.html","owner_approved","not_drawn",""
"PTY-02-M390-loading","PTY-02","قائمة الموردين","PTY","M","390","loading","تحميل","أساسي","C-TABLE C-FILTER C-NOTICE","04-D2-Parties.dc.html","owner_approved","not_drawn",""
"PTY-02-M390-empty","PTY-02","قائمة الموردين","PTY","M","390","empty","فارغ","أساسي","C-TABLE C-FILTER C-NOTICE","04-D2-Parties.dc.html","owner_approved","not_drawn",""
"PTY-02-M390-permission_denied","PTY-02","قائمة الموردين","PTY","M","390","permission_denied","صلاحية مرفوضة","أساسي","C-TABLE C-FILTER C-NOTICE","04-D2-Parties.dc.html","owner_approved","not_drawn",""
"PTY-02-D1366-ready","PTY-02","قائمة الموردين","PTY","D","1366","ready","جاهز","أساسي","C-TABLE C-FILTER C-NOTICE","04-D2-Parties.dc.html","owner_approved","not_drawn",""
"PTY-02-D1366-loading","PTY-02","قائمة الموردين","PTY","D","1366","loading","تحميل","أساسي","C-TABLE C-FILTER C-NOTICE","04-D2-Parties.dc.html","owner_approved","not_drawn",""
"PTY-02-D1366-empty","PTY-02","قائمة الموردين","PTY","D","1366","empty","فارغ","أساسي","C-TABLE C-FILTER C-NOTICE","04-D2-Parties.dc.html","owner_approved","not_drawn",""
"PTY-02-D1366-permission_denied","PTY-02","قائمة الموردين","PTY","D","1366","permission_denied","صلاحية مرفوضة","أساسي","C-TABLE C-FILTER C-NOTICE","04-D2-Parties.dc.html","owner_approved","not_drawn",""
"PTY-02-D1920-ready","PTY-02","قائمة الموردين","PTY","D","1920","ready","جاهز","أساسي","C-TABLE C-FILTER C-NOTICE","04-D2-Parties.dc.html","owner_approved","not_drawn",""
"PTY-02-D1920-loading","PTY-02","قائمة الموردين","PTY","D","1920","loading","تحميل","أساسي","C-TABLE C-FILTER C-NOTICE","04-D2-Parties.dc.html","owner_approved","not_drawn",""
"PTY-02-D1920-empty","PTY-02","قائمة الموردين","PTY","D","1920","empty","فارغ","أساسي","C-TABLE C-FILTER C-NOTICE","04-D2-Parties.dc.html","owner_approved","not_drawn",""
"PTY-02-D1920-permission_denied","PTY-02","قائمة الموردين","PTY","D","1920","permission_denied","صلاحية مرفوضة","أساسي","C-TABLE C-FILTER C-NOTICE","04-D2-Parties.dc.html","owner_approved","not_drawn",""
"PTY-03-W390-ready","PTY-03","بطاقة طرف وإنشاء وتعديل","PTY","W","390","ready","جاهز","أساسي","C-FIELD C-PANEL C-STATUS","04-D2-Parties.dc.html","owner_approved","not_drawn",""
"PTY-03-W390-validation_error","PTY-03","بطاقة طرف وإنشاء وتعديل","PTY","W","390","validation_error","خطأ تحقق","أساسي","C-FIELD C-PANEL C-STATUS","04-D2-Parties.dc.html","owner_approved","not_drawn",""
"PTY-03-W390-saving","PTY-03","بطاقة طرف وإنشاء وتعديل","PTY","W","390","saving","جارٍ الحفظ","أساسي","C-FIELD C-PANEL C-STATUS","04-D2-Parties.dc.html","owner_approved","not_drawn",""
"PTY-03-W390-success","PTY-03","بطاقة طرف وإنشاء وتعديل","PTY","W","390","success","نجاح","أساسي","C-FIELD C-PANEL C-STATUS","04-D2-Parties.dc.html","owner_approved","not_drawn",""
"PTY-03-W390-permission_denied","PTY-03","بطاقة طرف وإنشاء وتعديل","PTY","W","390","permission_denied","صلاحية مرفوضة","أساسي","C-FIELD C-PANEL C-STATUS","04-D2-Parties.dc.html","owner_approved","not_drawn",""
"PTY-03-W834-ready","PTY-03","بطاقة طرف وإنشاء وتعديل","PTY","W","834","ready","جاهز","أساسي","C-FIELD C-PANEL C-STATUS","04-D2-Parties.dc.html","owner_approved","not_drawn",""
"PTY-03-W834-validation_error","PTY-03","بطاقة طرف وإنشاء وتعديل","PTY","W","834","validation_error","خطأ تحقق","أساسي","C-FIELD C-PANEL C-STATUS","04-D2-Parties.dc.html","owner_approved","not_drawn",""
"PTY-03-W834-saving","PTY-03","بطاقة طرف وإنشاء وتعديل","PTY","W","834","saving","جارٍ الحفظ","أساسي","C-FIELD C-PANEL C-STATUS","04-D2-Parties.dc.html","owner_approved","not_drawn",""
"PTY-03-W834-success","PTY-03","بطاقة طرف وإنشاء وتعديل","PTY","W","834","success","نجاح","أساسي","C-FIELD C-PANEL C-STATUS","04-D2-Parties.dc.html","owner_approved","not_drawn",""
"PTY-03-W834-permission_denied","PTY-03","بطاقة طرف وإنشاء وتعديل","PTY","W","834","permission_denied","صلاحية مرفوضة","أساسي","C-FIELD C-PANEL C-STATUS","04-D2-Parties.dc.html","owner_approved","not_drawn",""
"PTY-03-W1440-ready","PTY-03","بطاقة طرف وإنشاء وتعديل","PTY","W","1440","ready","جاهز","أساسي","C-FIELD C-PANEL C-STATUS","04-D2-Parties.dc.html","owner_approved","drawn","04-D2-Parties.dc.html#PTY-03"
"PTY-03-W1440-validation_error","PTY-03","بطاقة طرف وإنشاء وتعديل","PTY","W","1440","validation_error","خطأ تحقق","أساسي","C-FIELD C-PANEL C-STATUS","04-D2-Parties.dc.html","owner_approved","drawn","40-D32-Parties-Inventory.dc.html#PTY-03"
"PTY-03-W1440-saving","PTY-03","بطاقة طرف وإنشاء وتعديل","PTY","W","1440","saving","جارٍ الحفظ","أساسي","C-FIELD C-PANEL C-STATUS","04-D2-Parties.dc.html","owner_approved","drawn","40-D32-Parties-Inventory.dc.html#PTY-03"
"PTY-03-W1440-success","PTY-03","بطاقة طرف وإنشاء وتعديل","PTY","W","1440","success","نجاح","أساسي","C-FIELD C-PANEL C-STATUS","04-D2-Parties.dc.html","owner_approved","drawn","40-D32-Parties-Inventory.dc.html#PTY-03"
"PTY-03-W1440-permission_denied","PTY-03","بطاقة طرف وإنشاء وتعديل","PTY","W","1440","permission_denied","صلاحية مرفوضة","أساسي","C-FIELD C-PANEL C-STATUS","04-D2-Parties.dc.html","owner_approved","drawn","40-D32-Parties-Inventory.dc.html#PTY-03"
"PTY-03-M390-ready","PTY-03","بطاقة طرف وإنشاء وتعديل","PTY","M","390","ready","جاهز","أساسي","C-FIELD C-PANEL C-STATUS","04-D2-Parties.dc.html","owner_approved","not_drawn",""
"PTY-03-M390-validation_error","PTY-03","بطاقة طرف وإنشاء وتعديل","PTY","M","390","validation_error","خطأ تحقق","أساسي","C-FIELD C-PANEL C-STATUS","04-D2-Parties.dc.html","owner_approved","not_drawn",""
"PTY-03-M390-saving","PTY-03","بطاقة طرف وإنشاء وتعديل","PTY","M","390","saving","جارٍ الحفظ","أساسي","C-FIELD C-PANEL C-STATUS","04-D2-Parties.dc.html","owner_approved","not_drawn",""
"PTY-03-M390-success","PTY-03","بطاقة طرف وإنشاء وتعديل","PTY","M","390","success","نجاح","أساسي","C-FIELD C-PANEL C-STATUS","04-D2-Parties.dc.html","owner_approved","not_drawn",""
"PTY-03-M390-permission_denied","PTY-03","بطاقة طرف وإنشاء وتعديل","PTY","M","390","permission_denied","صلاحية مرفوضة","أساسي","C-FIELD C-PANEL C-STATUS","04-D2-Parties.dc.html","owner_approved","not_drawn",""
"PTY-03-D1366-ready","PTY-03","بطاقة طرف وإنشاء وتعديل","PTY","D","1366","ready","جاهز","أساسي","C-FIELD C-PANEL C-STATUS","04-D2-Parties.dc.html","owner_approved","not_drawn",""
"PTY-03-D1366-validation_error","PTY-03","بطاقة طرف وإنشاء وتعديل","PTY","D","1366","validation_error","خطأ تحقق","أساسي","C-FIELD C-PANEL C-STATUS","04-D2-Parties.dc.html","owner_approved","not_drawn",""
"PTY-03-D1366-saving","PTY-03","بطاقة طرف وإنشاء وتعديل","PTY","D","1366","saving","جارٍ الحفظ","أساسي","C-FIELD C-PANEL C-STATUS","04-D2-Parties.dc.html","owner_approved","not_drawn",""
"PTY-03-D1366-success","PTY-03","بطاقة طرف وإنشاء وتعديل","PTY","D","1366","success","نجاح","أساسي","C-FIELD C-PANEL C-STATUS","04-D2-Parties.dc.html","owner_approved","not_drawn",""
"PTY-03-D1366-permission_denied","PTY-03","بطاقة طرف وإنشاء وتعديل","PTY","D","1366","permission_denied","صلاحية مرفوضة","أساسي","C-FIELD C-PANEL C-STATUS","04-D2-Parties.dc.html","owner_approved","not_drawn",""
"PTY-03-D1920-ready","PTY-03","بطاقة طرف وإنشاء وتعديل","PTY","D","1920","ready","جاهز","أساسي","C-FIELD C-PANEL C-STATUS","04-D2-Parties.dc.html","owner_approved","not_drawn",""
"PTY-03-D1920-validation_error","PTY-03","بطاقة طرف وإنشاء وتعديل","PTY","D","1920","validation_error","خطأ تحقق","أساسي","C-FIELD C-PANEL C-STATUS","04-D2-Parties.dc.html","owner_approved","not_drawn",""
"PTY-03-D1920-saving","PTY-03","بطاقة طرف وإنشاء وتعديل","PTY","D","1920","saving","جارٍ الحفظ","أساسي","C-FIELD C-PANEL C-STATUS","04-D2-Parties.dc.html","owner_approved","not_drawn",""
"PTY-03-D1920-success","PTY-03","بطاقة طرف وإنشاء وتعديل","PTY","D","1920","success","نجاح","أساسي","C-FIELD C-PANEL C-STATUS","04-D2-Parties.dc.html","owner_approved","not_drawn",""
"PTY-03-D1920-permission_denied","PTY-03","بطاقة طرف وإنشاء وتعديل","PTY","D","1920","permission_denied","صلاحية مرفوضة","أساسي","C-FIELD C-PANEL C-STATUS","04-D2-Parties.dc.html","owner_approved","not_drawn",""
"PTY-03-W390-conflict","PTY-03","بطاقة طرف وإنشاء وتعديل","PTY","W","390","conflict","تعارض","أساسي","C-FIELD C-PANEL C-STATUS","04-D2-Parties.dc.html","owner_approved","not_drawn",""
"PTY-03-W834-conflict","PTY-03","بطاقة طرف وإنشاء وتعديل","PTY","W","834","conflict","تعارض","أساسي","C-FIELD C-PANEL C-STATUS","04-D2-Parties.dc.html","owner_approved","not_drawn",""
"PTY-03-W1440-conflict","PTY-03","بطاقة طرف وإنشاء وتعديل","PTY","W","1440","conflict","تعارض","أساسي","C-FIELD C-PANEL C-STATUS","04-D2-Parties.dc.html","owner_approved","drawn","15-D10-Parties-Shifts-Org.dc.html#PTY-03"
"PTY-03-M390-conflict","PTY-03","بطاقة طرف وإنشاء وتعديل","PTY","M","390","conflict","تعارض","أساسي","C-FIELD C-PANEL C-STATUS","04-D2-Parties.dc.html","owner_approved","not_drawn",""
"PTY-03-D1366-conflict","PTY-03","بطاقة طرف وإنشاء وتعديل","PTY","D","1366","conflict","تعارض","أساسي","C-FIELD C-PANEL C-STATUS","04-D2-Parties.dc.html","owner_approved","not_drawn",""
"PTY-03-D1920-conflict","PTY-03","بطاقة طرف وإنشاء وتعديل","PTY","D","1920","conflict","تعارض","أساسي","C-FIELD C-PANEL C-STATUS","04-D2-Parties.dc.html","owner_approved","not_drawn",""
"PTY-04-W390-ready","PTY-04","رصيد افتتاحي","PTY","W","390","ready","جاهز","أساسي","C-MONEY C-DOCPRV C-DIALOG","04-D2-Parties.dc.html","owner_approved","not_drawn",""
"PTY-04-W390-validation_error","PTY-04","رصيد افتتاحي","PTY","W","390","validation_error","خطأ تحقق","أساسي","C-MONEY C-DOCPRV C-DIALOG","04-D2-Parties.dc.html","owner_approved","not_drawn",""
"PTY-04-W390-permission_denied","PTY-04","رصيد افتتاحي","PTY","W","390","permission_denied","صلاحية مرفوضة","أساسي","C-MONEY C-DOCPRV C-DIALOG","04-D2-Parties.dc.html","owner_approved","not_drawn",""
"PTY-04-W390-success","PTY-04","رصيد افتتاحي","PTY","W","390","success","نجاح","أساسي","C-MONEY C-DOCPRV C-DIALOG","04-D2-Parties.dc.html","owner_approved","not_drawn",""
"PTY-04-W834-ready","PTY-04","رصيد افتتاحي","PTY","W","834","ready","جاهز","أساسي","C-MONEY C-DOCPRV C-DIALOG","04-D2-Parties.dc.html","owner_approved","not_drawn",""
"PTY-04-W834-validation_error","PTY-04","رصيد افتتاحي","PTY","W","834","validation_error","خطأ تحقق","أساسي","C-MONEY C-DOCPRV C-DIALOG","04-D2-Parties.dc.html","owner_approved","not_drawn",""
"PTY-04-W834-permission_denied","PTY-04","رصيد افتتاحي","PTY","W","834","permission_denied","صلاحية مرفوضة","أساسي","C-MONEY C-DOCPRV C-DIALOG","04-D2-Parties.dc.html","owner_approved","not_drawn",""
"PTY-04-W834-success","PTY-04","رصيد افتتاحي","PTY","W","834","success","نجاح","أساسي","C-MONEY C-DOCPRV C-DIALOG","04-D2-Parties.dc.html","owner_approved","not_drawn",""
"PTY-04-W1440-ready","PTY-04","رصيد افتتاحي","PTY","W","1440","ready","جاهز","أساسي","C-MONEY C-DOCPRV C-DIALOG","04-D2-Parties.dc.html","owner_approved","drawn","04-D2-Parties.dc.html#PTY-04"
"PTY-04-W1440-validation_error","PTY-04","رصيد افتتاحي","PTY","W","1440","validation_error","خطأ تحقق","أساسي","C-MONEY C-DOCPRV C-DIALOG","04-D2-Parties.dc.html","owner_approved","drawn","40-D32-Parties-Inventory.dc.html#PTY-04"
"PTY-04-W1440-permission_denied","PTY-04","رصيد افتتاحي","PTY","W","1440","permission_denied","صلاحية مرفوضة","أساسي","C-MONEY C-DOCPRV C-DIALOG","04-D2-Parties.dc.html","owner_approved","drawn","40-D32-Parties-Inventory.dc.html#PTY-04"
"PTY-04-W1440-success","PTY-04","رصيد افتتاحي","PTY","W","1440","success","نجاح","أساسي","C-MONEY C-DOCPRV C-DIALOG","04-D2-Parties.dc.html","owner_approved","drawn","40-D32-Parties-Inventory.dc.html#PTY-04"
"PTY-04-M390-ready","PTY-04","رصيد افتتاحي","PTY","M","390","ready","جاهز","أساسي","C-MONEY C-DOCPRV C-DIALOG","04-D2-Parties.dc.html","owner_approved","not_drawn",""
"PTY-04-M390-validation_error","PTY-04","رصيد افتتاحي","PTY","M","390","validation_error","خطأ تحقق","أساسي","C-MONEY C-DOCPRV C-DIALOG","04-D2-Parties.dc.html","owner_approved","not_drawn",""
"PTY-04-M390-permission_denied","PTY-04","رصيد افتتاحي","PTY","M","390","permission_denied","صلاحية مرفوضة","أساسي","C-MONEY C-DOCPRV C-DIALOG","04-D2-Parties.dc.html","owner_approved","not_drawn",""
"PTY-04-M390-success","PTY-04","رصيد افتتاحي","PTY","M","390","success","نجاح","أساسي","C-MONEY C-DOCPRV C-DIALOG","04-D2-Parties.dc.html","owner_approved","not_drawn",""
"PTY-04-D1366-ready","PTY-04","رصيد افتتاحي","PTY","D","1366","ready","جاهز","أساسي","C-MONEY C-DOCPRV C-DIALOG","04-D2-Parties.dc.html","owner_approved","not_drawn",""
"PTY-04-D1366-validation_error","PTY-04","رصيد افتتاحي","PTY","D","1366","validation_error","خطأ تحقق","أساسي","C-MONEY C-DOCPRV C-DIALOG","04-D2-Parties.dc.html","owner_approved","not_drawn",""
"PTY-04-D1366-permission_denied","PTY-04","رصيد افتتاحي","PTY","D","1366","permission_denied","صلاحية مرفوضة","أساسي","C-MONEY C-DOCPRV C-DIALOG","04-D2-Parties.dc.html","owner_approved","not_drawn",""
"PTY-04-D1366-success","PTY-04","رصيد افتتاحي","PTY","D","1366","success","نجاح","أساسي","C-MONEY C-DOCPRV C-DIALOG","04-D2-Parties.dc.html","owner_approved","not_drawn",""
"PTY-04-D1920-ready","PTY-04","رصيد افتتاحي","PTY","D","1920","ready","جاهز","أساسي","C-MONEY C-DOCPRV C-DIALOG","04-D2-Parties.dc.html","owner_approved","not_drawn",""
"PTY-04-D1920-validation_error","PTY-04","رصيد افتتاحي","PTY","D","1920","validation_error","خطأ تحقق","أساسي","C-MONEY C-DOCPRV C-DIALOG","04-D2-Parties.dc.html","owner_approved","not_drawn",""
"PTY-04-D1920-permission_denied","PTY-04","رصيد افتتاحي","PTY","D","1920","permission_denied","صلاحية مرفوضة","أساسي","C-MONEY C-DOCPRV C-DIALOG","04-D2-Parties.dc.html","owner_approved","not_drawn",""
"PTY-04-D1920-success","PTY-04","رصيد افتتاحي","PTY","D","1920","success","نجاح","أساسي","C-MONEY C-DOCPRV C-DIALOG","04-D2-Parties.dc.html","owner_approved","not_drawn",""
"PTY-05-W390-ready","PTY-05","كشف حساب","PTY","W","390","ready","جاهز","أساسي","C-LEDLINE C-FILTER C-SYNC","04-D2-Parties.dc.html","owner_approved","not_drawn",""
"PTY-05-W390-loading","PTY-05","كشف حساب","PTY","W","390","loading","تحميل","أساسي","C-LEDLINE C-FILTER C-SYNC","04-D2-Parties.dc.html","owner_approved","not_drawn",""
"PTY-05-W390-empty","PTY-05","كشف حساب","PTY","W","390","empty","فارغ","أساسي","C-LEDLINE C-FILTER C-SYNC","04-D2-Parties.dc.html","owner_approved","not_drawn",""
"PTY-05-W390-stale","PTY-05","كشف حساب","PTY","W","390","stale","بيانات قديمة","أساسي","C-LEDLINE C-FILTER C-SYNC","04-D2-Parties.dc.html","owner_approved","not_drawn",""
"PTY-05-W390-pending_sync","PTY-05","كشف حساب","PTY","W","390","pending_sync","معلّق المزامنة","أساسي","C-LEDLINE C-FILTER C-SYNC","04-D2-Parties.dc.html","owner_approved","not_drawn",""
"PTY-05-W390-offline","PTY-05","كشف حساب","PTY","W","390","offline","بلا اتصال","أساسي","C-LEDLINE C-FILTER C-SYNC","04-D2-Parties.dc.html","owner_approved","not_drawn",""
"PTY-05-W390-permission_denied","PTY-05","كشف حساب","PTY","W","390","permission_denied","صلاحية مرفوضة","أساسي","C-LEDLINE C-FILTER C-SYNC","04-D2-Parties.dc.html","owner_approved","not_drawn",""
"PTY-05-W834-ready","PTY-05","كشف حساب","PTY","W","834","ready","جاهز","أساسي","C-LEDLINE C-FILTER C-SYNC","04-D2-Parties.dc.html","owner_approved","not_drawn",""
"PTY-05-W834-loading","PTY-05","كشف حساب","PTY","W","834","loading","تحميل","أساسي","C-LEDLINE C-FILTER C-SYNC","04-D2-Parties.dc.html","owner_approved","not_drawn",""
"PTY-05-W834-empty","PTY-05","كشف حساب","PTY","W","834","empty","فارغ","أساسي","C-LEDLINE C-FILTER C-SYNC","04-D2-Parties.dc.html","owner_approved","not_drawn",""
"PTY-05-W834-stale","PTY-05","كشف حساب","PTY","W","834","stale","بيانات قديمة","أساسي","C-LEDLINE C-FILTER C-SYNC","04-D2-Parties.dc.html","owner_approved","not_drawn",""
"PTY-05-W834-pending_sync","PTY-05","كشف حساب","PTY","W","834","pending_sync","معلّق المزامنة","أساسي","C-LEDLINE C-FILTER C-SYNC","04-D2-Parties.dc.html","owner_approved","not_drawn",""
"PTY-05-W834-offline","PTY-05","كشف حساب","PTY","W","834","offline","بلا اتصال","أساسي","C-LEDLINE C-FILTER C-SYNC","04-D2-Parties.dc.html","owner_approved","not_drawn",""
"PTY-05-W834-permission_denied","PTY-05","كشف حساب","PTY","W","834","permission_denied","صلاحية مرفوضة","أساسي","C-LEDLINE C-FILTER C-SYNC","04-D2-Parties.dc.html","owner_approved","not_drawn",""
"PTY-05-W1440-ready","PTY-05","كشف حساب","PTY","W","1440","ready","جاهز","أساسي","C-LEDLINE C-FILTER C-SYNC","04-D2-Parties.dc.html","owner_approved","drawn","40-D32-Parties-Inventory.dc.html#PTY-05"
"PTY-05-W1440-loading","PTY-05","كشف حساب","PTY","W","1440","loading","تحميل","أساسي","C-LEDLINE C-FILTER C-SYNC","04-D2-Parties.dc.html","owner_approved","drawn","40-D32-Parties-Inventory.dc.html#PTY-05"
"PTY-05-W1440-empty","PTY-05","كشف حساب","PTY","W","1440","empty","فارغ","أساسي","C-LEDLINE C-FILTER C-SYNC","04-D2-Parties.dc.html","owner_approved","drawn","40-D32-Parties-Inventory.dc.html#PTY-05"
"PTY-05-W1440-stale","PTY-05","كشف حساب","PTY","W","1440","stale","بيانات قديمة","أساسي","C-LEDLINE C-FILTER C-SYNC","04-D2-Parties.dc.html","owner_approved","drawn","40-D32-Parties-Inventory.dc.html#PTY-05"
"PTY-05-W1440-pending_sync","PTY-05","كشف حساب","PTY","W","1440","pending_sync","معلّق المزامنة","أساسي","C-LEDLINE C-FILTER C-SYNC","04-D2-Parties.dc.html","owner_approved","drawn","04-D2-Parties.dc.html#PTY-05"
"PTY-05-W1440-offline","PTY-05","كشف حساب","PTY","W","1440","offline","بلا اتصال","أساسي","C-LEDLINE C-FILTER C-SYNC","04-D2-Parties.dc.html","owner_approved","drawn","40-D32-Parties-Inventory.dc.html#PTY-05"
"PTY-05-W1440-permission_denied","PTY-05","كشف حساب","PTY","W","1440","permission_denied","صلاحية مرفوضة","أساسي","C-LEDLINE C-FILTER C-SYNC","04-D2-Parties.dc.html","owner_approved","drawn","40-D32-Parties-Inventory.dc.html#PTY-05"
"PTY-05-M390-ready","PTY-05","كشف حساب","PTY","M","390","ready","جاهز","أساسي","C-LEDLINE C-FILTER C-SYNC","04-D2-Parties.dc.html","owner_approved","not_drawn",""
"PTY-05-M390-loading","PTY-05","كشف حساب","PTY","M","390","loading","تحميل","أساسي","C-LEDLINE C-FILTER C-SYNC","04-D2-Parties.dc.html","owner_approved","not_drawn",""
"PTY-05-M390-empty","PTY-05","كشف حساب","PTY","M","390","empty","فارغ","أساسي","C-LEDLINE C-FILTER C-SYNC","04-D2-Parties.dc.html","owner_approved","not_drawn",""
"PTY-05-M390-stale","PTY-05","كشف حساب","PTY","M","390","stale","بيانات قديمة","أساسي","C-LEDLINE C-FILTER C-SYNC","04-D2-Parties.dc.html","owner_approved","not_drawn",""
"PTY-05-M390-pending_sync","PTY-05","كشف حساب","PTY","M","390","pending_sync","معلّق المزامنة","أساسي","C-LEDLINE C-FILTER C-SYNC","04-D2-Parties.dc.html","owner_approved","not_drawn",""
"PTY-05-M390-offline","PTY-05","كشف حساب","PTY","M","390","offline","بلا اتصال","أساسي","C-LEDLINE C-FILTER C-SYNC","04-D2-Parties.dc.html","owner_approved","not_drawn",""
"PTY-05-M390-permission_denied","PTY-05","كشف حساب","PTY","M","390","permission_denied","صلاحية مرفوضة","أساسي","C-LEDLINE C-FILTER C-SYNC","04-D2-Parties.dc.html","owner_approved","not_drawn",""
"PTY-05-D1366-ready","PTY-05","كشف حساب","PTY","D","1366","ready","جاهز","أساسي","C-LEDLINE C-FILTER C-SYNC","04-D2-Parties.dc.html","owner_approved","not_drawn",""
"PTY-05-D1366-loading","PTY-05","كشف حساب","PTY","D","1366","loading","تحميل","أساسي","C-LEDLINE C-FILTER C-SYNC","04-D2-Parties.dc.html","owner_approved","not_drawn",""
"PTY-05-D1366-empty","PTY-05","كشف حساب","PTY","D","1366","empty","فارغ","أساسي","C-LEDLINE C-FILTER C-SYNC","04-D2-Parties.dc.html","owner_approved","not_drawn",""
"PTY-05-D1366-stale","PTY-05","كشف حساب","PTY","D","1366","stale","بيانات قديمة","أساسي","C-LEDLINE C-FILTER C-SYNC","04-D2-Parties.dc.html","owner_approved","not_drawn",""
"PTY-05-D1366-pending_sync","PTY-05","كشف حساب","PTY","D","1366","pending_sync","معلّق المزامنة","أساسي","C-LEDLINE C-FILTER C-SYNC","04-D2-Parties.dc.html","owner_approved","not_drawn",""
"PTY-05-D1366-offline","PTY-05","كشف حساب","PTY","D","1366","offline","بلا اتصال","أساسي","C-LEDLINE C-FILTER C-SYNC","04-D2-Parties.dc.html","owner_approved","not_drawn",""
"PTY-05-D1366-permission_denied","PTY-05","كشف حساب","PTY","D","1366","permission_denied","صلاحية مرفوضة","أساسي","C-LEDLINE C-FILTER C-SYNC","04-D2-Parties.dc.html","owner_approved","not_drawn",""
"PTY-05-D1920-ready","PTY-05","كشف حساب","PTY","D","1920","ready","جاهز","أساسي","C-LEDLINE C-FILTER C-SYNC","04-D2-Parties.dc.html","owner_approved","not_drawn",""
"PTY-05-D1920-loading","PTY-05","كشف حساب","PTY","D","1920","loading","تحميل","أساسي","C-LEDLINE C-FILTER C-SYNC","04-D2-Parties.dc.html","owner_approved","not_drawn",""
"PTY-05-D1920-empty","PTY-05","كشف حساب","PTY","D","1920","empty","فارغ","أساسي","C-LEDLINE C-FILTER C-SYNC","04-D2-Parties.dc.html","owner_approved","not_drawn",""
"PTY-05-D1920-stale","PTY-05","كشف حساب","PTY","D","1920","stale","بيانات قديمة","أساسي","C-LEDLINE C-FILTER C-SYNC","04-D2-Parties.dc.html","owner_approved","not_drawn",""
"PTY-05-D1920-pending_sync","PTY-05","كشف حساب","PTY","D","1920","pending_sync","معلّق المزامنة","أساسي","C-LEDLINE C-FILTER C-SYNC","04-D2-Parties.dc.html","owner_approved","not_drawn",""
"PTY-05-D1920-offline","PTY-05","كشف حساب","PTY","D","1920","offline","بلا اتصال","أساسي","C-LEDLINE C-FILTER C-SYNC","04-D2-Parties.dc.html","owner_approved","not_drawn",""
"PTY-05-D1920-permission_denied","PTY-05","كشف حساب","PTY","D","1920","permission_denied","صلاحية مرفوضة","أساسي","C-LEDLINE C-FILTER C-SYNC","04-D2-Parties.dc.html","owner_approved","not_drawn",""
"PTY-06-W390-ready","PTY-06","تسجيل سداد أو رد مبلغ","PTY","W","390","ready","جاهز","أساسي","C-MONEY C-PRINT C-FIELD","04-D2-Parties.dc.html","owner_approved","not_drawn",""
"PTY-06-W390-validation_error","PTY-06","تسجيل سداد أو رد مبلغ","PTY","W","390","validation_error","خطأ تحقق","أساسي","C-MONEY C-PRINT C-FIELD","04-D2-Parties.dc.html","owner_approved","not_drawn",""
"PTY-06-W390-saving","PTY-06","تسجيل سداد أو رد مبلغ","PTY","W","390","saving","جارٍ الحفظ","أساسي","C-MONEY C-PRINT C-FIELD","04-D2-Parties.dc.html","owner_approved","not_drawn",""
"PTY-06-W390-saved_local","PTY-06","تسجيل سداد أو رد مبلغ","PTY","W","390","saved_local","محفوظ محلياً","أساسي","C-MONEY C-PRINT C-FIELD","04-D2-Parties.dc.html","owner_approved","not_drawn",""
"PTY-06-W390-success","PTY-06","تسجيل سداد أو رد مبلغ","PTY","W","390","success","نجاح","أساسي","C-MONEY C-PRINT C-FIELD","04-D2-Parties.dc.html","owner_approved","not_drawn",""
"PTY-06-W390-permission_denied","PTY-06","تسجيل سداد أو رد مبلغ","PTY","W","390","permission_denied","صلاحية مرفوضة","أساسي","C-MONEY C-PRINT C-FIELD","04-D2-Parties.dc.html","owner_approved","not_drawn",""
"PTY-06-W834-ready","PTY-06","تسجيل سداد أو رد مبلغ","PTY","W","834","ready","جاهز","أساسي","C-MONEY C-PRINT C-FIELD","04-D2-Parties.dc.html","owner_approved","not_drawn",""
"PTY-06-W834-validation_error","PTY-06","تسجيل سداد أو رد مبلغ","PTY","W","834","validation_error","خطأ تحقق","أساسي","C-MONEY C-PRINT C-FIELD","04-D2-Parties.dc.html","owner_approved","not_drawn",""
"PTY-06-W834-saving","PTY-06","تسجيل سداد أو رد مبلغ","PTY","W","834","saving","جارٍ الحفظ","أساسي","C-MONEY C-PRINT C-FIELD","04-D2-Parties.dc.html","owner_approved","not_drawn",""
"PTY-06-W834-saved_local","PTY-06","تسجيل سداد أو رد مبلغ","PTY","W","834","saved_local","محفوظ محلياً","أساسي","C-MONEY C-PRINT C-FIELD","04-D2-Parties.dc.html","owner_approved","not_drawn",""
"PTY-06-W834-success","PTY-06","تسجيل سداد أو رد مبلغ","PTY","W","834","success","نجاح","أساسي","C-MONEY C-PRINT C-FIELD","04-D2-Parties.dc.html","owner_approved","not_drawn",""
"PTY-06-W834-permission_denied","PTY-06","تسجيل سداد أو رد مبلغ","PTY","W","834","permission_denied","صلاحية مرفوضة","أساسي","C-MONEY C-PRINT C-FIELD","04-D2-Parties.dc.html","owner_approved","not_drawn",""
"PTY-06-W1440-ready","PTY-06","تسجيل سداد أو رد مبلغ","PTY","W","1440","ready","جاهز","أساسي","C-MONEY C-PRINT C-FIELD","04-D2-Parties.dc.html","owner_approved","drawn","33-D25-Failure-Payment-Closure.dc.html#PTY-06"
"PTY-06-W1440-validation_error","PTY-06","تسجيل سداد أو رد مبلغ","PTY","W","1440","validation_error","خطأ تحقق","أساسي","C-MONEY C-PRINT C-FIELD","04-D2-Parties.dc.html","owner_approved","drawn","33-D25-Failure-Payment-Closure.dc.html#PTY-06"
"PTY-06-W1440-saving","PTY-06","تسجيل سداد أو رد مبلغ","PTY","W","1440","saving","جارٍ الحفظ","أساسي","C-MONEY C-PRINT C-FIELD","04-D2-Parties.dc.html","owner_approved","drawn","33-D25-Failure-Payment-Closure.dc.html#PTY-06"
"PTY-06-W1440-saved_local","PTY-06","تسجيل سداد أو رد مبلغ","PTY","W","1440","saved_local","محفوظ محلياً","أساسي","C-MONEY C-PRINT C-FIELD","04-D2-Parties.dc.html","owner_approved","drawn","33-D25-Failure-Payment-Closure.dc.html#PTY-06"
"PTY-06-W1440-success","PTY-06","تسجيل سداد أو رد مبلغ","PTY","W","1440","success","نجاح","أساسي","C-MONEY C-PRINT C-FIELD","04-D2-Parties.dc.html","owner_approved","drawn","33-D25-Failure-Payment-Closure.dc.html#PTY-06"
"PTY-06-W1440-permission_denied","PTY-06","تسجيل سداد أو رد مبلغ","PTY","W","1440","permission_denied","صلاحية مرفوضة","أساسي","C-MONEY C-PRINT C-FIELD","04-D2-Parties.dc.html","owner_approved","drawn","33-D25-Failure-Payment-Closure.dc.html#PTY-06"
"PTY-06-M390-ready","PTY-06","تسجيل سداد أو رد مبلغ","PTY","M","390","ready","جاهز","أساسي","C-MONEY C-PRINT C-FIELD","04-D2-Parties.dc.html","owner_approved","drawn","33-D25-Failure-Payment-Closure.dc.html#PTY-06"
"PTY-06-M390-validation_error","PTY-06","تسجيل سداد أو رد مبلغ","PTY","M","390","validation_error","خطأ تحقق","أساسي","C-MONEY C-PRINT C-FIELD","04-D2-Parties.dc.html","owner_approved","not_drawn",""
"PTY-06-M390-saving","PTY-06","تسجيل سداد أو رد مبلغ","PTY","M","390","saving","جارٍ الحفظ","أساسي","C-MONEY C-PRINT C-FIELD","04-D2-Parties.dc.html","owner_approved","not_drawn",""
"PTY-06-M390-saved_local","PTY-06","تسجيل سداد أو رد مبلغ","PTY","M","390","saved_local","محفوظ محلياً","أساسي","C-MONEY C-PRINT C-FIELD","04-D2-Parties.dc.html","owner_approved","not_drawn",""
"PTY-06-M390-success","PTY-06","تسجيل سداد أو رد مبلغ","PTY","M","390","success","نجاح","أساسي","C-MONEY C-PRINT C-FIELD","04-D2-Parties.dc.html","owner_approved","not_drawn",""
"PTY-06-M390-permission_denied","PTY-06","تسجيل سداد أو رد مبلغ","PTY","M","390","permission_denied","صلاحية مرفوضة","أساسي","C-MONEY C-PRINT C-FIELD","04-D2-Parties.dc.html","owner_approved","not_drawn",""
"PTY-06-D1366-ready","PTY-06","تسجيل سداد أو رد مبلغ","PTY","D","1366","ready","جاهز","أساسي","C-MONEY C-PRINT C-FIELD","04-D2-Parties.dc.html","owner_approved","not_drawn",""
"PTY-06-D1366-validation_error","PTY-06","تسجيل سداد أو رد مبلغ","PTY","D","1366","validation_error","خطأ تحقق","أساسي","C-MONEY C-PRINT C-FIELD","04-D2-Parties.dc.html","owner_approved","not_drawn",""
"PTY-06-D1366-saving","PTY-06","تسجيل سداد أو رد مبلغ","PTY","D","1366","saving","جارٍ الحفظ","أساسي","C-MONEY C-PRINT C-FIELD","04-D2-Parties.dc.html","owner_approved","not_drawn",""
"PTY-06-D1366-saved_local","PTY-06","تسجيل سداد أو رد مبلغ","PTY","D","1366","saved_local","محفوظ محلياً","أساسي","C-MONEY C-PRINT C-FIELD","04-D2-Parties.dc.html","owner_approved","not_drawn",""
"PTY-06-D1366-success","PTY-06","تسجيل سداد أو رد مبلغ","PTY","D","1366","success","نجاح","أساسي","C-MONEY C-PRINT C-FIELD","04-D2-Parties.dc.html","owner_approved","not_drawn",""
"PTY-06-D1366-permission_denied","PTY-06","تسجيل سداد أو رد مبلغ","PTY","D","1366","permission_denied","صلاحية مرفوضة","أساسي","C-MONEY C-PRINT C-FIELD","04-D2-Parties.dc.html","owner_approved","not_drawn",""
"PTY-06-D1920-ready","PTY-06","تسجيل سداد أو رد مبلغ","PTY","D","1920","ready","جاهز","أساسي","C-MONEY C-PRINT C-FIELD","04-D2-Parties.dc.html","owner_approved","drawn","33-D25-Failure-Payment-Closure.dc.html#PTY-06"
"PTY-06-D1920-validation_error","PTY-06","تسجيل سداد أو رد مبلغ","PTY","D","1920","validation_error","خطأ تحقق","أساسي","C-MONEY C-PRINT C-FIELD","04-D2-Parties.dc.html","owner_approved","not_drawn",""
"PTY-06-D1920-saving","PTY-06","تسجيل سداد أو رد مبلغ","PTY","D","1920","saving","جارٍ الحفظ","أساسي","C-MONEY C-PRINT C-FIELD","04-D2-Parties.dc.html","owner_approved","not_drawn",""
"PTY-06-D1920-saved_local","PTY-06","تسجيل سداد أو رد مبلغ","PTY","D","1920","saved_local","محفوظ محلياً","أساسي","C-MONEY C-PRINT C-FIELD","04-D2-Parties.dc.html","owner_approved","not_drawn",""
"PTY-06-D1920-success","PTY-06","تسجيل سداد أو رد مبلغ","PTY","D","1920","success","نجاح","أساسي","C-MONEY C-PRINT C-FIELD","04-D2-Parties.dc.html","owner_approved","not_drawn",""
"PTY-06-D1920-permission_denied","PTY-06","تسجيل سداد أو رد مبلغ","PTY","D","1920","permission_denied","صلاحية مرفوضة","أساسي","C-MONEY C-PRINT C-FIELD","04-D2-Parties.dc.html","owner_approved","not_drawn",""
"PTY-07-W390-ready","PTY-07","دمج أطراف","PTY","W","390","ready","جاهز","أساسي","C-DIALOG C-DOCPRV C-NOTICE","04-D2-Parties.dc.html","owner_approved","not_drawn",""
"PTY-07-W390-validation_error","PTY-07","دمج أطراف","PTY","W","390","validation_error","خطأ تحقق","أساسي","C-DIALOG C-DOCPRV C-NOTICE","04-D2-Parties.dc.html","owner_approved","not_drawn",""
"PTY-07-W390-permission_denied","PTY-07","دمج أطراف","PTY","W","390","permission_denied","صلاحية مرفوضة","أساسي","C-DIALOG C-DOCPRV C-NOTICE","04-D2-Parties.dc.html","owner_approved","not_drawn",""
"PTY-07-W390-conflict","PTY-07","دمج أطراف","PTY","W","390","conflict","تعارض","أساسي","C-DIALOG C-DOCPRV C-NOTICE","04-D2-Parties.dc.html","owner_approved","not_drawn",""
"PTY-07-W390-success","PTY-07","دمج أطراف","PTY","W","390","success","نجاح","أساسي","C-DIALOG C-DOCPRV C-NOTICE","04-D2-Parties.dc.html","owner_approved","not_drawn",""
"PTY-07-W834-ready","PTY-07","دمج أطراف","PTY","W","834","ready","جاهز","أساسي","C-DIALOG C-DOCPRV C-NOTICE","04-D2-Parties.dc.html","owner_approved","not_drawn",""
"PTY-07-W834-validation_error","PTY-07","دمج أطراف","PTY","W","834","validation_error","خطأ تحقق","أساسي","C-DIALOG C-DOCPRV C-NOTICE","04-D2-Parties.dc.html","owner_approved","not_drawn",""
"PTY-07-W834-permission_denied","PTY-07","دمج أطراف","PTY","W","834","permission_denied","صلاحية مرفوضة","أساسي","C-DIALOG C-DOCPRV C-NOTICE","04-D2-Parties.dc.html","owner_approved","not_drawn",""
"PTY-07-W834-conflict","PTY-07","دمج أطراف","PTY","W","834","conflict","تعارض","أساسي","C-DIALOG C-DOCPRV C-NOTICE","04-D2-Parties.dc.html","owner_approved","not_drawn",""
"PTY-07-W834-success","PTY-07","دمج أطراف","PTY","W","834","success","نجاح","أساسي","C-DIALOG C-DOCPRV C-NOTICE","04-D2-Parties.dc.html","owner_approved","not_drawn",""
"PTY-07-W1440-ready","PTY-07","دمج أطراف","PTY","W","1440","ready","جاهز","أساسي","C-DIALOG C-DOCPRV C-NOTICE","04-D2-Parties.dc.html","owner_approved","drawn","04-D2-Parties.dc.html#PTY-07"
"PTY-07-W1440-validation_error","PTY-07","دمج أطراف","PTY","W","1440","validation_error","خطأ تحقق","أساسي","C-DIALOG C-DOCPRV C-NOTICE","04-D2-Parties.dc.html","owner_approved","drawn","40-D32-Parties-Inventory.dc.html#PTY-07"
"PTY-07-W1440-permission_denied","PTY-07","دمج أطراف","PTY","W","1440","permission_denied","صلاحية مرفوضة","أساسي","C-DIALOG C-DOCPRV C-NOTICE","04-D2-Parties.dc.html","owner_approved","drawn","40-D32-Parties-Inventory.dc.html#PTY-07"
"PTY-07-W1440-conflict","PTY-07","دمج أطراف","PTY","W","1440","conflict","تعارض","أساسي","C-DIALOG C-DOCPRV C-NOTICE","04-D2-Parties.dc.html","owner_approved","drawn","40-D32-Parties-Inventory.dc.html#PTY-07"
"PTY-07-W1440-success","PTY-07","دمج أطراف","PTY","W","1440","success","نجاح","أساسي","C-DIALOG C-DOCPRV C-NOTICE","04-D2-Parties.dc.html","owner_approved","drawn","40-D32-Parties-Inventory.dc.html#PTY-07"
"PTY-07-M390-ready","PTY-07","دمج أطراف","PTY","M","390","ready","جاهز","أساسي","C-DIALOG C-DOCPRV C-NOTICE","04-D2-Parties.dc.html","owner_approved","not_drawn",""
"PTY-07-M390-validation_error","PTY-07","دمج أطراف","PTY","M","390","validation_error","خطأ تحقق","أساسي","C-DIALOG C-DOCPRV C-NOTICE","04-D2-Parties.dc.html","owner_approved","not_drawn",""
"PTY-07-M390-permission_denied","PTY-07","دمج أطراف","PTY","M","390","permission_denied","صلاحية مرفوضة","أساسي","C-DIALOG C-DOCPRV C-NOTICE","04-D2-Parties.dc.html","owner_approved","not_drawn",""
"PTY-07-M390-conflict","PTY-07","دمج أطراف","PTY","M","390","conflict","تعارض","أساسي","C-DIALOG C-DOCPRV C-NOTICE","04-D2-Parties.dc.html","owner_approved","not_drawn",""
"PTY-07-M390-success","PTY-07","دمج أطراف","PTY","M","390","success","نجاح","أساسي","C-DIALOG C-DOCPRV C-NOTICE","04-D2-Parties.dc.html","owner_approved","not_drawn",""
"PTY-07-D1366-ready","PTY-07","دمج أطراف","PTY","D","1366","ready","جاهز","أساسي","C-DIALOG C-DOCPRV C-NOTICE","04-D2-Parties.dc.html","owner_approved","not_drawn",""
"PTY-07-D1366-validation_error","PTY-07","دمج أطراف","PTY","D","1366","validation_error","خطأ تحقق","أساسي","C-DIALOG C-DOCPRV C-NOTICE","04-D2-Parties.dc.html","owner_approved","not_drawn",""
"PTY-07-D1366-permission_denied","PTY-07","دمج أطراف","PTY","D","1366","permission_denied","صلاحية مرفوضة","أساسي","C-DIALOG C-DOCPRV C-NOTICE","04-D2-Parties.dc.html","owner_approved","not_drawn",""
"PTY-07-D1366-conflict","PTY-07","دمج أطراف","PTY","D","1366","conflict","تعارض","أساسي","C-DIALOG C-DOCPRV C-NOTICE","04-D2-Parties.dc.html","owner_approved","not_drawn",""
"PTY-07-D1366-success","PTY-07","دمج أطراف","PTY","D","1366","success","نجاح","أساسي","C-DIALOG C-DOCPRV C-NOTICE","04-D2-Parties.dc.html","owner_approved","not_drawn",""
"PTY-07-D1920-ready","PTY-07","دمج أطراف","PTY","D","1920","ready","جاهز","أساسي","C-DIALOG C-DOCPRV C-NOTICE","04-D2-Parties.dc.html","owner_approved","not_drawn",""
"PTY-07-D1920-validation_error","PTY-07","دمج أطراف","PTY","D","1920","validation_error","خطأ تحقق","أساسي","C-DIALOG C-DOCPRV C-NOTICE","04-D2-Parties.dc.html","owner_approved","not_drawn",""
"PTY-07-D1920-permission_denied","PTY-07","دمج أطراف","PTY","D","1920","permission_denied","صلاحية مرفوضة","أساسي","C-DIALOG C-DOCPRV C-NOTICE","04-D2-Parties.dc.html","owner_approved","not_drawn",""
"PTY-07-D1920-conflict","PTY-07","دمج أطراف","PTY","D","1920","conflict","تعارض","أساسي","C-DIALOG C-DOCPRV C-NOTICE","04-D2-Parties.dc.html","owner_approved","not_drawn",""
"PTY-07-D1920-success","PTY-07","دمج أطراف","PTY","D","1920","success","نجاح","أساسي","C-DIALOG C-DOCPRV C-NOTICE","04-D2-Parties.dc.html","owner_approved","not_drawn",""
"PTY-08-W390-ready","PTY-08","طباعة وتصدير ومشاركة الكشف","PTY","W","390","ready","جاهز","أساسي","C-DOCPRV C-PRINT C-AUD","04-D2-Parties.dc.html","owner_approved","not_drawn",""
"PTY-08-W390-loading","PTY-08","طباعة وتصدير ومشاركة الكشف","PTY","W","390","loading","تحميل","أساسي","C-DOCPRV C-PRINT C-AUD","04-D2-Parties.dc.html","owner_approved","not_drawn",""
"PTY-08-W390-permission_denied","PTY-08","طباعة وتصدير ومشاركة الكشف","PTY","W","390","permission_denied","صلاحية مرفوضة","أساسي","C-DOCPRV C-PRINT C-AUD","04-D2-Parties.dc.html","owner_approved","not_drawn",""
"PTY-08-W390-success","PTY-08","طباعة وتصدير ومشاركة الكشف","PTY","W","390","success","نجاح","أساسي","C-DOCPRV C-PRINT C-AUD","04-D2-Parties.dc.html","owner_approved","not_drawn",""
"PTY-08-W390-server_error","PTY-08","طباعة وتصدير ومشاركة الكشف","PTY","W","390","server_error","خطأ خادم","أساسي","C-DOCPRV C-PRINT C-AUD","04-D2-Parties.dc.html","owner_approved","not_drawn",""
"PTY-08-W834-ready","PTY-08","طباعة وتصدير ومشاركة الكشف","PTY","W","834","ready","جاهز","أساسي","C-DOCPRV C-PRINT C-AUD","04-D2-Parties.dc.html","owner_approved","not_drawn",""
"PTY-08-W834-loading","PTY-08","طباعة وتصدير ومشاركة الكشف","PTY","W","834","loading","تحميل","أساسي","C-DOCPRV C-PRINT C-AUD","04-D2-Parties.dc.html","owner_approved","not_drawn",""
"PTY-08-W834-permission_denied","PTY-08","طباعة وتصدير ومشاركة الكشف","PTY","W","834","permission_denied","صلاحية مرفوضة","أساسي","C-DOCPRV C-PRINT C-AUD","04-D2-Parties.dc.html","owner_approved","not_drawn",""
"PTY-08-W834-success","PTY-08","طباعة وتصدير ومشاركة الكشف","PTY","W","834","success","نجاح","أساسي","C-DOCPRV C-PRINT C-AUD","04-D2-Parties.dc.html","owner_approved","not_drawn",""
"PTY-08-W834-server_error","PTY-08","طباعة وتصدير ومشاركة الكشف","PTY","W","834","server_error","خطأ خادم","أساسي","C-DOCPRV C-PRINT C-AUD","04-D2-Parties.dc.html","owner_approved","not_drawn",""
"PTY-08-W1440-ready","PTY-08","طباعة وتصدير ومشاركة الكشف","PTY","W","1440","ready","جاهز","أساسي","C-DOCPRV C-PRINT C-AUD","04-D2-Parties.dc.html","owner_approved","drawn","04-D2-Parties.dc.html#PTY-08"
"PTY-08-W1440-loading","PTY-08","طباعة وتصدير ومشاركة الكشف","PTY","W","1440","loading","تحميل","أساسي","C-DOCPRV C-PRINT C-AUD","04-D2-Parties.dc.html","owner_approved","drawn","40-D32-Parties-Inventory.dc.html#PTY-08"
"PTY-08-W1440-permission_denied","PTY-08","طباعة وتصدير ومشاركة الكشف","PTY","W","1440","permission_denied","صلاحية مرفوضة","أساسي","C-DOCPRV C-PRINT C-AUD","04-D2-Parties.dc.html","owner_approved","drawn","40-D32-Parties-Inventory.dc.html#PTY-08"
"PTY-08-W1440-success","PTY-08","طباعة وتصدير ومشاركة الكشف","PTY","W","1440","success","نجاح","أساسي","C-DOCPRV C-PRINT C-AUD","04-D2-Parties.dc.html","owner_approved","drawn","40-D32-Parties-Inventory.dc.html#PTY-08"
"PTY-08-W1440-server_error","PTY-08","طباعة وتصدير ومشاركة الكشف","PTY","W","1440","server_error","خطأ خادم","أساسي","C-DOCPRV C-PRINT C-AUD","04-D2-Parties.dc.html","owner_approved","drawn","40-D32-Parties-Inventory.dc.html#PTY-08"
"PTY-08-M390-ready","PTY-08","طباعة وتصدير ومشاركة الكشف","PTY","M","390","ready","جاهز","أساسي","C-DOCPRV C-PRINT C-AUD","04-D2-Parties.dc.html","owner_approved","drawn","15-D10-Parties-Shifts-Org.dc.html#PTY-08"
"PTY-08-M390-loading","PTY-08","طباعة وتصدير ومشاركة الكشف","PTY","M","390","loading","تحميل","أساسي","C-DOCPRV C-PRINT C-AUD","04-D2-Parties.dc.html","owner_approved","not_drawn",""
"PTY-08-M390-permission_denied","PTY-08","طباعة وتصدير ومشاركة الكشف","PTY","M","390","permission_denied","صلاحية مرفوضة","أساسي","C-DOCPRV C-PRINT C-AUD","04-D2-Parties.dc.html","owner_approved","not_drawn",""
"PTY-08-M390-success","PTY-08","طباعة وتصدير ومشاركة الكشف","PTY","M","390","success","نجاح","أساسي","C-DOCPRV C-PRINT C-AUD","04-D2-Parties.dc.html","owner_approved","not_drawn",""
"PTY-08-M390-server_error","PTY-08","طباعة وتصدير ومشاركة الكشف","PTY","M","390","server_error","خطأ خادم","أساسي","C-DOCPRV C-PRINT C-AUD","04-D2-Parties.dc.html","owner_approved","not_drawn",""
"PTY-08-D1366-ready","PTY-08","طباعة وتصدير ومشاركة الكشف","PTY","D","1366","ready","جاهز","أساسي","C-DOCPRV C-PRINT C-AUD","04-D2-Parties.dc.html","owner_approved","not_drawn",""
"PTY-08-D1366-loading","PTY-08","طباعة وتصدير ومشاركة الكشف","PTY","D","1366","loading","تحميل","أساسي","C-DOCPRV C-PRINT C-AUD","04-D2-Parties.dc.html","owner_approved","not_drawn",""
"PTY-08-D1366-permission_denied","PTY-08","طباعة وتصدير ومشاركة الكشف","PTY","D","1366","permission_denied","صلاحية مرفوضة","أساسي","C-DOCPRV C-PRINT C-AUD","04-D2-Parties.dc.html","owner_approved","not_drawn",""
"PTY-08-D1366-success","PTY-08","طباعة وتصدير ومشاركة الكشف","PTY","D","1366","success","نجاح","أساسي","C-DOCPRV C-PRINT C-AUD","04-D2-Parties.dc.html","owner_approved","not_drawn",""
"PTY-08-D1366-server_error","PTY-08","طباعة وتصدير ومشاركة الكشف","PTY","D","1366","server_error","خطأ خادم","أساسي","C-DOCPRV C-PRINT C-AUD","04-D2-Parties.dc.html","owner_approved","not_drawn",""
"PTY-08-D1920-ready","PTY-08","طباعة وتصدير ومشاركة الكشف","PTY","D","1920","ready","جاهز","أساسي","C-DOCPRV C-PRINT C-AUD","04-D2-Parties.dc.html","owner_approved","not_drawn",""
"PTY-08-D1920-loading","PTY-08","طباعة وتصدير ومشاركة الكشف","PTY","D","1920","loading","تحميل","أساسي","C-DOCPRV C-PRINT C-AUD","04-D2-Parties.dc.html","owner_approved","not_drawn",""
"PTY-08-D1920-permission_denied","PTY-08","طباعة وتصدير ومشاركة الكشف","PTY","D","1920","permission_denied","صلاحية مرفوضة","أساسي","C-DOCPRV C-PRINT C-AUD","04-D2-Parties.dc.html","owner_approved","not_drawn",""
"PTY-08-D1920-success","PTY-08","طباعة وتصدير ومشاركة الكشف","PTY","D","1920","success","نجاح","أساسي","C-DOCPRV C-PRINT C-AUD","04-D2-Parties.dc.html","owner_approved","not_drawn",""
"PTY-08-D1920-server_error","PTY-08","طباعة وتصدير ومشاركة الكشف","PTY","D","1920","server_error","خطأ خادم","أساسي","C-DOCPRV C-PRINT C-AUD","04-D2-Parties.dc.html","owner_approved","not_drawn",""
"PTY-09-W390-ready","PTY-09","تصحيح تاريخ الأعمال","PTY","W","390","ready","جاهز","أساسي","C-FIELD C-DIALOG C-NOTICE","04-D2-Parties.dc.html","owner_approved","not_drawn",""
"PTY-09-W390-validation_error","PTY-09","تصحيح تاريخ الأعمال","PTY","W","390","validation_error","خطأ تحقق","أساسي","C-FIELD C-DIALOG C-NOTICE","04-D2-Parties.dc.html","owner_approved","not_drawn",""
"PTY-09-W390-permission_denied","PTY-09","تصحيح تاريخ الأعمال","PTY","W","390","permission_denied","صلاحية مرفوضة","أساسي","C-FIELD C-DIALOG C-NOTICE","04-D2-Parties.dc.html","owner_approved","not_drawn",""
"PTY-09-W390-success","PTY-09","تصحيح تاريخ الأعمال","PTY","W","390","success","نجاح","أساسي","C-FIELD C-DIALOG C-NOTICE","04-D2-Parties.dc.html","owner_approved","not_drawn",""
"PTY-09-W834-ready","PTY-09","تصحيح تاريخ الأعمال","PTY","W","834","ready","جاهز","أساسي","C-FIELD C-DIALOG C-NOTICE","04-D2-Parties.dc.html","owner_approved","not_drawn",""
"PTY-09-W834-validation_error","PTY-09","تصحيح تاريخ الأعمال","PTY","W","834","validation_error","خطأ تحقق","أساسي","C-FIELD C-DIALOG C-NOTICE","04-D2-Parties.dc.html","owner_approved","not_drawn",""
"PTY-09-W834-permission_denied","PTY-09","تصحيح تاريخ الأعمال","PTY","W","834","permission_denied","صلاحية مرفوضة","أساسي","C-FIELD C-DIALOG C-NOTICE","04-D2-Parties.dc.html","owner_approved","not_drawn",""
"PTY-09-W834-success","PTY-09","تصحيح تاريخ الأعمال","PTY","W","834","success","نجاح","أساسي","C-FIELD C-DIALOG C-NOTICE","04-D2-Parties.dc.html","owner_approved","not_drawn",""
"PTY-09-W1440-ready","PTY-09","تصحيح تاريخ الأعمال","PTY","W","1440","ready","جاهز","أساسي","C-FIELD C-DIALOG C-NOTICE","04-D2-Parties.dc.html","owner_approved","drawn","04-D2-Parties.dc.html#PTY-09"
"PTY-09-W1440-validation_error","PTY-09","تصحيح تاريخ الأعمال","PTY","W","1440","validation_error","خطأ تحقق","أساسي","C-FIELD C-DIALOG C-NOTICE","04-D2-Parties.dc.html","owner_approved","drawn","40-D32-Parties-Inventory.dc.html#PTY-09"
"PTY-09-W1440-permission_denied","PTY-09","تصحيح تاريخ الأعمال","PTY","W","1440","permission_denied","صلاحية مرفوضة","أساسي","C-FIELD C-DIALOG C-NOTICE","04-D2-Parties.dc.html","owner_approved","drawn","40-D32-Parties-Inventory.dc.html#PTY-09"
"PTY-09-W1440-success","PTY-09","تصحيح تاريخ الأعمال","PTY","W","1440","success","نجاح","أساسي","C-FIELD C-DIALOG C-NOTICE","04-D2-Parties.dc.html","owner_approved","drawn","40-D32-Parties-Inventory.dc.html#PTY-09"
"PTY-09-M390-ready","PTY-09","تصحيح تاريخ الأعمال","PTY","M","390","ready","جاهز","أساسي","C-FIELD C-DIALOG C-NOTICE","04-D2-Parties.dc.html","owner_approved","not_drawn",""
"PTY-09-M390-validation_error","PTY-09","تصحيح تاريخ الأعمال","PTY","M","390","validation_error","خطأ تحقق","أساسي","C-FIELD C-DIALOG C-NOTICE","04-D2-Parties.dc.html","owner_approved","not_drawn",""
"PTY-09-M390-permission_denied","PTY-09","تصحيح تاريخ الأعمال","PTY","M","390","permission_denied","صلاحية مرفوضة","أساسي","C-FIELD C-DIALOG C-NOTICE","04-D2-Parties.dc.html","owner_approved","not_drawn",""
"PTY-09-M390-success","PTY-09","تصحيح تاريخ الأعمال","PTY","M","390","success","نجاح","أساسي","C-FIELD C-DIALOG C-NOTICE","04-D2-Parties.dc.html","owner_approved","not_drawn",""
"PTY-09-D1366-ready","PTY-09","تصحيح تاريخ الأعمال","PTY","D","1366","ready","جاهز","أساسي","C-FIELD C-DIALOG C-NOTICE","04-D2-Parties.dc.html","owner_approved","not_drawn",""
"PTY-09-D1366-validation_error","PTY-09","تصحيح تاريخ الأعمال","PTY","D","1366","validation_error","خطأ تحقق","أساسي","C-FIELD C-DIALOG C-NOTICE","04-D2-Parties.dc.html","owner_approved","not_drawn",""
"PTY-09-D1366-permission_denied","PTY-09","تصحيح تاريخ الأعمال","PTY","D","1366","permission_denied","صلاحية مرفوضة","أساسي","C-FIELD C-DIALOG C-NOTICE","04-D2-Parties.dc.html","owner_approved","not_drawn",""
"PTY-09-D1366-success","PTY-09","تصحيح تاريخ الأعمال","PTY","D","1366","success","نجاح","أساسي","C-FIELD C-DIALOG C-NOTICE","04-D2-Parties.dc.html","owner_approved","not_drawn",""
"PTY-09-D1920-ready","PTY-09","تصحيح تاريخ الأعمال","PTY","D","1920","ready","جاهز","أساسي","C-FIELD C-DIALOG C-NOTICE","04-D2-Parties.dc.html","owner_approved","not_drawn",""
"PTY-09-D1920-validation_error","PTY-09","تصحيح تاريخ الأعمال","PTY","D","1920","validation_error","خطأ تحقق","أساسي","C-FIELD C-DIALOG C-NOTICE","04-D2-Parties.dc.html","owner_approved","not_drawn",""
"PTY-09-D1920-permission_denied","PTY-09","تصحيح تاريخ الأعمال","PTY","D","1920","permission_denied","صلاحية مرفوضة","أساسي","C-FIELD C-DIALOG C-NOTICE","04-D2-Parties.dc.html","owner_approved","not_drawn",""
"PTY-09-D1920-success","PTY-09","تصحيح تاريخ الأعمال","PTY","D","1920","success","نجاح","أساسي","C-FIELD C-DIALOG C-NOTICE","04-D2-Parties.dc.html","owner_approved","not_drawn",""
"CAT-01-W390-ready","CAT-01","قائمة الأصناف والبحث","CAT","W","390","ready","جاهز","أساسي","C-TABLE C-FILTER C-PICK","05-D2-Catalog-Inventory.dc.html","owner_approved","not_drawn",""
"CAT-01-W390-loading","CAT-01","قائمة الأصناف والبحث","CAT","W","390","loading","تحميل","أساسي","C-TABLE C-FILTER C-PICK","05-D2-Catalog-Inventory.dc.html","owner_approved","not_drawn",""
"CAT-01-W390-empty","CAT-01","قائمة الأصناف والبحث","CAT","W","390","empty","فارغ","أساسي","C-TABLE C-FILTER C-PICK","05-D2-Catalog-Inventory.dc.html","owner_approved","not_drawn",""
"CAT-01-W390-offline","CAT-01","قائمة الأصناف والبحث","CAT","W","390","offline","بلا اتصال","أساسي","C-TABLE C-FILTER C-PICK","05-D2-Catalog-Inventory.dc.html","owner_approved","not_drawn",""
"CAT-01-W390-stale","CAT-01","قائمة الأصناف والبحث","CAT","W","390","stale","بيانات قديمة","أساسي","C-TABLE C-FILTER C-PICK","05-D2-Catalog-Inventory.dc.html","owner_approved","not_drawn",""
"CAT-01-W834-ready","CAT-01","قائمة الأصناف والبحث","CAT","W","834","ready","جاهز","أساسي","C-TABLE C-FILTER C-PICK","05-D2-Catalog-Inventory.dc.html","owner_approved","not_drawn",""
"CAT-01-W834-loading","CAT-01","قائمة الأصناف والبحث","CAT","W","834","loading","تحميل","أساسي","C-TABLE C-FILTER C-PICK","05-D2-Catalog-Inventory.dc.html","owner_approved","not_drawn",""
"CAT-01-W834-empty","CAT-01","قائمة الأصناف والبحث","CAT","W","834","empty","فارغ","أساسي","C-TABLE C-FILTER C-PICK","05-D2-Catalog-Inventory.dc.html","owner_approved","not_drawn",""
"CAT-01-W834-offline","CAT-01","قائمة الأصناف والبحث","CAT","W","834","offline","بلا اتصال","أساسي","C-TABLE C-FILTER C-PICK","05-D2-Catalog-Inventory.dc.html","owner_approved","not_drawn",""
"CAT-01-W834-stale","CAT-01","قائمة الأصناف والبحث","CAT","W","834","stale","بيانات قديمة","أساسي","C-TABLE C-FILTER C-PICK","05-D2-Catalog-Inventory.dc.html","owner_approved","not_drawn",""
"CAT-01-W1440-ready","CAT-01","قائمة الأصناف والبحث","CAT","W","1440","ready","جاهز","أساسي","C-TABLE C-FILTER C-PICK","05-D2-Catalog-Inventory.dc.html","owner_approved","drawn","05-D2-Catalog-Inventory.dc.html#CAT-01"
"CAT-01-W1440-loading","CAT-01","قائمة الأصناف والبحث","CAT","W","1440","loading","تحميل","أساسي","C-TABLE C-FILTER C-PICK","05-D2-Catalog-Inventory.dc.html","owner_approved","drawn","38-D30-Catalog-Shifts-Link-Growth.dc.html#CAT-01"
"CAT-01-W1440-empty","CAT-01","قائمة الأصناف والبحث","CAT","W","1440","empty","فارغ","أساسي","C-TABLE C-FILTER C-PICK","05-D2-Catalog-Inventory.dc.html","owner_approved","drawn","38-D30-Catalog-Shifts-Link-Growth.dc.html#CAT-01"
"CAT-01-W1440-offline","CAT-01","قائمة الأصناف والبحث","CAT","W","1440","offline","بلا اتصال","أساسي","C-TABLE C-FILTER C-PICK","05-D2-Catalog-Inventory.dc.html","owner_approved","drawn","38-D30-Catalog-Shifts-Link-Growth.dc.html#CAT-01"
"CAT-01-W1440-stale","CAT-01","قائمة الأصناف والبحث","CAT","W","1440","stale","بيانات قديمة","أساسي","C-TABLE C-FILTER C-PICK","05-D2-Catalog-Inventory.dc.html","owner_approved","drawn","38-D30-Catalog-Shifts-Link-Growth.dc.html#CAT-01"
"CAT-01-M390-ready","CAT-01","قائمة الأصناف والبحث","CAT","M","390","ready","جاهز","أساسي","C-TABLE C-FILTER C-PICK","05-D2-Catalog-Inventory.dc.html","owner_approved","not_drawn",""
"CAT-01-M390-loading","CAT-01","قائمة الأصناف والبحث","CAT","M","390","loading","تحميل","أساسي","C-TABLE C-FILTER C-PICK","05-D2-Catalog-Inventory.dc.html","owner_approved","not_drawn",""
"CAT-01-M390-empty","CAT-01","قائمة الأصناف والبحث","CAT","M","390","empty","فارغ","أساسي","C-TABLE C-FILTER C-PICK","05-D2-Catalog-Inventory.dc.html","owner_approved","not_drawn",""
"CAT-01-M390-offline","CAT-01","قائمة الأصناف والبحث","CAT","M","390","offline","بلا اتصال","أساسي","C-TABLE C-FILTER C-PICK","05-D2-Catalog-Inventory.dc.html","owner_approved","not_drawn",""
"CAT-01-M390-stale","CAT-01","قائمة الأصناف والبحث","CAT","M","390","stale","بيانات قديمة","أساسي","C-TABLE C-FILTER C-PICK","05-D2-Catalog-Inventory.dc.html","owner_approved","not_drawn",""
"CAT-01-D1366-ready","CAT-01","قائمة الأصناف والبحث","CAT","D","1366","ready","جاهز","أساسي","C-TABLE C-FILTER C-PICK","05-D2-Catalog-Inventory.dc.html","owner_approved","not_drawn",""
"CAT-01-D1366-loading","CAT-01","قائمة الأصناف والبحث","CAT","D","1366","loading","تحميل","أساسي","C-TABLE C-FILTER C-PICK","05-D2-Catalog-Inventory.dc.html","owner_approved","not_drawn",""
"CAT-01-D1366-empty","CAT-01","قائمة الأصناف والبحث","CAT","D","1366","empty","فارغ","أساسي","C-TABLE C-FILTER C-PICK","05-D2-Catalog-Inventory.dc.html","owner_approved","not_drawn",""
"CAT-01-D1366-offline","CAT-01","قائمة الأصناف والبحث","CAT","D","1366","offline","بلا اتصال","أساسي","C-TABLE C-FILTER C-PICK","05-D2-Catalog-Inventory.dc.html","owner_approved","not_drawn",""
"CAT-01-D1366-stale","CAT-01","قائمة الأصناف والبحث","CAT","D","1366","stale","بيانات قديمة","أساسي","C-TABLE C-FILTER C-PICK","05-D2-Catalog-Inventory.dc.html","owner_approved","not_drawn",""
"CAT-01-D1920-ready","CAT-01","قائمة الأصناف والبحث","CAT","D","1920","ready","جاهز","أساسي","C-TABLE C-FILTER C-PICK","05-D2-Catalog-Inventory.dc.html","owner_approved","not_drawn",""
"CAT-01-D1920-loading","CAT-01","قائمة الأصناف والبحث","CAT","D","1920","loading","تحميل","أساسي","C-TABLE C-FILTER C-PICK","05-D2-Catalog-Inventory.dc.html","owner_approved","not_drawn",""
"CAT-01-D1920-empty","CAT-01","قائمة الأصناف والبحث","CAT","D","1920","empty","فارغ","أساسي","C-TABLE C-FILTER C-PICK","05-D2-Catalog-Inventory.dc.html","owner_approved","not_drawn",""
"CAT-01-D1920-offline","CAT-01","قائمة الأصناف والبحث","CAT","D","1920","offline","بلا اتصال","أساسي","C-TABLE C-FILTER C-PICK","05-D2-Catalog-Inventory.dc.html","owner_approved","not_drawn",""
"CAT-01-D1920-stale","CAT-01","قائمة الأصناف والبحث","CAT","D","1920","stale","بيانات قديمة","أساسي","C-TABLE C-FILTER C-PICK","05-D2-Catalog-Inventory.dc.html","owner_approved","not_drawn",""
"CAT-02-W390-ready","CAT-02","إنشاء صنف وبطاقته","CAT","W","390","ready","جاهز","أساسي","C-FIELD C-UPLOAD C-PANEL","05-D2-Catalog-Inventory.dc.html","owner_approved","not_drawn",""
"CAT-02-W390-validation_error","CAT-02","إنشاء صنف وبطاقته","CAT","W","390","validation_error","خطأ تحقق","أساسي","C-FIELD C-UPLOAD C-PANEL","05-D2-Catalog-Inventory.dc.html","owner_approved","not_drawn",""
"CAT-02-W390-saving","CAT-02","إنشاء صنف وبطاقته","CAT","W","390","saving","جارٍ الحفظ","أساسي","C-FIELD C-UPLOAD C-PANEL","05-D2-Catalog-Inventory.dc.html","owner_approved","not_drawn",""
"CAT-02-W390-success","CAT-02","إنشاء صنف وبطاقته","CAT","W","390","success","نجاح","أساسي","C-FIELD C-UPLOAD C-PANEL","05-D2-Catalog-Inventory.dc.html","owner_approved","not_drawn",""
"CAT-02-W834-ready","CAT-02","إنشاء صنف وبطاقته","CAT","W","834","ready","جاهز","أساسي","C-FIELD C-UPLOAD C-PANEL","05-D2-Catalog-Inventory.dc.html","owner_approved","not_drawn",""
"CAT-02-W834-validation_error","CAT-02","إنشاء صنف وبطاقته","CAT","W","834","validation_error","خطأ تحقق","أساسي","C-FIELD C-UPLOAD C-PANEL","05-D2-Catalog-Inventory.dc.html","owner_approved","not_drawn",""
"CAT-02-W834-saving","CAT-02","إنشاء صنف وبطاقته","CAT","W","834","saving","جارٍ الحفظ","أساسي","C-FIELD C-UPLOAD C-PANEL","05-D2-Catalog-Inventory.dc.html","owner_approved","not_drawn",""
"CAT-02-W834-success","CAT-02","إنشاء صنف وبطاقته","CAT","W","834","success","نجاح","أساسي","C-FIELD C-UPLOAD C-PANEL","05-D2-Catalog-Inventory.dc.html","owner_approved","not_drawn",""
"CAT-02-W1440-ready","CAT-02","إنشاء صنف وبطاقته","CAT","W","1440","ready","جاهز","أساسي","C-FIELD C-UPLOAD C-PANEL","05-D2-Catalog-Inventory.dc.html","owner_approved","drawn","31-D23-Catalog-Home-Shift.dc.html#CAT-02"
"CAT-02-W1440-validation_error","CAT-02","إنشاء صنف وبطاقته","CAT","W","1440","validation_error","خطأ تحقق","أساسي","C-FIELD C-UPLOAD C-PANEL","05-D2-Catalog-Inventory.dc.html","owner_approved","drawn","31-D23-Catalog-Home-Shift.dc.html#CAT-02"
"CAT-02-W1440-saving","CAT-02","إنشاء صنف وبطاقته","CAT","W","1440","saving","جارٍ الحفظ","أساسي","C-FIELD C-UPLOAD C-PANEL","05-D2-Catalog-Inventory.dc.html","owner_approved","drawn","31-D23-Catalog-Home-Shift.dc.html#CAT-02"
"CAT-02-W1440-success","CAT-02","إنشاء صنف وبطاقته","CAT","W","1440","success","نجاح","أساسي","C-FIELD C-UPLOAD C-PANEL","05-D2-Catalog-Inventory.dc.html","owner_approved","drawn","31-D23-Catalog-Home-Shift.dc.html#CAT-02"
"CAT-02-M390-ready","CAT-02","إنشاء صنف وبطاقته","CAT","M","390","ready","جاهز","أساسي","C-FIELD C-UPLOAD C-PANEL","05-D2-Catalog-Inventory.dc.html","owner_approved","drawn","31-D23-Catalog-Home-Shift.dc.html#CAT-02"
"CAT-02-M390-validation_error","CAT-02","إنشاء صنف وبطاقته","CAT","M","390","validation_error","خطأ تحقق","أساسي","C-FIELD C-UPLOAD C-PANEL","05-D2-Catalog-Inventory.dc.html","owner_approved","not_drawn",""
"CAT-02-M390-saving","CAT-02","إنشاء صنف وبطاقته","CAT","M","390","saving","جارٍ الحفظ","أساسي","C-FIELD C-UPLOAD C-PANEL","05-D2-Catalog-Inventory.dc.html","owner_approved","not_drawn",""
"CAT-02-M390-success","CAT-02","إنشاء صنف وبطاقته","CAT","M","390","success","نجاح","أساسي","C-FIELD C-UPLOAD C-PANEL","05-D2-Catalog-Inventory.dc.html","owner_approved","not_drawn",""
"CAT-02-D1366-ready","CAT-02","إنشاء صنف وبطاقته","CAT","D","1366","ready","جاهز","أساسي","C-FIELD C-UPLOAD C-PANEL","05-D2-Catalog-Inventory.dc.html","owner_approved","not_drawn",""
"CAT-02-D1366-validation_error","CAT-02","إنشاء صنف وبطاقته","CAT","D","1366","validation_error","خطأ تحقق","أساسي","C-FIELD C-UPLOAD C-PANEL","05-D2-Catalog-Inventory.dc.html","owner_approved","not_drawn",""
"CAT-02-D1366-saving","CAT-02","إنشاء صنف وبطاقته","CAT","D","1366","saving","جارٍ الحفظ","أساسي","C-FIELD C-UPLOAD C-PANEL","05-D2-Catalog-Inventory.dc.html","owner_approved","not_drawn",""
"CAT-02-D1366-success","CAT-02","إنشاء صنف وبطاقته","CAT","D","1366","success","نجاح","أساسي","C-FIELD C-UPLOAD C-PANEL","05-D2-Catalog-Inventory.dc.html","owner_approved","not_drawn",""
"CAT-02-D1920-ready","CAT-02","إنشاء صنف وبطاقته","CAT","D","1920","ready","جاهز","أساسي","C-FIELD C-UPLOAD C-PANEL","05-D2-Catalog-Inventory.dc.html","owner_approved","drawn","31-D23-Catalog-Home-Shift.dc.html#CAT-02"
"CAT-02-D1920-validation_error","CAT-02","إنشاء صنف وبطاقته","CAT","D","1920","validation_error","خطأ تحقق","أساسي","C-FIELD C-UPLOAD C-PANEL","05-D2-Catalog-Inventory.dc.html","owner_approved","not_drawn",""
"CAT-02-D1920-saving","CAT-02","إنشاء صنف وبطاقته","CAT","D","1920","saving","جارٍ الحفظ","أساسي","C-FIELD C-UPLOAD C-PANEL","05-D2-Catalog-Inventory.dc.html","owner_approved","not_drawn",""
"CAT-02-D1920-success","CAT-02","إنشاء صنف وبطاقته","CAT","D","1920","success","نجاح","أساسي","C-FIELD C-UPLOAD C-PANEL","05-D2-Catalog-Inventory.dc.html","owner_approved","not_drawn",""
"CAT-03-W390-ready","CAT-03","وحدات وتحويلات وباركود","CAT","W","390","ready","جاهز","أساسي","C-QTYUNIT C-TABLE C-DIALOG","05-D2-Catalog-Inventory.dc.html","owner_approved","not_drawn",""
"CAT-03-W390-validation_error","CAT-03","وحدات وتحويلات وباركود","CAT","W","390","validation_error","خطأ تحقق","أساسي","C-QTYUNIT C-TABLE C-DIALOG","05-D2-Catalog-Inventory.dc.html","owner_approved","not_drawn",""
"CAT-03-W390-success","CAT-03","وحدات وتحويلات وباركود","CAT","W","390","success","نجاح","أساسي","C-QTYUNIT C-TABLE C-DIALOG","05-D2-Catalog-Inventory.dc.html","owner_approved","not_drawn",""
"CAT-03-W834-ready","CAT-03","وحدات وتحويلات وباركود","CAT","W","834","ready","جاهز","أساسي","C-QTYUNIT C-TABLE C-DIALOG","05-D2-Catalog-Inventory.dc.html","owner_approved","not_drawn",""
"CAT-03-W834-validation_error","CAT-03","وحدات وتحويلات وباركود","CAT","W","834","validation_error","خطأ تحقق","أساسي","C-QTYUNIT C-TABLE C-DIALOG","05-D2-Catalog-Inventory.dc.html","owner_approved","not_drawn",""
"CAT-03-W834-success","CAT-03","وحدات وتحويلات وباركود","CAT","W","834","success","نجاح","أساسي","C-QTYUNIT C-TABLE C-DIALOG","05-D2-Catalog-Inventory.dc.html","owner_approved","not_drawn",""
"CAT-03-W1440-ready","CAT-03","وحدات وتحويلات وباركود","CAT","W","1440","ready","جاهز","أساسي","C-QTYUNIT C-TABLE C-DIALOG","05-D2-Catalog-Inventory.dc.html","owner_approved","drawn","05-D2-Catalog-Inventory.dc.html#CAT-03"
"CAT-03-W1440-validation_error","CAT-03","وحدات وتحويلات وباركود","CAT","W","1440","validation_error","خطأ تحقق","أساسي","C-QTYUNIT C-TABLE C-DIALOG","05-D2-Catalog-Inventory.dc.html","owner_approved","drawn","38-D30-Catalog-Shifts-Link-Growth.dc.html#CAT-03"
"CAT-03-W1440-success","CAT-03","وحدات وتحويلات وباركود","CAT","W","1440","success","نجاح","أساسي","C-QTYUNIT C-TABLE C-DIALOG","05-D2-Catalog-Inventory.dc.html","owner_approved","drawn","38-D30-Catalog-Shifts-Link-Growth.dc.html#CAT-03"
"CAT-03-M390-ready","CAT-03","وحدات وتحويلات وباركود","CAT","M","390","ready","جاهز","أساسي","C-QTYUNIT C-TABLE C-DIALOG","05-D2-Catalog-Inventory.dc.html","owner_approved","not_drawn",""
"CAT-03-M390-validation_error","CAT-03","وحدات وتحويلات وباركود","CAT","M","390","validation_error","خطأ تحقق","أساسي","C-QTYUNIT C-TABLE C-DIALOG","05-D2-Catalog-Inventory.dc.html","owner_approved","not_drawn",""
"CAT-03-M390-success","CAT-03","وحدات وتحويلات وباركود","CAT","M","390","success","نجاح","أساسي","C-QTYUNIT C-TABLE C-DIALOG","05-D2-Catalog-Inventory.dc.html","owner_approved","not_drawn",""
"CAT-03-D1366-ready","CAT-03","وحدات وتحويلات وباركود","CAT","D","1366","ready","جاهز","أساسي","C-QTYUNIT C-TABLE C-DIALOG","05-D2-Catalog-Inventory.dc.html","owner_approved","not_drawn",""
"CAT-03-D1366-validation_error","CAT-03","وحدات وتحويلات وباركود","CAT","D","1366","validation_error","خطأ تحقق","أساسي","C-QTYUNIT C-TABLE C-DIALOG","05-D2-Catalog-Inventory.dc.html","owner_approved","not_drawn",""
"CAT-03-D1366-success","CAT-03","وحدات وتحويلات وباركود","CAT","D","1366","success","نجاح","أساسي","C-QTYUNIT C-TABLE C-DIALOG","05-D2-Catalog-Inventory.dc.html","owner_approved","not_drawn",""
"CAT-03-D1920-ready","CAT-03","وحدات وتحويلات وباركود","CAT","D","1920","ready","جاهز","أساسي","C-QTYUNIT C-TABLE C-DIALOG","05-D2-Catalog-Inventory.dc.html","owner_approved","not_drawn",""
"CAT-03-D1920-validation_error","CAT-03","وحدات وتحويلات وباركود","CAT","D","1920","validation_error","خطأ تحقق","أساسي","C-QTYUNIT C-TABLE C-DIALOG","05-D2-Catalog-Inventory.dc.html","owner_approved","not_drawn",""
"CAT-03-D1920-success","CAT-03","وحدات وتحويلات وباركود","CAT","D","1920","success","نجاح","أساسي","C-QTYUNIT C-TABLE C-DIALOG","05-D2-Catalog-Inventory.dc.html","owner_approved","not_drawn",""
"CAT-04-W390-ready","CAT-04","سعر صنف وتاريخ تغييره","CAT","W","390","ready","جاهز","أساسي","C-MONEY C-TIMELIST","05-D2-Catalog-Inventory.dc.html","owner_approved","not_drawn",""
"CAT-04-W390-validation_error","CAT-04","سعر صنف وتاريخ تغييره","CAT","W","390","validation_error","خطأ تحقق","أساسي","C-MONEY C-TIMELIST","05-D2-Catalog-Inventory.dc.html","owner_approved","not_drawn",""
"CAT-04-W390-permission_denied","CAT-04","سعر صنف وتاريخ تغييره","CAT","W","390","permission_denied","صلاحية مرفوضة","أساسي","C-MONEY C-TIMELIST","05-D2-Catalog-Inventory.dc.html","owner_approved","not_drawn",""
"CAT-04-W390-success","CAT-04","سعر صنف وتاريخ تغييره","CAT","W","390","success","نجاح","أساسي","C-MONEY C-TIMELIST","05-D2-Catalog-Inventory.dc.html","owner_approved","not_drawn",""
"CAT-04-W834-ready","CAT-04","سعر صنف وتاريخ تغييره","CAT","W","834","ready","جاهز","أساسي","C-MONEY C-TIMELIST","05-D2-Catalog-Inventory.dc.html","owner_approved","not_drawn",""
"CAT-04-W834-validation_error","CAT-04","سعر صنف وتاريخ تغييره","CAT","W","834","validation_error","خطأ تحقق","أساسي","C-MONEY C-TIMELIST","05-D2-Catalog-Inventory.dc.html","owner_approved","not_drawn",""
"CAT-04-W834-permission_denied","CAT-04","سعر صنف وتاريخ تغييره","CAT","W","834","permission_denied","صلاحية مرفوضة","أساسي","C-MONEY C-TIMELIST","05-D2-Catalog-Inventory.dc.html","owner_approved","not_drawn",""
"CAT-04-W834-success","CAT-04","سعر صنف وتاريخ تغييره","CAT","W","834","success","نجاح","أساسي","C-MONEY C-TIMELIST","05-D2-Catalog-Inventory.dc.html","owner_approved","not_drawn",""
"CAT-04-W1440-ready","CAT-04","سعر صنف وتاريخ تغييره","CAT","W","1440","ready","جاهز","أساسي","C-MONEY C-TIMELIST","05-D2-Catalog-Inventory.dc.html","owner_approved","drawn","05-D2-Catalog-Inventory.dc.html#CAT-04"
"CAT-04-W1440-validation_error","CAT-04","سعر صنف وتاريخ تغييره","CAT","W","1440","validation_error","خطأ تحقق","أساسي","C-MONEY C-TIMELIST","05-D2-Catalog-Inventory.dc.html","owner_approved","drawn","38-D30-Catalog-Shifts-Link-Growth.dc.html#CAT-04"
"CAT-04-W1440-permission_denied","CAT-04","سعر صنف وتاريخ تغييره","CAT","W","1440","permission_denied","صلاحية مرفوضة","أساسي","C-MONEY C-TIMELIST","05-D2-Catalog-Inventory.dc.html","owner_approved","drawn","38-D30-Catalog-Shifts-Link-Growth.dc.html#CAT-04"
"CAT-04-W1440-success","CAT-04","سعر صنف وتاريخ تغييره","CAT","W","1440","success","نجاح","أساسي","C-MONEY C-TIMELIST","05-D2-Catalog-Inventory.dc.html","owner_approved","drawn","38-D30-Catalog-Shifts-Link-Growth.dc.html#CAT-04"
"CAT-04-M390-ready","CAT-04","سعر صنف وتاريخ تغييره","CAT","M","390","ready","جاهز","أساسي","C-MONEY C-TIMELIST","05-D2-Catalog-Inventory.dc.html","owner_approved","not_drawn",""
"CAT-04-M390-validation_error","CAT-04","سعر صنف وتاريخ تغييره","CAT","M","390","validation_error","خطأ تحقق","أساسي","C-MONEY C-TIMELIST","05-D2-Catalog-Inventory.dc.html","owner_approved","not_drawn",""
"CAT-04-M390-permission_denied","CAT-04","سعر صنف وتاريخ تغييره","CAT","M","390","permission_denied","صلاحية مرفوضة","أساسي","C-MONEY C-TIMELIST","05-D2-Catalog-Inventory.dc.html","owner_approved","not_drawn",""
"CAT-04-M390-success","CAT-04","سعر صنف وتاريخ تغييره","CAT","M","390","success","نجاح","أساسي","C-MONEY C-TIMELIST","05-D2-Catalog-Inventory.dc.html","owner_approved","not_drawn",""
"CAT-04-D1366-ready","CAT-04","سعر صنف وتاريخ تغييره","CAT","D","1366","ready","جاهز","أساسي","C-MONEY C-TIMELIST","05-D2-Catalog-Inventory.dc.html","owner_approved","not_drawn",""
"CAT-04-D1366-validation_error","CAT-04","سعر صنف وتاريخ تغييره","CAT","D","1366","validation_error","خطأ تحقق","أساسي","C-MONEY C-TIMELIST","05-D2-Catalog-Inventory.dc.html","owner_approved","not_drawn",""
"CAT-04-D1366-permission_denied","CAT-04","سعر صنف وتاريخ تغييره","CAT","D","1366","permission_denied","صلاحية مرفوضة","أساسي","C-MONEY C-TIMELIST","05-D2-Catalog-Inventory.dc.html","owner_approved","not_drawn",""
"CAT-04-D1366-success","CAT-04","سعر صنف وتاريخ تغييره","CAT","D","1366","success","نجاح","أساسي","C-MONEY C-TIMELIST","05-D2-Catalog-Inventory.dc.html","owner_approved","not_drawn",""
"CAT-04-D1920-ready","CAT-04","سعر صنف وتاريخ تغييره","CAT","D","1920","ready","جاهز","أساسي","C-MONEY C-TIMELIST","05-D2-Catalog-Inventory.dc.html","owner_approved","not_drawn",""
"CAT-04-D1920-validation_error","CAT-04","سعر صنف وتاريخ تغييره","CAT","D","1920","validation_error","خطأ تحقق","أساسي","C-MONEY C-TIMELIST","05-D2-Catalog-Inventory.dc.html","owner_approved","not_drawn",""
"CAT-04-D1920-permission_denied","CAT-04","سعر صنف وتاريخ تغييره","CAT","D","1920","permission_denied","صلاحية مرفوضة","أساسي","C-MONEY C-TIMELIST","05-D2-Catalog-Inventory.dc.html","owner_approved","not_drawn",""
"CAT-04-D1920-success","CAT-04","سعر صنف وتاريخ تغييره","CAT","D","1920","success","نجاح","أساسي","C-MONEY C-TIMELIST","05-D2-Catalog-Inventory.dc.html","owner_approved","not_drawn",""
"CAT-05-W390-ready","CAT-05","استيراد أو تعديل أسعار متعدد","CAT","W","390","ready","جاهز","أساسي","C-UPLOAD C-TABLE C-DOCPRV","05-D2-Catalog-Inventory.dc.html","owner_approved","not_drawn",""
"CAT-05-W390-loading","CAT-05","استيراد أو تعديل أسعار متعدد","CAT","W","390","loading","تحميل","أساسي","C-UPLOAD C-TABLE C-DOCPRV","05-D2-Catalog-Inventory.dc.html","owner_approved","not_drawn",""
"CAT-05-W390-validation_error","CAT-05","استيراد أو تعديل أسعار متعدد","CAT","W","390","validation_error","خطأ تحقق","أساسي","C-UPLOAD C-TABLE C-DOCPRV","05-D2-Catalog-Inventory.dc.html","owner_approved","not_drawn",""
"CAT-05-W390-partial","CAT-05","استيراد أو تعديل أسعار متعدد","CAT","W","390","partial","جزئي","أساسي","C-UPLOAD C-TABLE C-DOCPRV","05-D2-Catalog-Inventory.dc.html","owner_approved","not_drawn",""
"CAT-05-W390-success","CAT-05","استيراد أو تعديل أسعار متعدد","CAT","W","390","success","نجاح","أساسي","C-UPLOAD C-TABLE C-DOCPRV","05-D2-Catalog-Inventory.dc.html","owner_approved","not_drawn",""
"CAT-05-W390-server_error","CAT-05","استيراد أو تعديل أسعار متعدد","CAT","W","390","server_error","خطأ خادم","أساسي","C-UPLOAD C-TABLE C-DOCPRV","05-D2-Catalog-Inventory.dc.html","owner_approved","not_drawn",""
"CAT-05-W834-ready","CAT-05","استيراد أو تعديل أسعار متعدد","CAT","W","834","ready","جاهز","أساسي","C-UPLOAD C-TABLE C-DOCPRV","05-D2-Catalog-Inventory.dc.html","owner_approved","not_drawn",""
"CAT-05-W834-loading","CAT-05","استيراد أو تعديل أسعار متعدد","CAT","W","834","loading","تحميل","أساسي","C-UPLOAD C-TABLE C-DOCPRV","05-D2-Catalog-Inventory.dc.html","owner_approved","not_drawn",""
"CAT-05-W834-validation_error","CAT-05","استيراد أو تعديل أسعار متعدد","CAT","W","834","validation_error","خطأ تحقق","أساسي","C-UPLOAD C-TABLE C-DOCPRV","05-D2-Catalog-Inventory.dc.html","owner_approved","not_drawn",""
"CAT-05-W834-partial","CAT-05","استيراد أو تعديل أسعار متعدد","CAT","W","834","partial","جزئي","أساسي","C-UPLOAD C-TABLE C-DOCPRV","05-D2-Catalog-Inventory.dc.html","owner_approved","not_drawn",""
"CAT-05-W834-success","CAT-05","استيراد أو تعديل أسعار متعدد","CAT","W","834","success","نجاح","أساسي","C-UPLOAD C-TABLE C-DOCPRV","05-D2-Catalog-Inventory.dc.html","owner_approved","not_drawn",""
"CAT-05-W834-server_error","CAT-05","استيراد أو تعديل أسعار متعدد","CAT","W","834","server_error","خطأ خادم","أساسي","C-UPLOAD C-TABLE C-DOCPRV","05-D2-Catalog-Inventory.dc.html","owner_approved","not_drawn",""
"CAT-05-W1440-ready","CAT-05","استيراد أو تعديل أسعار متعدد","CAT","W","1440","ready","جاهز","أساسي","C-UPLOAD C-TABLE C-DOCPRV","05-D2-Catalog-Inventory.dc.html","owner_approved","drawn","38-D30-Catalog-Shifts-Link-Growth.dc.html#CAT-05"
"CAT-05-W1440-loading","CAT-05","استيراد أو تعديل أسعار متعدد","CAT","W","1440","loading","تحميل","أساسي","C-UPLOAD C-TABLE C-DOCPRV","05-D2-Catalog-Inventory.dc.html","owner_approved","drawn","38-D30-Catalog-Shifts-Link-Growth.dc.html#CAT-05"
"CAT-05-W1440-validation_error","CAT-05","استيراد أو تعديل أسعار متعدد","CAT","W","1440","validation_error","خطأ تحقق","أساسي","C-UPLOAD C-TABLE C-DOCPRV","05-D2-Catalog-Inventory.dc.html","owner_approved","drawn","38-D30-Catalog-Shifts-Link-Growth.dc.html#CAT-05"
"CAT-05-W1440-partial","CAT-05","استيراد أو تعديل أسعار متعدد","CAT","W","1440","partial","جزئي","أساسي","C-UPLOAD C-TABLE C-DOCPRV","05-D2-Catalog-Inventory.dc.html","owner_approved","drawn","05-D2-Catalog-Inventory.dc.html#CAT-05"
"CAT-05-W1440-success","CAT-05","استيراد أو تعديل أسعار متعدد","CAT","W","1440","success","نجاح","أساسي","C-UPLOAD C-TABLE C-DOCPRV","05-D2-Catalog-Inventory.dc.html","owner_approved","drawn","38-D30-Catalog-Shifts-Link-Growth.dc.html#CAT-05"
"CAT-05-W1440-server_error","CAT-05","استيراد أو تعديل أسعار متعدد","CAT","W","1440","server_error","خطأ خادم","أساسي","C-UPLOAD C-TABLE C-DOCPRV","05-D2-Catalog-Inventory.dc.html","owner_approved","drawn","38-D30-Catalog-Shifts-Link-Growth.dc.html#CAT-05"
"CAT-05-M390-ready","CAT-05","استيراد أو تعديل أسعار متعدد","CAT","M","390","ready","جاهز","أساسي","C-UPLOAD C-TABLE C-DOCPRV","05-D2-Catalog-Inventory.dc.html","owner_approved","not_drawn",""
"CAT-05-M390-loading","CAT-05","استيراد أو تعديل أسعار متعدد","CAT","M","390","loading","تحميل","أساسي","C-UPLOAD C-TABLE C-DOCPRV","05-D2-Catalog-Inventory.dc.html","owner_approved","not_drawn",""
"CAT-05-M390-validation_error","CAT-05","استيراد أو تعديل أسعار متعدد","CAT","M","390","validation_error","خطأ تحقق","أساسي","C-UPLOAD C-TABLE C-DOCPRV","05-D2-Catalog-Inventory.dc.html","owner_approved","not_drawn",""
"CAT-05-M390-partial","CAT-05","استيراد أو تعديل أسعار متعدد","CAT","M","390","partial","جزئي","أساسي","C-UPLOAD C-TABLE C-DOCPRV","05-D2-Catalog-Inventory.dc.html","owner_approved","not_drawn",""
"CAT-05-M390-success","CAT-05","استيراد أو تعديل أسعار متعدد","CAT","M","390","success","نجاح","أساسي","C-UPLOAD C-TABLE C-DOCPRV","05-D2-Catalog-Inventory.dc.html","owner_approved","not_drawn",""
"CAT-05-M390-server_error","CAT-05","استيراد أو تعديل أسعار متعدد","CAT","M","390","server_error","خطأ خادم","أساسي","C-UPLOAD C-TABLE C-DOCPRV","05-D2-Catalog-Inventory.dc.html","owner_approved","not_drawn",""
"CAT-05-D1366-ready","CAT-05","استيراد أو تعديل أسعار متعدد","CAT","D","1366","ready","جاهز","أساسي","C-UPLOAD C-TABLE C-DOCPRV","05-D2-Catalog-Inventory.dc.html","owner_approved","not_drawn",""
"CAT-05-D1366-loading","CAT-05","استيراد أو تعديل أسعار متعدد","CAT","D","1366","loading","تحميل","أساسي","C-UPLOAD C-TABLE C-DOCPRV","05-D2-Catalog-Inventory.dc.html","owner_approved","not_drawn",""
"CAT-05-D1366-validation_error","CAT-05","استيراد أو تعديل أسعار متعدد","CAT","D","1366","validation_error","خطأ تحقق","أساسي","C-UPLOAD C-TABLE C-DOCPRV","05-D2-Catalog-Inventory.dc.html","owner_approved","not_drawn",""
"CAT-05-D1366-partial","CAT-05","استيراد أو تعديل أسعار متعدد","CAT","D","1366","partial","جزئي","أساسي","C-UPLOAD C-TABLE C-DOCPRV","05-D2-Catalog-Inventory.dc.html","owner_approved","not_drawn",""
"CAT-05-D1366-success","CAT-05","استيراد أو تعديل أسعار متعدد","CAT","D","1366","success","نجاح","أساسي","C-UPLOAD C-TABLE C-DOCPRV","05-D2-Catalog-Inventory.dc.html","owner_approved","not_drawn",""
"CAT-05-D1366-server_error","CAT-05","استيراد أو تعديل أسعار متعدد","CAT","D","1366","server_error","خطأ خادم","أساسي","C-UPLOAD C-TABLE C-DOCPRV","05-D2-Catalog-Inventory.dc.html","owner_approved","not_drawn",""
"CAT-05-D1920-ready","CAT-05","استيراد أو تعديل أسعار متعدد","CAT","D","1920","ready","جاهز","أساسي","C-UPLOAD C-TABLE C-DOCPRV","05-D2-Catalog-Inventory.dc.html","owner_approved","not_drawn",""
"CAT-05-D1920-loading","CAT-05","استيراد أو تعديل أسعار متعدد","CAT","D","1920","loading","تحميل","أساسي","C-UPLOAD C-TABLE C-DOCPRV","05-D2-Catalog-Inventory.dc.html","owner_approved","not_drawn",""
"CAT-05-D1920-validation_error","CAT-05","استيراد أو تعديل أسعار متعدد","CAT","D","1920","validation_error","خطأ تحقق","أساسي","C-UPLOAD C-TABLE C-DOCPRV","05-D2-Catalog-Inventory.dc.html","owner_approved","not_drawn",""
"CAT-05-D1920-partial","CAT-05","استيراد أو تعديل أسعار متعدد","CAT","D","1920","partial","جزئي","أساسي","C-UPLOAD C-TABLE C-DOCPRV","05-D2-Catalog-Inventory.dc.html","owner_approved","not_drawn",""
"CAT-05-D1920-success","CAT-05","استيراد أو تعديل أسعار متعدد","CAT","D","1920","success","نجاح","أساسي","C-UPLOAD C-TABLE C-DOCPRV","05-D2-Catalog-Inventory.dc.html","owner_approved","not_drawn",""
"CAT-05-D1920-server_error","CAT-05","استيراد أو تعديل أسعار متعدد","CAT","D","1920","server_error","خطأ خادم","أساسي","C-UPLOAD C-TABLE C-DOCPRV","05-D2-Catalog-Inventory.dc.html","owner_approved","not_drawn",""
"CAT-06-W390-ready","CAT-06","مجموعات الأصناف والأسماء البديلة","CAT","W","390","ready","جاهز","أساسي","C-TABLE C-FIELD C-PICK","05-D2-Catalog-Inventory.dc.html","owner_approved","not_drawn",""
"CAT-06-W390-empty","CAT-06","مجموعات الأصناف والأسماء البديلة","CAT","W","390","empty","فارغ","أساسي","C-TABLE C-FIELD C-PICK","05-D2-Catalog-Inventory.dc.html","owner_approved","not_drawn",""
"CAT-06-W390-validation_error","CAT-06","مجموعات الأصناف والأسماء البديلة","CAT","W","390","validation_error","خطأ تحقق","أساسي","C-TABLE C-FIELD C-PICK","05-D2-Catalog-Inventory.dc.html","owner_approved","not_drawn",""
"CAT-06-W390-success","CAT-06","مجموعات الأصناف والأسماء البديلة","CAT","W","390","success","نجاح","أساسي","C-TABLE C-FIELD C-PICK","05-D2-Catalog-Inventory.dc.html","owner_approved","not_drawn",""
"CAT-06-W834-ready","CAT-06","مجموعات الأصناف والأسماء البديلة","CAT","W","834","ready","جاهز","أساسي","C-TABLE C-FIELD C-PICK","05-D2-Catalog-Inventory.dc.html","owner_approved","not_drawn",""
"CAT-06-W834-empty","CAT-06","مجموعات الأصناف والأسماء البديلة","CAT","W","834","empty","فارغ","أساسي","C-TABLE C-FIELD C-PICK","05-D2-Catalog-Inventory.dc.html","owner_approved","not_drawn",""
"CAT-06-W834-validation_error","CAT-06","مجموعات الأصناف والأسماء البديلة","CAT","W","834","validation_error","خطأ تحقق","أساسي","C-TABLE C-FIELD C-PICK","05-D2-Catalog-Inventory.dc.html","owner_approved","not_drawn",""
"CAT-06-W834-success","CAT-06","مجموعات الأصناف والأسماء البديلة","CAT","W","834","success","نجاح","أساسي","C-TABLE C-FIELD C-PICK","05-D2-Catalog-Inventory.dc.html","owner_approved","not_drawn",""
"CAT-06-W1440-ready","CAT-06","مجموعات الأصناف والأسماء البديلة","CAT","W","1440","ready","جاهز","أساسي","C-TABLE C-FIELD C-PICK","05-D2-Catalog-Inventory.dc.html","owner_approved","drawn","31-D23-Catalog-Home-Shift.dc.html#CAT-06"
"CAT-06-W1440-empty","CAT-06","مجموعات الأصناف والأسماء البديلة","CAT","W","1440","empty","فارغ","أساسي","C-TABLE C-FIELD C-PICK","05-D2-Catalog-Inventory.dc.html","owner_approved","drawn","31-D23-Catalog-Home-Shift.dc.html#CAT-06"
"CAT-06-W1440-validation_error","CAT-06","مجموعات الأصناف والأسماء البديلة","CAT","W","1440","validation_error","خطأ تحقق","أساسي","C-TABLE C-FIELD C-PICK","05-D2-Catalog-Inventory.dc.html","owner_approved","drawn","31-D23-Catalog-Home-Shift.dc.html#CAT-06"
"CAT-06-W1440-success","CAT-06","مجموعات الأصناف والأسماء البديلة","CAT","W","1440","success","نجاح","أساسي","C-TABLE C-FIELD C-PICK","05-D2-Catalog-Inventory.dc.html","owner_approved","drawn","31-D23-Catalog-Home-Shift.dc.html#CAT-06"
"CAT-06-M390-ready","CAT-06","مجموعات الأصناف والأسماء البديلة","CAT","M","390","ready","جاهز","أساسي","C-TABLE C-FIELD C-PICK","05-D2-Catalog-Inventory.dc.html","owner_approved","drawn","31-D23-Catalog-Home-Shift.dc.html#CAT-06"
"CAT-06-M390-empty","CAT-06","مجموعات الأصناف والأسماء البديلة","CAT","M","390","empty","فارغ","أساسي","C-TABLE C-FIELD C-PICK","05-D2-Catalog-Inventory.dc.html","owner_approved","not_drawn",""
"CAT-06-M390-validation_error","CAT-06","مجموعات الأصناف والأسماء البديلة","CAT","M","390","validation_error","خطأ تحقق","أساسي","C-TABLE C-FIELD C-PICK","05-D2-Catalog-Inventory.dc.html","owner_approved","not_drawn",""
"CAT-06-M390-success","CAT-06","مجموعات الأصناف والأسماء البديلة","CAT","M","390","success","نجاح","أساسي","C-TABLE C-FIELD C-PICK","05-D2-Catalog-Inventory.dc.html","owner_approved","not_drawn",""
"CAT-06-D1366-ready","CAT-06","مجموعات الأصناف والأسماء البديلة","CAT","D","1366","ready","جاهز","أساسي","C-TABLE C-FIELD C-PICK","05-D2-Catalog-Inventory.dc.html","owner_approved","not_drawn",""
"CAT-06-D1366-empty","CAT-06","مجموعات الأصناف والأسماء البديلة","CAT","D","1366","empty","فارغ","أساسي","C-TABLE C-FIELD C-PICK","05-D2-Catalog-Inventory.dc.html","owner_approved","not_drawn",""
"CAT-06-D1366-validation_error","CAT-06","مجموعات الأصناف والأسماء البديلة","CAT","D","1366","validation_error","خطأ تحقق","أساسي","C-TABLE C-FIELD C-PICK","05-D2-Catalog-Inventory.dc.html","owner_approved","not_drawn",""
"CAT-06-D1366-success","CAT-06","مجموعات الأصناف والأسماء البديلة","CAT","D","1366","success","نجاح","أساسي","C-TABLE C-FIELD C-PICK","05-D2-Catalog-Inventory.dc.html","owner_approved","not_drawn",""
"CAT-06-D1920-ready","CAT-06","مجموعات الأصناف والأسماء البديلة","CAT","D","1920","ready","جاهز","أساسي","C-TABLE C-FIELD C-PICK","05-D2-Catalog-Inventory.dc.html","owner_approved","drawn","31-D23-Catalog-Home-Shift.dc.html#CAT-06"
"CAT-06-D1920-empty","CAT-06","مجموعات الأصناف والأسماء البديلة","CAT","D","1920","empty","فارغ","أساسي","C-TABLE C-FIELD C-PICK","05-D2-Catalog-Inventory.dc.html","owner_approved","not_drawn",""
"CAT-06-D1920-validation_error","CAT-06","مجموعات الأصناف والأسماء البديلة","CAT","D","1920","validation_error","خطأ تحقق","أساسي","C-TABLE C-FIELD C-PICK","05-D2-Catalog-Inventory.dc.html","owner_approved","not_drawn",""
"CAT-06-D1920-success","CAT-06","مجموعات الأصناف والأسماء البديلة","CAT","D","1920","success","نجاح","أساسي","C-TABLE C-FIELD C-PICK","05-D2-Catalog-Inventory.dc.html","owner_approved","not_drawn",""
"INV-01-W390-ready","INV-01","أرصدة المخزون","INV","W","390","ready","جاهز","أساسي","C-TABLE C-FILTER C-SYNC C-STATUS","05-D2-Catalog-Inventory.dc.html","owner_approved","not_drawn",""
"INV-01-W390-loading","INV-01","أرصدة المخزون","INV","W","390","loading","تحميل","أساسي","C-TABLE C-FILTER C-SYNC C-STATUS","05-D2-Catalog-Inventory.dc.html","owner_approved","not_drawn",""
"INV-01-W390-empty","INV-01","أرصدة المخزون","INV","W","390","empty","فارغ","أساسي","C-TABLE C-FILTER C-SYNC C-STATUS","05-D2-Catalog-Inventory.dc.html","owner_approved","not_drawn",""
"INV-01-W390-stale","INV-01","أرصدة المخزون","INV","W","390","stale","بيانات قديمة","أساسي","C-TABLE C-FILTER C-SYNC C-STATUS","05-D2-Catalog-Inventory.dc.html","owner_approved","not_drawn",""
"INV-01-W390-offline","INV-01","أرصدة المخزون","INV","W","390","offline","بلا اتصال","أساسي","C-TABLE C-FILTER C-SYNC C-STATUS","05-D2-Catalog-Inventory.dc.html","owner_approved","not_drawn",""
"INV-01-W390-pending_sync","INV-01","أرصدة المخزون","INV","W","390","pending_sync","معلّق المزامنة","أساسي","C-TABLE C-FILTER C-SYNC C-STATUS","05-D2-Catalog-Inventory.dc.html","owner_approved","not_drawn",""
"INV-01-W834-ready","INV-01","أرصدة المخزون","INV","W","834","ready","جاهز","أساسي","C-TABLE C-FILTER C-SYNC C-STATUS","05-D2-Catalog-Inventory.dc.html","owner_approved","not_drawn",""
"INV-01-W834-loading","INV-01","أرصدة المخزون","INV","W","834","loading","تحميل","أساسي","C-TABLE C-FILTER C-SYNC C-STATUS","05-D2-Catalog-Inventory.dc.html","owner_approved","not_drawn",""
"INV-01-W834-empty","INV-01","أرصدة المخزون","INV","W","834","empty","فارغ","أساسي","C-TABLE C-FILTER C-SYNC C-STATUS","05-D2-Catalog-Inventory.dc.html","owner_approved","not_drawn",""
"INV-01-W834-stale","INV-01","أرصدة المخزون","INV","W","834","stale","بيانات قديمة","أساسي","C-TABLE C-FILTER C-SYNC C-STATUS","05-D2-Catalog-Inventory.dc.html","owner_approved","not_drawn",""
"INV-01-W834-offline","INV-01","أرصدة المخزون","INV","W","834","offline","بلا اتصال","أساسي","C-TABLE C-FILTER C-SYNC C-STATUS","05-D2-Catalog-Inventory.dc.html","owner_approved","not_drawn",""
"INV-01-W834-pending_sync","INV-01","أرصدة المخزون","INV","W","834","pending_sync","معلّق المزامنة","أساسي","C-TABLE C-FILTER C-SYNC C-STATUS","05-D2-Catalog-Inventory.dc.html","owner_approved","not_drawn",""
"INV-01-W1440-ready","INV-01","أرصدة المخزون","INV","W","1440","ready","جاهز","أساسي","C-TABLE C-FILTER C-SYNC C-STATUS","05-D2-Catalog-Inventory.dc.html","owner_approved","drawn","40-D32-Parties-Inventory.dc.html#INV-01"
"INV-01-W1440-loading","INV-01","أرصدة المخزون","INV","W","1440","loading","تحميل","أساسي","C-TABLE C-FILTER C-SYNC C-STATUS","05-D2-Catalog-Inventory.dc.html","owner_approved","drawn","40-D32-Parties-Inventory.dc.html#INV-01"
"INV-01-W1440-empty","INV-01","أرصدة المخزون","INV","W","1440","empty","فارغ","أساسي","C-TABLE C-FILTER C-SYNC C-STATUS","05-D2-Catalog-Inventory.dc.html","owner_approved","drawn","40-D32-Parties-Inventory.dc.html#INV-01"
"INV-01-W1440-stale","INV-01","أرصدة المخزون","INV","W","1440","stale","بيانات قديمة","أساسي","C-TABLE C-FILTER C-SYNC C-STATUS","05-D2-Catalog-Inventory.dc.html","owner_approved","drawn","40-D32-Parties-Inventory.dc.html#INV-01"
"INV-01-W1440-offline","INV-01","أرصدة المخزون","INV","W","1440","offline","بلا اتصال","أساسي","C-TABLE C-FILTER C-SYNC C-STATUS","05-D2-Catalog-Inventory.dc.html","owner_approved","drawn","40-D32-Parties-Inventory.dc.html#INV-01"
"INV-01-W1440-pending_sync","INV-01","أرصدة المخزون","INV","W","1440","pending_sync","معلّق المزامنة","أساسي","C-TABLE C-FILTER C-SYNC C-STATUS","05-D2-Catalog-Inventory.dc.html","owner_approved","drawn","05-D2-Catalog-Inventory.dc.html#INV-01"
"INV-01-M390-ready","INV-01","أرصدة المخزون","INV","M","390","ready","جاهز","أساسي","C-TABLE C-FILTER C-SYNC C-STATUS","05-D2-Catalog-Inventory.dc.html","owner_approved","not_drawn",""
"INV-01-M390-loading","INV-01","أرصدة المخزون","INV","M","390","loading","تحميل","أساسي","C-TABLE C-FILTER C-SYNC C-STATUS","05-D2-Catalog-Inventory.dc.html","owner_approved","not_drawn",""
"INV-01-M390-empty","INV-01","أرصدة المخزون","INV","M","390","empty","فارغ","أساسي","C-TABLE C-FILTER C-SYNC C-STATUS","05-D2-Catalog-Inventory.dc.html","owner_approved","not_drawn",""
"INV-01-M390-stale","INV-01","أرصدة المخزون","INV","M","390","stale","بيانات قديمة","أساسي","C-TABLE C-FILTER C-SYNC C-STATUS","05-D2-Catalog-Inventory.dc.html","owner_approved","not_drawn",""
"INV-01-M390-offline","INV-01","أرصدة المخزون","INV","M","390","offline","بلا اتصال","أساسي","C-TABLE C-FILTER C-SYNC C-STATUS","05-D2-Catalog-Inventory.dc.html","owner_approved","not_drawn",""
"INV-01-M390-pending_sync","INV-01","أرصدة المخزون","INV","M","390","pending_sync","معلّق المزامنة","أساسي","C-TABLE C-FILTER C-SYNC C-STATUS","05-D2-Catalog-Inventory.dc.html","owner_approved","not_drawn",""
"INV-01-D1366-ready","INV-01","أرصدة المخزون","INV","D","1366","ready","جاهز","أساسي","C-TABLE C-FILTER C-SYNC C-STATUS","05-D2-Catalog-Inventory.dc.html","owner_approved","not_drawn",""
"INV-01-D1366-loading","INV-01","أرصدة المخزون","INV","D","1366","loading","تحميل","أساسي","C-TABLE C-FILTER C-SYNC C-STATUS","05-D2-Catalog-Inventory.dc.html","owner_approved","not_drawn",""
"INV-01-D1366-empty","INV-01","أرصدة المخزون","INV","D","1366","empty","فارغ","أساسي","C-TABLE C-FILTER C-SYNC C-STATUS","05-D2-Catalog-Inventory.dc.html","owner_approved","not_drawn",""
"INV-01-D1366-stale","INV-01","أرصدة المخزون","INV","D","1366","stale","بيانات قديمة","أساسي","C-TABLE C-FILTER C-SYNC C-STATUS","05-D2-Catalog-Inventory.dc.html","owner_approved","not_drawn",""
"INV-01-D1366-offline","INV-01","أرصدة المخزون","INV","D","1366","offline","بلا اتصال","أساسي","C-TABLE C-FILTER C-SYNC C-STATUS","05-D2-Catalog-Inventory.dc.html","owner_approved","not_drawn",""
"INV-01-D1366-pending_sync","INV-01","أرصدة المخزون","INV","D","1366","pending_sync","معلّق المزامنة","أساسي","C-TABLE C-FILTER C-SYNC C-STATUS","05-D2-Catalog-Inventory.dc.html","owner_approved","not_drawn",""
"INV-01-D1920-ready","INV-01","أرصدة المخزون","INV","D","1920","ready","جاهز","أساسي","C-TABLE C-FILTER C-SYNC C-STATUS","05-D2-Catalog-Inventory.dc.html","owner_approved","not_drawn",""
"INV-01-D1920-loading","INV-01","أرصدة المخزون","INV","D","1920","loading","تحميل","أساسي","C-TABLE C-FILTER C-SYNC C-STATUS","05-D2-Catalog-Inventory.dc.html","owner_approved","not_drawn",""
"INV-01-D1920-empty","INV-01","أرصدة المخزون","INV","D","1920","empty","فارغ","أساسي","C-TABLE C-FILTER C-SYNC C-STATUS","05-D2-Catalog-Inventory.dc.html","owner_approved","not_drawn",""
"INV-01-D1920-stale","INV-01","أرصدة المخزون","INV","D","1920","stale","بيانات قديمة","أساسي","C-TABLE C-FILTER C-SYNC C-STATUS","05-D2-Catalog-Inventory.dc.html","owner_approved","not_drawn",""
"INV-01-D1920-offline","INV-01","أرصدة المخزون","INV","D","1920","offline","بلا اتصال","أساسي","C-TABLE C-FILTER C-SYNC C-STATUS","05-D2-Catalog-Inventory.dc.html","owner_approved","not_drawn",""
"INV-01-D1920-pending_sync","INV-01","أرصدة المخزون","INV","D","1920","pending_sync","معلّق المزامنة","أساسي","C-TABLE C-FILTER C-SYNC C-STATUS","05-D2-Catalog-Inventory.dc.html","owner_approved","not_drawn",""
"INV-01-W390-partial","INV-01","أرصدة المخزون","INV","W","390","partial","جزئي","أساسي","C-TABLE C-FILTER C-SYNC C-STATUS","05-D2-Catalog-Inventory.dc.html","owner_approved","not_drawn",""
"INV-01-W834-partial","INV-01","أرصدة المخزون","INV","W","834","partial","جزئي","أساسي","C-TABLE C-FILTER C-SYNC C-STATUS","05-D2-Catalog-Inventory.dc.html","owner_approved","not_drawn",""
"INV-01-W1440-partial","INV-01","أرصدة المخزون","INV","W","1440","partial","جزئي","أساسي","C-TABLE C-FILTER C-SYNC C-STATUS","05-D2-Catalog-Inventory.dc.html","owner_approved","drawn","14-D9-POS-Inventory-States.dc.html#INV-01"
"INV-01-M390-partial","INV-01","أرصدة المخزون","INV","M","390","partial","جزئي","أساسي","C-TABLE C-FILTER C-SYNC C-STATUS","05-D2-Catalog-Inventory.dc.html","owner_approved","not_drawn",""
"INV-01-D1366-partial","INV-01","أرصدة المخزون","INV","D","1366","partial","جزئي","أساسي","C-TABLE C-FILTER C-SYNC C-STATUS","05-D2-Catalog-Inventory.dc.html","owner_approved","not_drawn",""
"INV-01-D1920-partial","INV-01","أرصدة المخزون","INV","D","1920","partial","جزئي","أساسي","C-TABLE C-FILTER C-SYNC C-STATUS","05-D2-Catalog-Inventory.dc.html","owner_approved","not_drawn",""
"INV-02-W390-ready","INV-02","سجل حركة الصنف","INV","W","390","ready","جاهز","أساسي","C-TIMELIST C-TABLE C-SYNC","05-D2-Catalog-Inventory.dc.html","owner_approved","not_drawn",""
"INV-02-W390-loading","INV-02","سجل حركة الصنف","INV","W","390","loading","تحميل","أساسي","C-TIMELIST C-TABLE C-SYNC","05-D2-Catalog-Inventory.dc.html","owner_approved","not_drawn",""
"INV-02-W390-empty","INV-02","سجل حركة الصنف","INV","W","390","empty","فارغ","أساسي","C-TIMELIST C-TABLE C-SYNC","05-D2-Catalog-Inventory.dc.html","owner_approved","not_drawn",""
"INV-02-W390-pending_sync","INV-02","سجل حركة الصنف","INV","W","390","pending_sync","معلّق المزامنة","أساسي","C-TIMELIST C-TABLE C-SYNC","05-D2-Catalog-Inventory.dc.html","owner_approved","not_drawn",""
"INV-02-W390-stale","INV-02","سجل حركة الصنف","INV","W","390","stale","بيانات قديمة","أساسي","C-TIMELIST C-TABLE C-SYNC","05-D2-Catalog-Inventory.dc.html","owner_approved","not_drawn",""
"INV-02-W834-ready","INV-02","سجل حركة الصنف","INV","W","834","ready","جاهز","أساسي","C-TIMELIST C-TABLE C-SYNC","05-D2-Catalog-Inventory.dc.html","owner_approved","not_drawn",""
"INV-02-W834-loading","INV-02","سجل حركة الصنف","INV","W","834","loading","تحميل","أساسي","C-TIMELIST C-TABLE C-SYNC","05-D2-Catalog-Inventory.dc.html","owner_approved","not_drawn",""
"INV-02-W834-empty","INV-02","سجل حركة الصنف","INV","W","834","empty","فارغ","أساسي","C-TIMELIST C-TABLE C-SYNC","05-D2-Catalog-Inventory.dc.html","owner_approved","not_drawn",""
"INV-02-W834-pending_sync","INV-02","سجل حركة الصنف","INV","W","834","pending_sync","معلّق المزامنة","أساسي","C-TIMELIST C-TABLE C-SYNC","05-D2-Catalog-Inventory.dc.html","owner_approved","not_drawn",""
"INV-02-W834-stale","INV-02","سجل حركة الصنف","INV","W","834","stale","بيانات قديمة","أساسي","C-TIMELIST C-TABLE C-SYNC","05-D2-Catalog-Inventory.dc.html","owner_approved","not_drawn",""
"INV-02-W1440-ready","INV-02","سجل حركة الصنف","INV","W","1440","ready","جاهز","أساسي","C-TIMELIST C-TABLE C-SYNC","05-D2-Catalog-Inventory.dc.html","owner_approved","drawn","14-D9-POS-Inventory-States.dc.html#INV-02"
"INV-02-W1440-loading","INV-02","سجل حركة الصنف","INV","W","1440","loading","تحميل","أساسي","C-TIMELIST C-TABLE C-SYNC","05-D2-Catalog-Inventory.dc.html","owner_approved","drawn","40-D32-Parties-Inventory.dc.html#INV-02"
"INV-02-W1440-empty","INV-02","سجل حركة الصنف","INV","W","1440","empty","فارغ","أساسي","C-TIMELIST C-TABLE C-SYNC","05-D2-Catalog-Inventory.dc.html","owner_approved","drawn","40-D32-Parties-Inventory.dc.html#INV-02"
"INV-02-W1440-pending_sync","INV-02","سجل حركة الصنف","INV","W","1440","pending_sync","معلّق المزامنة","أساسي","C-TIMELIST C-TABLE C-SYNC","05-D2-Catalog-Inventory.dc.html","owner_approved","drawn","28-D21-Access-Inventory-Complete.dc.html#INV-02"
"INV-02-W1440-stale","INV-02","سجل حركة الصنف","INV","W","1440","stale","بيانات قديمة","أساسي","C-TIMELIST C-TABLE C-SYNC","05-D2-Catalog-Inventory.dc.html","owner_approved","drawn","28-D21-Access-Inventory-Complete.dc.html#INV-02"
"INV-02-M390-ready","INV-02","سجل حركة الصنف","INV","M","390","ready","جاهز","أساسي","C-TIMELIST C-TABLE C-SYNC","05-D2-Catalog-Inventory.dc.html","owner_approved","not_drawn",""
"INV-02-M390-loading","INV-02","سجل حركة الصنف","INV","M","390","loading","تحميل","أساسي","C-TIMELIST C-TABLE C-SYNC","05-D2-Catalog-Inventory.dc.html","owner_approved","not_drawn",""
"INV-02-M390-empty","INV-02","سجل حركة الصنف","INV","M","390","empty","فارغ","أساسي","C-TIMELIST C-TABLE C-SYNC","05-D2-Catalog-Inventory.dc.html","owner_approved","not_drawn",""
"INV-02-M390-pending_sync","INV-02","سجل حركة الصنف","INV","M","390","pending_sync","معلّق المزامنة","أساسي","C-TIMELIST C-TABLE C-SYNC","05-D2-Catalog-Inventory.dc.html","owner_approved","not_drawn",""
"INV-02-M390-stale","INV-02","سجل حركة الصنف","INV","M","390","stale","بيانات قديمة","أساسي","C-TIMELIST C-TABLE C-SYNC","05-D2-Catalog-Inventory.dc.html","owner_approved","not_drawn",""
"INV-02-D1366-ready","INV-02","سجل حركة الصنف","INV","D","1366","ready","جاهز","أساسي","C-TIMELIST C-TABLE C-SYNC","05-D2-Catalog-Inventory.dc.html","owner_approved","not_drawn",""
"INV-02-D1366-loading","INV-02","سجل حركة الصنف","INV","D","1366","loading","تحميل","أساسي","C-TIMELIST C-TABLE C-SYNC","05-D2-Catalog-Inventory.dc.html","owner_approved","not_drawn",""
"INV-02-D1366-empty","INV-02","سجل حركة الصنف","INV","D","1366","empty","فارغ","أساسي","C-TIMELIST C-TABLE C-SYNC","05-D2-Catalog-Inventory.dc.html","owner_approved","not_drawn",""
"INV-02-D1366-pending_sync","INV-02","سجل حركة الصنف","INV","D","1366","pending_sync","معلّق المزامنة","أساسي","C-TIMELIST C-TABLE C-SYNC","05-D2-Catalog-Inventory.dc.html","owner_approved","not_drawn",""
"INV-02-D1366-stale","INV-02","سجل حركة الصنف","INV","D","1366","stale","بيانات قديمة","أساسي","C-TIMELIST C-TABLE C-SYNC","05-D2-Catalog-Inventory.dc.html","owner_approved","not_drawn",""
"INV-02-D1920-ready","INV-02","سجل حركة الصنف","INV","D","1920","ready","جاهز","أساسي","C-TIMELIST C-TABLE C-SYNC","05-D2-Catalog-Inventory.dc.html","owner_approved","not_drawn",""
"INV-02-D1920-loading","INV-02","سجل حركة الصنف","INV","D","1920","loading","تحميل","أساسي","C-TIMELIST C-TABLE C-SYNC","05-D2-Catalog-Inventory.dc.html","owner_approved","not_drawn",""
"INV-02-D1920-empty","INV-02","سجل حركة الصنف","INV","D","1920","empty","فارغ","أساسي","C-TIMELIST C-TABLE C-SYNC","05-D2-Catalog-Inventory.dc.html","owner_approved","not_drawn",""
"INV-02-D1920-pending_sync","INV-02","سجل حركة الصنف","INV","D","1920","pending_sync","معلّق المزامنة","أساسي","C-TIMELIST C-TABLE C-SYNC","05-D2-Catalog-Inventory.dc.html","owner_approved","not_drawn",""
"INV-02-D1920-stale","INV-02","سجل حركة الصنف","INV","D","1920","stale","بيانات قديمة","أساسي","C-TIMELIST C-TABLE C-SYNC","05-D2-Catalog-Inventory.dc.html","owner_approved","not_drawn",""
"INV-03-W390-ready","INV-03","افتتاحيات المخزون","INV","W","390","ready","جاهز","أساسي","C-QTYUNIT C-DOCPRV C-TABLE","05-D2-Catalog-Inventory.dc.html","owner_approved","not_drawn",""
"INV-03-W390-validation_error","INV-03","افتتاحيات المخزون","INV","W","390","validation_error","خطأ تحقق","أساسي","C-QTYUNIT C-DOCPRV C-TABLE","05-D2-Catalog-Inventory.dc.html","owner_approved","not_drawn",""
"INV-03-W390-permission_denied","INV-03","افتتاحيات المخزون","INV","W","390","permission_denied","صلاحية مرفوضة","أساسي","C-QTYUNIT C-DOCPRV C-TABLE","05-D2-Catalog-Inventory.dc.html","owner_approved","not_drawn",""
"INV-03-W390-success","INV-03","افتتاحيات المخزون","INV","W","390","success","نجاح","أساسي","C-QTYUNIT C-DOCPRV C-TABLE","05-D2-Catalog-Inventory.dc.html","owner_approved","not_drawn",""
"INV-03-W834-ready","INV-03","افتتاحيات المخزون","INV","W","834","ready","جاهز","أساسي","C-QTYUNIT C-DOCPRV C-TABLE","05-D2-Catalog-Inventory.dc.html","owner_approved","not_drawn",""
"INV-03-W834-validation_error","INV-03","افتتاحيات المخزون","INV","W","834","validation_error","خطأ تحقق","أساسي","C-QTYUNIT C-DOCPRV C-TABLE","05-D2-Catalog-Inventory.dc.html","owner_approved","not_drawn",""
"INV-03-W834-permission_denied","INV-03","افتتاحيات المخزون","INV","W","834","permission_denied","صلاحية مرفوضة","أساسي","C-QTYUNIT C-DOCPRV C-TABLE","05-D2-Catalog-Inventory.dc.html","owner_approved","not_drawn",""
"INV-03-W834-success","INV-03","افتتاحيات المخزون","INV","W","834","success","نجاح","أساسي","C-QTYUNIT C-DOCPRV C-TABLE","05-D2-Catalog-Inventory.dc.html","owner_approved","not_drawn",""
"INV-03-W1440-ready","INV-03","افتتاحيات المخزون","INV","W","1440","ready","جاهز","أساسي","C-QTYUNIT C-DOCPRV C-TABLE","05-D2-Catalog-Inventory.dc.html","owner_approved","drawn","28-D21-Access-Inventory-Complete.dc.html#INV-03"
"INV-03-W1440-validation_error","INV-03","افتتاحيات المخزون","INV","W","1440","validation_error","خطأ تحقق","أساسي","C-QTYUNIT C-DOCPRV C-TABLE","05-D2-Catalog-Inventory.dc.html","owner_approved","drawn","40-D32-Parties-Inventory.dc.html#INV-03"
"INV-03-W1440-permission_denied","INV-03","افتتاحيات المخزون","INV","W","1440","permission_denied","صلاحية مرفوضة","أساسي","C-QTYUNIT C-DOCPRV C-TABLE","05-D2-Catalog-Inventory.dc.html","owner_approved","drawn","28-D21-Access-Inventory-Complete.dc.html#INV-03"
"INV-03-W1440-success","INV-03","افتتاحيات المخزون","INV","W","1440","success","نجاح","أساسي","C-QTYUNIT C-DOCPRV C-TABLE","05-D2-Catalog-Inventory.dc.html","owner_approved","drawn","40-D32-Parties-Inventory.dc.html#INV-03"
"INV-03-M390-ready","INV-03","افتتاحيات المخزون","INV","M","390","ready","جاهز","أساسي","C-QTYUNIT C-DOCPRV C-TABLE","05-D2-Catalog-Inventory.dc.html","owner_approved","not_drawn",""
"INV-03-M390-validation_error","INV-03","افتتاحيات المخزون","INV","M","390","validation_error","خطأ تحقق","أساسي","C-QTYUNIT C-DOCPRV C-TABLE","05-D2-Catalog-Inventory.dc.html","owner_approved","not_drawn",""
"INV-03-M390-permission_denied","INV-03","افتتاحيات المخزون","INV","M","390","permission_denied","صلاحية مرفوضة","أساسي","C-QTYUNIT C-DOCPRV C-TABLE","05-D2-Catalog-Inventory.dc.html","owner_approved","not_drawn",""
"INV-03-M390-success","INV-03","افتتاحيات المخزون","INV","M","390","success","نجاح","أساسي","C-QTYUNIT C-DOCPRV C-TABLE","05-D2-Catalog-Inventory.dc.html","owner_approved","not_drawn",""
"INV-03-D1366-ready","INV-03","افتتاحيات المخزون","INV","D","1366","ready","جاهز","أساسي","C-QTYUNIT C-DOCPRV C-TABLE","05-D2-Catalog-Inventory.dc.html","owner_approved","not_drawn",""
"INV-03-D1366-validation_error","INV-03","افتتاحيات المخزون","INV","D","1366","validation_error","خطأ تحقق","أساسي","C-QTYUNIT C-DOCPRV C-TABLE","05-D2-Catalog-Inventory.dc.html","owner_approved","not_drawn",""
"INV-03-D1366-permission_denied","INV-03","افتتاحيات المخزون","INV","D","1366","permission_denied","صلاحية مرفوضة","أساسي","C-QTYUNIT C-DOCPRV C-TABLE","05-D2-Catalog-Inventory.dc.html","owner_approved","not_drawn",""
"INV-03-D1366-success","INV-03","افتتاحيات المخزون","INV","D","1366","success","نجاح","أساسي","C-QTYUNIT C-DOCPRV C-TABLE","05-D2-Catalog-Inventory.dc.html","owner_approved","not_drawn",""
"INV-03-D1920-ready","INV-03","افتتاحيات المخزون","INV","D","1920","ready","جاهز","أساسي","C-QTYUNIT C-DOCPRV C-TABLE","05-D2-Catalog-Inventory.dc.html","owner_approved","not_drawn",""
"INV-03-D1920-validation_error","INV-03","افتتاحيات المخزون","INV","D","1920","validation_error","خطأ تحقق","أساسي","C-QTYUNIT C-DOCPRV C-TABLE","05-D2-Catalog-Inventory.dc.html","owner_approved","not_drawn",""
"INV-03-D1920-permission_denied","INV-03","افتتاحيات المخزون","INV","D","1920","permission_denied","صلاحية مرفوضة","أساسي","C-QTYUNIT C-DOCPRV C-TABLE","05-D2-Catalog-Inventory.dc.html","owner_approved","not_drawn",""
"INV-03-D1920-success","INV-03","افتتاحيات المخزون","INV","D","1920","success","نجاح","أساسي","C-QTYUNIT C-DOCPRV C-TABLE","05-D2-Catalog-Inventory.dc.html","owner_approved","not_drawn",""
"INV-04-W390-ready","INV-04","استلام بضاعة","INV","W","390","ready","جاهز","أساسي","C-QTYUNIT C-PICK C-FIELD","05-D2-Catalog-Inventory.dc.html","owner_approved","not_drawn",""
"INV-04-W390-validation_error","INV-04","استلام بضاعة","INV","W","390","validation_error","خطأ تحقق","أساسي","C-QTYUNIT C-PICK C-FIELD","05-D2-Catalog-Inventory.dc.html","owner_approved","not_drawn",""
"INV-04-W390-saving","INV-04","استلام بضاعة","INV","W","390","saving","جارٍ الحفظ","أساسي","C-QTYUNIT C-PICK C-FIELD","05-D2-Catalog-Inventory.dc.html","owner_approved","not_drawn",""
"INV-04-W390-saved_local","INV-04","استلام بضاعة","INV","W","390","saved_local","محفوظ محلياً","أساسي","C-QTYUNIT C-PICK C-FIELD","05-D2-Catalog-Inventory.dc.html","owner_approved","not_drawn",""
"INV-04-W390-success","INV-04","استلام بضاعة","INV","W","390","success","نجاح","أساسي","C-QTYUNIT C-PICK C-FIELD","05-D2-Catalog-Inventory.dc.html","owner_approved","not_drawn",""
"INV-04-W834-ready","INV-04","استلام بضاعة","INV","W","834","ready","جاهز","أساسي","C-QTYUNIT C-PICK C-FIELD","05-D2-Catalog-Inventory.dc.html","owner_approved","not_drawn",""
"INV-04-W834-validation_error","INV-04","استلام بضاعة","INV","W","834","validation_error","خطأ تحقق","أساسي","C-QTYUNIT C-PICK C-FIELD","05-D2-Catalog-Inventory.dc.html","owner_approved","not_drawn",""
"INV-04-W834-saving","INV-04","استلام بضاعة","INV","W","834","saving","جارٍ الحفظ","أساسي","C-QTYUNIT C-PICK C-FIELD","05-D2-Catalog-Inventory.dc.html","owner_approved","not_drawn",""
"INV-04-W834-saved_local","INV-04","استلام بضاعة","INV","W","834","saved_local","محفوظ محلياً","أساسي","C-QTYUNIT C-PICK C-FIELD","05-D2-Catalog-Inventory.dc.html","owner_approved","not_drawn",""
"INV-04-W834-success","INV-04","استلام بضاعة","INV","W","834","success","نجاح","أساسي","C-QTYUNIT C-PICK C-FIELD","05-D2-Catalog-Inventory.dc.html","owner_approved","not_drawn",""
"INV-04-W1440-ready","INV-04","استلام بضاعة","INV","W","1440","ready","جاهز","أساسي","C-QTYUNIT C-PICK C-FIELD","05-D2-Catalog-Inventory.dc.html","owner_approved","drawn","28-D21-Access-Inventory-Complete.dc.html#INV-04"
"INV-04-W1440-validation_error","INV-04","استلام بضاعة","INV","W","1440","validation_error","خطأ تحقق","أساسي","C-QTYUNIT C-PICK C-FIELD","05-D2-Catalog-Inventory.dc.html","owner_approved","drawn","40-D32-Parties-Inventory.dc.html#INV-04"
"INV-04-W1440-saving","INV-04","استلام بضاعة","INV","W","1440","saving","جارٍ الحفظ","أساسي","C-QTYUNIT C-PICK C-FIELD","05-D2-Catalog-Inventory.dc.html","owner_approved","drawn","40-D32-Parties-Inventory.dc.html#INV-04"
"INV-04-W1440-saved_local","INV-04","استلام بضاعة","INV","W","1440","saved_local","محفوظ محلياً","أساسي","C-QTYUNIT C-PICK C-FIELD","05-D2-Catalog-Inventory.dc.html","owner_approved","drawn","28-D21-Access-Inventory-Complete.dc.html#INV-04"
"INV-04-W1440-success","INV-04","استلام بضاعة","INV","W","1440","success","نجاح","أساسي","C-QTYUNIT C-PICK C-FIELD","05-D2-Catalog-Inventory.dc.html","owner_approved","drawn","40-D32-Parties-Inventory.dc.html#INV-04"
"INV-04-M390-ready","INV-04","استلام بضاعة","INV","M","390","ready","جاهز","أساسي","C-QTYUNIT C-PICK C-FIELD","05-D2-Catalog-Inventory.dc.html","owner_approved","not_drawn",""
"INV-04-M390-validation_error","INV-04","استلام بضاعة","INV","M","390","validation_error","خطأ تحقق","أساسي","C-QTYUNIT C-PICK C-FIELD","05-D2-Catalog-Inventory.dc.html","owner_approved","not_drawn",""
"INV-04-M390-saving","INV-04","استلام بضاعة","INV","M","390","saving","جارٍ الحفظ","أساسي","C-QTYUNIT C-PICK C-FIELD","05-D2-Catalog-Inventory.dc.html","owner_approved","not_drawn",""
"INV-04-M390-saved_local","INV-04","استلام بضاعة","INV","M","390","saved_local","محفوظ محلياً","أساسي","C-QTYUNIT C-PICK C-FIELD","05-D2-Catalog-Inventory.dc.html","owner_approved","not_drawn",""
"INV-04-M390-success","INV-04","استلام بضاعة","INV","M","390","success","نجاح","أساسي","C-QTYUNIT C-PICK C-FIELD","05-D2-Catalog-Inventory.dc.html","owner_approved","not_drawn",""
"INV-04-D1366-ready","INV-04","استلام بضاعة","INV","D","1366","ready","جاهز","أساسي","C-QTYUNIT C-PICK C-FIELD","05-D2-Catalog-Inventory.dc.html","owner_approved","not_drawn",""
"INV-04-D1366-validation_error","INV-04","استلام بضاعة","INV","D","1366","validation_error","خطأ تحقق","أساسي","C-QTYUNIT C-PICK C-FIELD","05-D2-Catalog-Inventory.dc.html","owner_approved","not_drawn",""
"INV-04-D1366-saving","INV-04","استلام بضاعة","INV","D","1366","saving","جارٍ الحفظ","أساسي","C-QTYUNIT C-PICK C-FIELD","05-D2-Catalog-Inventory.dc.html","owner_approved","not_drawn",""
"INV-04-D1366-saved_local","INV-04","استلام بضاعة","INV","D","1366","saved_local","محفوظ محلياً","أساسي","C-QTYUNIT C-PICK C-FIELD","05-D2-Catalog-Inventory.dc.html","owner_approved","not_drawn",""
"INV-04-D1366-success","INV-04","استلام بضاعة","INV","D","1366","success","نجاح","أساسي","C-QTYUNIT C-PICK C-FIELD","05-D2-Catalog-Inventory.dc.html","owner_approved","not_drawn",""
"INV-04-D1920-ready","INV-04","استلام بضاعة","INV","D","1920","ready","جاهز","أساسي","C-QTYUNIT C-PICK C-FIELD","05-D2-Catalog-Inventory.dc.html","owner_approved","not_drawn",""
"INV-04-D1920-validation_error","INV-04","استلام بضاعة","INV","D","1920","validation_error","خطأ تحقق","أساسي","C-QTYUNIT C-PICK C-FIELD","05-D2-Catalog-Inventory.dc.html","owner_approved","not_drawn",""
"INV-04-D1920-saving","INV-04","استلام بضاعة","INV","D","1920","saving","جارٍ الحفظ","أساسي","C-QTYUNIT C-PICK C-FIELD","05-D2-Catalog-Inventory.dc.html","owner_approved","not_drawn",""
"INV-04-D1920-saved_local","INV-04","استلام بضاعة","INV","D","1920","saved_local","محفوظ محلياً","أساسي","C-QTYUNIT C-PICK C-FIELD","05-D2-Catalog-Inventory.dc.html","owner_approved","not_drawn",""
"INV-04-D1920-success","INV-04","استلام بضاعة","INV","D","1920","success","نجاح","أساسي","C-QTYUNIT C-PICK C-FIELD","05-D2-Catalog-Inventory.dc.html","owner_approved","not_drawn",""
"INV-05-W390-ready","INV-05","جلسة جرد","INV","W","390","ready","جاهز","أساسي","C-QTYUNIT C-TABLE C-SYNC","05-D2-Catalog-Inventory.dc.html","owner_approved","not_drawn",""
"INV-05-W390-saving","INV-05","جلسة جرد","INV","W","390","saving","جارٍ الحفظ","أساسي","C-QTYUNIT C-TABLE C-SYNC","05-D2-Catalog-Inventory.dc.html","owner_approved","not_drawn",""
"INV-05-W390-saved_local","INV-05","جلسة جرد","INV","W","390","saved_local","محفوظ محلياً","أساسي","C-QTYUNIT C-TABLE C-SYNC","05-D2-Catalog-Inventory.dc.html","owner_approved","not_drawn",""
"INV-05-W390-partial","INV-05","جلسة جرد","INV","W","390","partial","جزئي","أساسي","C-QTYUNIT C-TABLE C-SYNC","05-D2-Catalog-Inventory.dc.html","owner_approved","not_drawn",""
"INV-05-W390-offline","INV-05","جلسة جرد","INV","W","390","offline","بلا اتصال","أساسي","C-QTYUNIT C-TABLE C-SYNC","05-D2-Catalog-Inventory.dc.html","owner_approved","not_drawn",""
"INV-05-W390-success","INV-05","جلسة جرد","INV","W","390","success","نجاح","أساسي","C-QTYUNIT C-TABLE C-SYNC","05-D2-Catalog-Inventory.dc.html","owner_approved","not_drawn",""
"INV-05-W834-ready","INV-05","جلسة جرد","INV","W","834","ready","جاهز","أساسي","C-QTYUNIT C-TABLE C-SYNC","05-D2-Catalog-Inventory.dc.html","owner_approved","not_drawn",""
"INV-05-W834-saving","INV-05","جلسة جرد","INV","W","834","saving","جارٍ الحفظ","أساسي","C-QTYUNIT C-TABLE C-SYNC","05-D2-Catalog-Inventory.dc.html","owner_approved","not_drawn",""
"INV-05-W834-saved_local","INV-05","جلسة جرد","INV","W","834","saved_local","محفوظ محلياً","أساسي","C-QTYUNIT C-TABLE C-SYNC","05-D2-Catalog-Inventory.dc.html","owner_approved","not_drawn",""
"INV-05-W834-partial","INV-05","جلسة جرد","INV","W","834","partial","جزئي","أساسي","C-QTYUNIT C-TABLE C-SYNC","05-D2-Catalog-Inventory.dc.html","owner_approved","not_drawn",""
"INV-05-W834-offline","INV-05","جلسة جرد","INV","W","834","offline","بلا اتصال","أساسي","C-QTYUNIT C-TABLE C-SYNC","05-D2-Catalog-Inventory.dc.html","owner_approved","not_drawn",""
"INV-05-W834-success","INV-05","جلسة جرد","INV","W","834","success","نجاح","أساسي","C-QTYUNIT C-TABLE C-SYNC","05-D2-Catalog-Inventory.dc.html","owner_approved","not_drawn",""
"INV-05-W1440-ready","INV-05","جلسة جرد","INV","W","1440","ready","جاهز","أساسي","C-QTYUNIT C-TABLE C-SYNC","05-D2-Catalog-Inventory.dc.html","owner_approved","drawn","40-D32-Parties-Inventory.dc.html#INV-05"
"INV-05-W1440-saving","INV-05","جلسة جرد","INV","W","1440","saving","جارٍ الحفظ","أساسي","C-QTYUNIT C-TABLE C-SYNC","05-D2-Catalog-Inventory.dc.html","owner_approved","drawn","40-D32-Parties-Inventory.dc.html#INV-05"
"INV-05-W1440-saved_local","INV-05","جلسة جرد","INV","W","1440","saved_local","محفوظ محلياً","أساسي","C-QTYUNIT C-TABLE C-SYNC","05-D2-Catalog-Inventory.dc.html","owner_approved","drawn","05-D2-Catalog-Inventory.dc.html#INV-05"
"INV-05-W1440-partial","INV-05","جلسة جرد","INV","W","1440","partial","جزئي","أساسي","C-QTYUNIT C-TABLE C-SYNC","05-D2-Catalog-Inventory.dc.html","owner_approved","drawn","40-D32-Parties-Inventory.dc.html#INV-05"
"INV-05-W1440-offline","INV-05","جلسة جرد","INV","W","1440","offline","بلا اتصال","أساسي","C-QTYUNIT C-TABLE C-SYNC","05-D2-Catalog-Inventory.dc.html","owner_approved","drawn","40-D32-Parties-Inventory.dc.html#INV-05"
"INV-05-W1440-success","INV-05","جلسة جرد","INV","W","1440","success","نجاح","أساسي","C-QTYUNIT C-TABLE C-SYNC","05-D2-Catalog-Inventory.dc.html","owner_approved","drawn","40-D32-Parties-Inventory.dc.html#INV-05"
"INV-05-M390-ready","INV-05","جلسة جرد","INV","M","390","ready","جاهز","أساسي","C-QTYUNIT C-TABLE C-SYNC","05-D2-Catalog-Inventory.dc.html","owner_approved","not_drawn",""
"INV-05-M390-saving","INV-05","جلسة جرد","INV","M","390","saving","جارٍ الحفظ","أساسي","C-QTYUNIT C-TABLE C-SYNC","05-D2-Catalog-Inventory.dc.html","owner_approved","not_drawn",""
"INV-05-M390-saved_local","INV-05","جلسة جرد","INV","M","390","saved_local","محفوظ محلياً","أساسي","C-QTYUNIT C-TABLE C-SYNC","05-D2-Catalog-Inventory.dc.html","owner_approved","not_drawn",""
"INV-05-M390-partial","INV-05","جلسة جرد","INV","M","390","partial","جزئي","أساسي","C-QTYUNIT C-TABLE C-SYNC","05-D2-Catalog-Inventory.dc.html","owner_approved","not_drawn",""
"INV-05-M390-offline","INV-05","جلسة جرد","INV","M","390","offline","بلا اتصال","أساسي","C-QTYUNIT C-TABLE C-SYNC","05-D2-Catalog-Inventory.dc.html","owner_approved","not_drawn",""
"INV-05-M390-success","INV-05","جلسة جرد","INV","M","390","success","نجاح","أساسي","C-QTYUNIT C-TABLE C-SYNC","05-D2-Catalog-Inventory.dc.html","owner_approved","not_drawn",""
"INV-05-D1366-ready","INV-05","جلسة جرد","INV","D","1366","ready","جاهز","أساسي","C-QTYUNIT C-TABLE C-SYNC","05-D2-Catalog-Inventory.dc.html","owner_approved","not_drawn",""
"INV-05-D1366-saving","INV-05","جلسة جرد","INV","D","1366","saving","جارٍ الحفظ","أساسي","C-QTYUNIT C-TABLE C-SYNC","05-D2-Catalog-Inventory.dc.html","owner_approved","not_drawn",""
"INV-05-D1366-saved_local","INV-05","جلسة جرد","INV","D","1366","saved_local","محفوظ محلياً","أساسي","C-QTYUNIT C-TABLE C-SYNC","05-D2-Catalog-Inventory.dc.html","owner_approved","not_drawn",""
"INV-05-D1366-partial","INV-05","جلسة جرد","INV","D","1366","partial","جزئي","أساسي","C-QTYUNIT C-TABLE C-SYNC","05-D2-Catalog-Inventory.dc.html","owner_approved","not_drawn",""
"INV-05-D1366-offline","INV-05","جلسة جرد","INV","D","1366","offline","بلا اتصال","أساسي","C-QTYUNIT C-TABLE C-SYNC","05-D2-Catalog-Inventory.dc.html","owner_approved","not_drawn",""
"INV-05-D1366-success","INV-05","جلسة جرد","INV","D","1366","success","نجاح","أساسي","C-QTYUNIT C-TABLE C-SYNC","05-D2-Catalog-Inventory.dc.html","owner_approved","not_drawn",""
"INV-05-D1920-ready","INV-05","جلسة جرد","INV","D","1920","ready","جاهز","أساسي","C-QTYUNIT C-TABLE C-SYNC","05-D2-Catalog-Inventory.dc.html","owner_approved","not_drawn",""
"INV-05-D1920-saving","INV-05","جلسة جرد","INV","D","1920","saving","جارٍ الحفظ","أساسي","C-QTYUNIT C-TABLE C-SYNC","05-D2-Catalog-Inventory.dc.html","owner_approved","not_drawn",""
"INV-05-D1920-saved_local","INV-05","جلسة جرد","INV","D","1920","saved_local","محفوظ محلياً","أساسي","C-QTYUNIT C-TABLE C-SYNC","05-D2-Catalog-Inventory.dc.html","owner_approved","not_drawn",""
"INV-05-D1920-partial","INV-05","جلسة جرد","INV","D","1920","partial","جزئي","أساسي","C-QTYUNIT C-TABLE C-SYNC","05-D2-Catalog-Inventory.dc.html","owner_approved","not_drawn",""
"INV-05-D1920-offline","INV-05","جلسة جرد","INV","D","1920","offline","بلا اتصال","أساسي","C-QTYUNIT C-TABLE C-SYNC","05-D2-Catalog-Inventory.dc.html","owner_approved","not_drawn",""
"INV-05-D1920-success","INV-05","جلسة جرد","INV","D","1920","success","نجاح","أساسي","C-QTYUNIT C-TABLE C-SYNC","05-D2-Catalog-Inventory.dc.html","owner_approved","not_drawn",""
"INV-06-W390-ready","INV-06","مراجعة فروق الجرد وتسوية","INV","W","390","ready","جاهز","أساسي","C-TABLE C-DIALOG C-DOCPRV","05-D2-Catalog-Inventory.dc.html","owner_approved","not_drawn",""
"INV-06-W390-validation_error","INV-06","مراجعة فروق الجرد وتسوية","INV","W","390","validation_error","خطأ تحقق","أساسي","C-TABLE C-DIALOG C-DOCPRV","05-D2-Catalog-Inventory.dc.html","owner_approved","not_drawn",""
"INV-06-W390-permission_denied","INV-06","مراجعة فروق الجرد وتسوية","INV","W","390","permission_denied","صلاحية مرفوضة","أساسي","C-TABLE C-DIALOG C-DOCPRV","05-D2-Catalog-Inventory.dc.html","owner_approved","not_drawn",""
"INV-06-W390-success","INV-06","مراجعة فروق الجرد وتسوية","INV","W","390","success","نجاح","أساسي","C-TABLE C-DIALOG C-DOCPRV","05-D2-Catalog-Inventory.dc.html","owner_approved","not_drawn",""
"INV-06-W834-ready","INV-06","مراجعة فروق الجرد وتسوية","INV","W","834","ready","جاهز","أساسي","C-TABLE C-DIALOG C-DOCPRV","05-D2-Catalog-Inventory.dc.html","owner_approved","not_drawn",""
"INV-06-W834-validation_error","INV-06","مراجعة فروق الجرد وتسوية","INV","W","834","validation_error","خطأ تحقق","أساسي","C-TABLE C-DIALOG C-DOCPRV","05-D2-Catalog-Inventory.dc.html","owner_approved","not_drawn",""
"INV-06-W834-permission_denied","INV-06","مراجعة فروق الجرد وتسوية","INV","W","834","permission_denied","صلاحية مرفوضة","أساسي","C-TABLE C-DIALOG C-DOCPRV","05-D2-Catalog-Inventory.dc.html","owner_approved","not_drawn",""
"INV-06-W834-success","INV-06","مراجعة فروق الجرد وتسوية","INV","W","834","success","نجاح","أساسي","C-TABLE C-DIALOG C-DOCPRV","05-D2-Catalog-Inventory.dc.html","owner_approved","not_drawn",""
"INV-06-W1440-ready","INV-06","مراجعة فروق الجرد وتسوية","INV","W","1440","ready","جاهز","أساسي","C-TABLE C-DIALOG C-DOCPRV","05-D2-Catalog-Inventory.dc.html","owner_approved","drawn","28-D21-Access-Inventory-Complete.dc.html#INV-06"
"INV-06-W1440-validation_error","INV-06","مراجعة فروق الجرد وتسوية","INV","W","1440","validation_error","خطأ تحقق","أساسي","C-TABLE C-DIALOG C-DOCPRV","05-D2-Catalog-Inventory.dc.html","owner_approved","drawn","28-D21-Access-Inventory-Complete.dc.html#INV-06"
"INV-06-W1440-permission_denied","INV-06","مراجعة فروق الجرد وتسوية","INV","W","1440","permission_denied","صلاحية مرفوضة","أساسي","C-TABLE C-DIALOG C-DOCPRV","05-D2-Catalog-Inventory.dc.html","owner_approved","drawn","28-D21-Access-Inventory-Complete.dc.html#INV-06"
"INV-06-W1440-success","INV-06","مراجعة فروق الجرد وتسوية","INV","W","1440","success","نجاح","أساسي","C-TABLE C-DIALOG C-DOCPRV","05-D2-Catalog-Inventory.dc.html","owner_approved","drawn","28-D21-Access-Inventory-Complete.dc.html#INV-06"
"INV-06-M390-ready","INV-06","مراجعة فروق الجرد وتسوية","INV","M","390","ready","جاهز","أساسي","C-TABLE C-DIALOG C-DOCPRV","05-D2-Catalog-Inventory.dc.html","owner_approved","not_drawn",""
"INV-06-M390-validation_error","INV-06","مراجعة فروق الجرد وتسوية","INV","M","390","validation_error","خطأ تحقق","أساسي","C-TABLE C-DIALOG C-DOCPRV","05-D2-Catalog-Inventory.dc.html","owner_approved","not_drawn",""
"INV-06-M390-permission_denied","INV-06","مراجعة فروق الجرد وتسوية","INV","M","390","permission_denied","صلاحية مرفوضة","أساسي","C-TABLE C-DIALOG C-DOCPRV","05-D2-Catalog-Inventory.dc.html","owner_approved","not_drawn",""
"INV-06-M390-success","INV-06","مراجعة فروق الجرد وتسوية","INV","M","390","success","نجاح","أساسي","C-TABLE C-DIALOG C-DOCPRV","05-D2-Catalog-Inventory.dc.html","owner_approved","not_drawn",""
"INV-06-D1366-ready","INV-06","مراجعة فروق الجرد وتسوية","INV","D","1366","ready","جاهز","أساسي","C-TABLE C-DIALOG C-DOCPRV","05-D2-Catalog-Inventory.dc.html","owner_approved","not_drawn",""
"INV-06-D1366-validation_error","INV-06","مراجعة فروق الجرد وتسوية","INV","D","1366","validation_error","خطأ تحقق","أساسي","C-TABLE C-DIALOG C-DOCPRV","05-D2-Catalog-Inventory.dc.html","owner_approved","not_drawn",""
"INV-06-D1366-permission_denied","INV-06","مراجعة فروق الجرد وتسوية","INV","D","1366","permission_denied","صلاحية مرفوضة","أساسي","C-TABLE C-DIALOG C-DOCPRV","05-D2-Catalog-Inventory.dc.html","owner_approved","not_drawn",""
"INV-06-D1366-success","INV-06","مراجعة فروق الجرد وتسوية","INV","D","1366","success","نجاح","أساسي","C-TABLE C-DIALOG C-DOCPRV","05-D2-Catalog-Inventory.dc.html","owner_approved","not_drawn",""
"INV-06-D1920-ready","INV-06","مراجعة فروق الجرد وتسوية","INV","D","1920","ready","جاهز","أساسي","C-TABLE C-DIALOG C-DOCPRV","05-D2-Catalog-Inventory.dc.html","owner_approved","not_drawn",""
"INV-06-D1920-validation_error","INV-06","مراجعة فروق الجرد وتسوية","INV","D","1920","validation_error","خطأ تحقق","أساسي","C-TABLE C-DIALOG C-DOCPRV","05-D2-Catalog-Inventory.dc.html","owner_approved","not_drawn",""
"INV-06-D1920-permission_denied","INV-06","مراجعة فروق الجرد وتسوية","INV","D","1920","permission_denied","صلاحية مرفوضة","أساسي","C-TABLE C-DIALOG C-DOCPRV","05-D2-Catalog-Inventory.dc.html","owner_approved","not_drawn",""
"INV-06-D1920-success","INV-06","مراجعة فروق الجرد وتسوية","INV","D","1920","success","نجاح","أساسي","C-TABLE C-DIALOG C-DOCPRV","05-D2-Catalog-Inventory.dc.html","owner_approved","not_drawn",""
"INV-07-W390-ready","INV-07","هالك وحجر تالف","INV","W","390","ready","جاهز","أساسي","C-QTYUNIT C-STATUS C-FIELD","05-D2-Catalog-Inventory.dc.html","owner_approved","not_drawn",""
"INV-07-W390-validation_error","INV-07","هالك وحجر تالف","INV","W","390","validation_error","خطأ تحقق","أساسي","C-QTYUNIT C-STATUS C-FIELD","05-D2-Catalog-Inventory.dc.html","owner_approved","not_drawn",""
"INV-07-W390-permission_denied","INV-07","هالك وحجر تالف","INV","W","390","permission_denied","صلاحية مرفوضة","أساسي","C-QTYUNIT C-STATUS C-FIELD","05-D2-Catalog-Inventory.dc.html","owner_approved","not_drawn",""
"INV-07-W390-success","INV-07","هالك وحجر تالف","INV","W","390","success","نجاح","أساسي","C-QTYUNIT C-STATUS C-FIELD","05-D2-Catalog-Inventory.dc.html","owner_approved","not_drawn",""
"INV-07-W834-ready","INV-07","هالك وحجر تالف","INV","W","834","ready","جاهز","أساسي","C-QTYUNIT C-STATUS C-FIELD","05-D2-Catalog-Inventory.dc.html","owner_approved","not_drawn",""
"INV-07-W834-validation_error","INV-07","هالك وحجر تالف","INV","W","834","validation_error","خطأ تحقق","أساسي","C-QTYUNIT C-STATUS C-FIELD","05-D2-Catalog-Inventory.dc.html","owner_approved","not_drawn",""
"INV-07-W834-permission_denied","INV-07","هالك وحجر تالف","INV","W","834","permission_denied","صلاحية مرفوضة","أساسي","C-QTYUNIT C-STATUS C-FIELD","05-D2-Catalog-Inventory.dc.html","owner_approved","not_drawn",""
"INV-07-W834-success","INV-07","هالك وحجر تالف","INV","W","834","success","نجاح","أساسي","C-QTYUNIT C-STATUS C-FIELD","05-D2-Catalog-Inventory.dc.html","owner_approved","not_drawn",""
"INV-07-W1440-ready","INV-07","هالك وحجر تالف","INV","W","1440","ready","جاهز","أساسي","C-QTYUNIT C-STATUS C-FIELD","05-D2-Catalog-Inventory.dc.html","owner_approved","drawn","05-D2-Catalog-Inventory.dc.html#INV-07"
"INV-07-W1440-validation_error","INV-07","هالك وحجر تالف","INV","W","1440","validation_error","خطأ تحقق","أساسي","C-QTYUNIT C-STATUS C-FIELD","05-D2-Catalog-Inventory.dc.html","owner_approved","drawn","40-D32-Parties-Inventory.dc.html#INV-07"
"INV-07-W1440-permission_denied","INV-07","هالك وحجر تالف","INV","W","1440","permission_denied","صلاحية مرفوضة","أساسي","C-QTYUNIT C-STATUS C-FIELD","05-D2-Catalog-Inventory.dc.html","owner_approved","drawn","40-D32-Parties-Inventory.dc.html#INV-07"
"INV-07-W1440-success","INV-07","هالك وحجر تالف","INV","W","1440","success","نجاح","أساسي","C-QTYUNIT C-STATUS C-FIELD","05-D2-Catalog-Inventory.dc.html","owner_approved","drawn","40-D32-Parties-Inventory.dc.html#INV-07"
"INV-07-M390-ready","INV-07","هالك وحجر تالف","INV","M","390","ready","جاهز","أساسي","C-QTYUNIT C-STATUS C-FIELD","05-D2-Catalog-Inventory.dc.html","owner_approved","not_drawn",""
"INV-07-M390-validation_error","INV-07","هالك وحجر تالف","INV","M","390","validation_error","خطأ تحقق","أساسي","C-QTYUNIT C-STATUS C-FIELD","05-D2-Catalog-Inventory.dc.html","owner_approved","not_drawn",""
"INV-07-M390-permission_denied","INV-07","هالك وحجر تالف","INV","M","390","permission_denied","صلاحية مرفوضة","أساسي","C-QTYUNIT C-STATUS C-FIELD","05-D2-Catalog-Inventory.dc.html","owner_approved","not_drawn",""
"INV-07-M390-success","INV-07","هالك وحجر تالف","INV","M","390","success","نجاح","أساسي","C-QTYUNIT C-STATUS C-FIELD","05-D2-Catalog-Inventory.dc.html","owner_approved","not_drawn",""
"INV-07-D1366-ready","INV-07","هالك وحجر تالف","INV","D","1366","ready","جاهز","أساسي","C-QTYUNIT C-STATUS C-FIELD","05-D2-Catalog-Inventory.dc.html","owner_approved","not_drawn",""
"INV-07-D1366-validation_error","INV-07","هالك وحجر تالف","INV","D","1366","validation_error","خطأ تحقق","أساسي","C-QTYUNIT C-STATUS C-FIELD","05-D2-Catalog-Inventory.dc.html","owner_approved","not_drawn",""
"INV-07-D1366-permission_denied","INV-07","هالك وحجر تالف","INV","D","1366","permission_denied","صلاحية مرفوضة","أساسي","C-QTYUNIT C-STATUS C-FIELD","05-D2-Catalog-Inventory.dc.html","owner_approved","not_drawn",""
"INV-07-D1366-success","INV-07","هالك وحجر تالف","INV","D","1366","success","نجاح","أساسي","C-QTYUNIT C-STATUS C-FIELD","05-D2-Catalog-Inventory.dc.html","owner_approved","not_drawn",""
"INV-07-D1920-ready","INV-07","هالك وحجر تالف","INV","D","1920","ready","جاهز","أساسي","C-QTYUNIT C-STATUS C-FIELD","05-D2-Catalog-Inventory.dc.html","owner_approved","not_drawn",""
"INV-07-D1920-validation_error","INV-07","هالك وحجر تالف","INV","D","1920","validation_error","خطأ تحقق","أساسي","C-QTYUNIT C-STATUS C-FIELD","05-D2-Catalog-Inventory.dc.html","owner_approved","not_drawn",""
"INV-07-D1920-permission_denied","INV-07","هالك وحجر تالف","INV","D","1920","permission_denied","صلاحية مرفوضة","أساسي","C-QTYUNIT C-STATUS C-FIELD","05-D2-Catalog-Inventory.dc.html","owner_approved","not_drawn",""
"INV-07-D1920-success","INV-07","هالك وحجر تالف","INV","D","1920","success","نجاح","أساسي","C-QTYUNIT C-STATUS C-FIELD","05-D2-Catalog-Inventory.dc.html","owner_approved","not_drawn",""
"INV-08-W390-ready","INV-08","قائمة التحويلات","INV","W","390","ready","جاهز","أساسي","C-TABLE C-STATUS C-FILTER","05-D2-Catalog-Inventory.dc.html","owner_approved","not_drawn",""
"INV-08-W390-loading","INV-08","قائمة التحويلات","INV","W","390","loading","تحميل","أساسي","C-TABLE C-STATUS C-FILTER","05-D2-Catalog-Inventory.dc.html","owner_approved","not_drawn",""
"INV-08-W390-empty","INV-08","قائمة التحويلات","INV","W","390","empty","فارغ","أساسي","C-TABLE C-STATUS C-FILTER","05-D2-Catalog-Inventory.dc.html","owner_approved","not_drawn",""
"INV-08-W390-partial","INV-08","قائمة التحويلات","INV","W","390","partial","جزئي","أساسي","C-TABLE C-STATUS C-FILTER","05-D2-Catalog-Inventory.dc.html","owner_approved","not_drawn",""
"INV-08-W390-pending_sync","INV-08","قائمة التحويلات","INV","W","390","pending_sync","معلّق المزامنة","أساسي","C-TABLE C-STATUS C-FILTER","05-D2-Catalog-Inventory.dc.html","owner_approved","not_drawn",""
"INV-08-W834-ready","INV-08","قائمة التحويلات","INV","W","834","ready","جاهز","أساسي","C-TABLE C-STATUS C-FILTER","05-D2-Catalog-Inventory.dc.html","owner_approved","not_drawn",""
"INV-08-W834-loading","INV-08","قائمة التحويلات","INV","W","834","loading","تحميل","أساسي","C-TABLE C-STATUS C-FILTER","05-D2-Catalog-Inventory.dc.html","owner_approved","not_drawn",""
"INV-08-W834-empty","INV-08","قائمة التحويلات","INV","W","834","empty","فارغ","أساسي","C-TABLE C-STATUS C-FILTER","05-D2-Catalog-Inventory.dc.html","owner_approved","not_drawn",""
"INV-08-W834-partial","INV-08","قائمة التحويلات","INV","W","834","partial","جزئي","أساسي","C-TABLE C-STATUS C-FILTER","05-D2-Catalog-Inventory.dc.html","owner_approved","not_drawn",""
"INV-08-W834-pending_sync","INV-08","قائمة التحويلات","INV","W","834","pending_sync","معلّق المزامنة","أساسي","C-TABLE C-STATUS C-FILTER","05-D2-Catalog-Inventory.dc.html","owner_approved","not_drawn",""
"INV-08-W1440-ready","INV-08","قائمة التحويلات","INV","W","1440","ready","جاهز","أساسي","C-TABLE C-STATUS C-FILTER","05-D2-Catalog-Inventory.dc.html","owner_approved","drawn","40-D32-Parties-Inventory.dc.html#INV-08"
"INV-08-W1440-loading","INV-08","قائمة التحويلات","INV","W","1440","loading","تحميل","أساسي","C-TABLE C-STATUS C-FILTER","05-D2-Catalog-Inventory.dc.html","owner_approved","drawn","40-D32-Parties-Inventory.dc.html#INV-08"
"INV-08-W1440-empty","INV-08","قائمة التحويلات","INV","W","1440","empty","فارغ","أساسي","C-TABLE C-STATUS C-FILTER","05-D2-Catalog-Inventory.dc.html","owner_approved","drawn","40-D32-Parties-Inventory.dc.html#INV-08"
"INV-08-W1440-partial","INV-08","قائمة التحويلات","INV","W","1440","partial","جزئي","أساسي","C-TABLE C-STATUS C-FILTER","05-D2-Catalog-Inventory.dc.html","owner_approved","drawn","40-D32-Parties-Inventory.dc.html#INV-08"
"INV-08-W1440-pending_sync","INV-08","قائمة التحويلات","INV","W","1440","pending_sync","معلّق المزامنة","أساسي","C-TABLE C-STATUS C-FILTER","05-D2-Catalog-Inventory.dc.html","owner_approved","drawn","14-D9-POS-Inventory-States.dc.html#INV-08"
"INV-08-M390-ready","INV-08","قائمة التحويلات","INV","M","390","ready","جاهز","أساسي","C-TABLE C-STATUS C-FILTER","05-D2-Catalog-Inventory.dc.html","owner_approved","not_drawn",""
"INV-08-M390-loading","INV-08","قائمة التحويلات","INV","M","390","loading","تحميل","أساسي","C-TABLE C-STATUS C-FILTER","05-D2-Catalog-Inventory.dc.html","owner_approved","not_drawn",""
"INV-08-M390-empty","INV-08","قائمة التحويلات","INV","M","390","empty","فارغ","أساسي","C-TABLE C-STATUS C-FILTER","05-D2-Catalog-Inventory.dc.html","owner_approved","not_drawn",""
"INV-08-M390-partial","INV-08","قائمة التحويلات","INV","M","390","partial","جزئي","أساسي","C-TABLE C-STATUS C-FILTER","05-D2-Catalog-Inventory.dc.html","owner_approved","not_drawn",""
"INV-08-M390-pending_sync","INV-08","قائمة التحويلات","INV","M","390","pending_sync","معلّق المزامنة","أساسي","C-TABLE C-STATUS C-FILTER","05-D2-Catalog-Inventory.dc.html","owner_approved","not_drawn",""
"INV-08-D1366-ready","INV-08","قائمة التحويلات","INV","D","1366","ready","جاهز","أساسي","C-TABLE C-STATUS C-FILTER","05-D2-Catalog-Inventory.dc.html","owner_approved","not_drawn",""
"INV-08-D1366-loading","INV-08","قائمة التحويلات","INV","D","1366","loading","تحميل","أساسي","C-TABLE C-STATUS C-FILTER","05-D2-Catalog-Inventory.dc.html","owner_approved","not_drawn",""
"INV-08-D1366-empty","INV-08","قائمة التحويلات","INV","D","1366","empty","فارغ","أساسي","C-TABLE C-STATUS C-FILTER","05-D2-Catalog-Inventory.dc.html","owner_approved","not_drawn",""
"INV-08-D1366-partial","INV-08","قائمة التحويلات","INV","D","1366","partial","جزئي","أساسي","C-TABLE C-STATUS C-FILTER","05-D2-Catalog-Inventory.dc.html","owner_approved","not_drawn",""
"INV-08-D1366-pending_sync","INV-08","قائمة التحويلات","INV","D","1366","pending_sync","معلّق المزامنة","أساسي","C-TABLE C-STATUS C-FILTER","05-D2-Catalog-Inventory.dc.html","owner_approved","not_drawn",""
"INV-08-D1920-ready","INV-08","قائمة التحويلات","INV","D","1920","ready","جاهز","أساسي","C-TABLE C-STATUS C-FILTER","05-D2-Catalog-Inventory.dc.html","owner_approved","not_drawn",""
"INV-08-D1920-loading","INV-08","قائمة التحويلات","INV","D","1920","loading","تحميل","أساسي","C-TABLE C-STATUS C-FILTER","05-D2-Catalog-Inventory.dc.html","owner_approved","not_drawn",""
"INV-08-D1920-empty","INV-08","قائمة التحويلات","INV","D","1920","empty","فارغ","أساسي","C-TABLE C-STATUS C-FILTER","05-D2-Catalog-Inventory.dc.html","owner_approved","not_drawn",""
"INV-08-D1920-partial","INV-08","قائمة التحويلات","INV","D","1920","partial","جزئي","أساسي","C-TABLE C-STATUS C-FILTER","05-D2-Catalog-Inventory.dc.html","owner_approved","not_drawn",""
"INV-08-D1920-pending_sync","INV-08","قائمة التحويلات","INV","D","1920","pending_sync","معلّق المزامنة","أساسي","C-TABLE C-STATUS C-FILTER","05-D2-Catalog-Inventory.dc.html","owner_approved","not_drawn",""
"INV-09-W390-ready","INV-09","إنشاء وإرسال تحويل","INV","W","390","ready","جاهز","أساسي","C-PICK C-QTYUNIT C-DOCPRV","05-D2-Catalog-Inventory.dc.html","owner_approved","not_drawn",""
"INV-09-W390-validation_error","INV-09","إنشاء وإرسال تحويل","INV","W","390","validation_error","خطأ تحقق","أساسي","C-PICK C-QTYUNIT C-DOCPRV","05-D2-Catalog-Inventory.dc.html","owner_approved","not_drawn",""
"INV-09-W390-saving","INV-09","إنشاء وإرسال تحويل","INV","W","390","saving","جارٍ الحفظ","أساسي","C-PICK C-QTYUNIT C-DOCPRV","05-D2-Catalog-Inventory.dc.html","owner_approved","not_drawn",""
"INV-09-W390-saved_local","INV-09","إنشاء وإرسال تحويل","INV","W","390","saved_local","محفوظ محلياً","أساسي","C-PICK C-QTYUNIT C-DOCPRV","05-D2-Catalog-Inventory.dc.html","owner_approved","not_drawn",""
"INV-09-W390-success","INV-09","إنشاء وإرسال تحويل","INV","W","390","success","نجاح","أساسي","C-PICK C-QTYUNIT C-DOCPRV","05-D2-Catalog-Inventory.dc.html","owner_approved","not_drawn",""
"INV-09-W834-ready","INV-09","إنشاء وإرسال تحويل","INV","W","834","ready","جاهز","أساسي","C-PICK C-QTYUNIT C-DOCPRV","05-D2-Catalog-Inventory.dc.html","owner_approved","not_drawn",""
"INV-09-W834-validation_error","INV-09","إنشاء وإرسال تحويل","INV","W","834","validation_error","خطأ تحقق","أساسي","C-PICK C-QTYUNIT C-DOCPRV","05-D2-Catalog-Inventory.dc.html","owner_approved","not_drawn",""
"INV-09-W834-saving","INV-09","إنشاء وإرسال تحويل","INV","W","834","saving","جارٍ الحفظ","أساسي","C-PICK C-QTYUNIT C-DOCPRV","05-D2-Catalog-Inventory.dc.html","owner_approved","not_drawn",""
"INV-09-W834-saved_local","INV-09","إنشاء وإرسال تحويل","INV","W","834","saved_local","محفوظ محلياً","أساسي","C-PICK C-QTYUNIT C-DOCPRV","05-D2-Catalog-Inventory.dc.html","owner_approved","not_drawn",""
"INV-09-W834-success","INV-09","إنشاء وإرسال تحويل","INV","W","834","success","نجاح","أساسي","C-PICK C-QTYUNIT C-DOCPRV","05-D2-Catalog-Inventory.dc.html","owner_approved","not_drawn",""
"INV-09-W1440-ready","INV-09","إنشاء وإرسال تحويل","INV","W","1440","ready","جاهز","أساسي","C-PICK C-QTYUNIT C-DOCPRV","05-D2-Catalog-Inventory.dc.html","owner_approved","drawn","28-D21-Access-Inventory-Complete.dc.html#INV-09"
"INV-09-W1440-validation_error","INV-09","إنشاء وإرسال تحويل","INV","W","1440","validation_error","خطأ تحقق","أساسي","C-PICK C-QTYUNIT C-DOCPRV","05-D2-Catalog-Inventory.dc.html","owner_approved","drawn","28-D21-Access-Inventory-Complete.dc.html#INV-09"
"INV-09-W1440-saving","INV-09","إنشاء وإرسال تحويل","INV","W","1440","saving","جارٍ الحفظ","أساسي","C-PICK C-QTYUNIT C-DOCPRV","05-D2-Catalog-Inventory.dc.html","owner_approved","drawn","40-D32-Parties-Inventory.dc.html#INV-09"
"INV-09-W1440-saved_local","INV-09","إنشاء وإرسال تحويل","INV","W","1440","saved_local","محفوظ محلياً","أساسي","C-PICK C-QTYUNIT C-DOCPRV","05-D2-Catalog-Inventory.dc.html","owner_approved","drawn","40-D32-Parties-Inventory.dc.html#INV-09"
"INV-09-W1440-success","INV-09","إنشاء وإرسال تحويل","INV","W","1440","success","نجاح","أساسي","C-PICK C-QTYUNIT C-DOCPRV","05-D2-Catalog-Inventory.dc.html","owner_approved","drawn","28-D21-Access-Inventory-Complete.dc.html#INV-09"
"INV-09-M390-ready","INV-09","إنشاء وإرسال تحويل","INV","M","390","ready","جاهز","أساسي","C-PICK C-QTYUNIT C-DOCPRV","05-D2-Catalog-Inventory.dc.html","owner_approved","not_drawn",""
"INV-09-M390-validation_error","INV-09","إنشاء وإرسال تحويل","INV","M","390","validation_error","خطأ تحقق","أساسي","C-PICK C-QTYUNIT C-DOCPRV","05-D2-Catalog-Inventory.dc.html","owner_approved","not_drawn",""
"INV-09-M390-saving","INV-09","إنشاء وإرسال تحويل","INV","M","390","saving","جارٍ الحفظ","أساسي","C-PICK C-QTYUNIT C-DOCPRV","05-D2-Catalog-Inventory.dc.html","owner_approved","not_drawn",""
"INV-09-M390-saved_local","INV-09","إنشاء وإرسال تحويل","INV","M","390","saved_local","محفوظ محلياً","أساسي","C-PICK C-QTYUNIT C-DOCPRV","05-D2-Catalog-Inventory.dc.html","owner_approved","not_drawn",""
"INV-09-M390-success","INV-09","إنشاء وإرسال تحويل","INV","M","390","success","نجاح","أساسي","C-PICK C-QTYUNIT C-DOCPRV","05-D2-Catalog-Inventory.dc.html","owner_approved","not_drawn",""
"INV-09-D1366-ready","INV-09","إنشاء وإرسال تحويل","INV","D","1366","ready","جاهز","أساسي","C-PICK C-QTYUNIT C-DOCPRV","05-D2-Catalog-Inventory.dc.html","owner_approved","not_drawn",""
"INV-09-D1366-validation_error","INV-09","إنشاء وإرسال تحويل","INV","D","1366","validation_error","خطأ تحقق","أساسي","C-PICK C-QTYUNIT C-DOCPRV","05-D2-Catalog-Inventory.dc.html","owner_approved","not_drawn",""
"INV-09-D1366-saving","INV-09","إنشاء وإرسال تحويل","INV","D","1366","saving","جارٍ الحفظ","أساسي","C-PICK C-QTYUNIT C-DOCPRV","05-D2-Catalog-Inventory.dc.html","owner_approved","not_drawn",""
"INV-09-D1366-saved_local","INV-09","إنشاء وإرسال تحويل","INV","D","1366","saved_local","محفوظ محلياً","أساسي","C-PICK C-QTYUNIT C-DOCPRV","05-D2-Catalog-Inventory.dc.html","owner_approved","not_drawn",""
"INV-09-D1366-success","INV-09","إنشاء وإرسال تحويل","INV","D","1366","success","نجاح","أساسي","C-PICK C-QTYUNIT C-DOCPRV","05-D2-Catalog-Inventory.dc.html","owner_approved","not_drawn",""
"INV-09-D1920-ready","INV-09","إنشاء وإرسال تحويل","INV","D","1920","ready","جاهز","أساسي","C-PICK C-QTYUNIT C-DOCPRV","05-D2-Catalog-Inventory.dc.html","owner_approved","not_drawn",""
"INV-09-D1920-validation_error","INV-09","إنشاء وإرسال تحويل","INV","D","1920","validation_error","خطأ تحقق","أساسي","C-PICK C-QTYUNIT C-DOCPRV","05-D2-Catalog-Inventory.dc.html","owner_approved","not_drawn",""
"INV-09-D1920-saving","INV-09","إنشاء وإرسال تحويل","INV","D","1920","saving","جارٍ الحفظ","أساسي","C-PICK C-QTYUNIT C-DOCPRV","05-D2-Catalog-Inventory.dc.html","owner_approved","not_drawn",""
"INV-09-D1920-saved_local","INV-09","إنشاء وإرسال تحويل","INV","D","1920","saved_local","محفوظ محلياً","أساسي","C-PICK C-QTYUNIT C-DOCPRV","05-D2-Catalog-Inventory.dc.html","owner_approved","not_drawn",""
"INV-09-D1920-success","INV-09","إنشاء وإرسال تحويل","INV","D","1920","success","نجاح","أساسي","C-PICK C-QTYUNIT C-DOCPRV","05-D2-Catalog-Inventory.dc.html","owner_approved","not_drawn",""
"INV-09-W390-partial","INV-09","إنشاء وإرسال تحويل","INV","W","390","partial","جزئي","أساسي","C-PICK C-QTYUNIT C-DOCPRV","05-D2-Catalog-Inventory.dc.html","owner_approved","not_drawn",""
"INV-09-W834-partial","INV-09","إنشاء وإرسال تحويل","INV","W","834","partial","جزئي","أساسي","C-PICK C-QTYUNIT C-DOCPRV","05-D2-Catalog-Inventory.dc.html","owner_approved","not_drawn",""
"INV-09-W1440-partial","INV-09","إنشاء وإرسال تحويل","INV","W","1440","partial","جزئي","أساسي","C-PICK C-QTYUNIT C-DOCPRV","05-D2-Catalog-Inventory.dc.html","owner_approved","drawn","14-D9-POS-Inventory-States.dc.html#INV-09"
"INV-09-M390-partial","INV-09","إنشاء وإرسال تحويل","INV","M","390","partial","جزئي","أساسي","C-PICK C-QTYUNIT C-DOCPRV","05-D2-Catalog-Inventory.dc.html","owner_approved","not_drawn",""
"INV-09-D1366-partial","INV-09","إنشاء وإرسال تحويل","INV","D","1366","partial","جزئي","أساسي","C-PICK C-QTYUNIT C-DOCPRV","05-D2-Catalog-Inventory.dc.html","owner_approved","not_drawn",""
"INV-09-D1920-partial","INV-09","إنشاء وإرسال تحويل","INV","D","1920","partial","جزئي","أساسي","C-PICK C-QTYUNIT C-DOCPRV","05-D2-Catalog-Inventory.dc.html","owner_approved","not_drawn",""
"INV-10-W390-ready","INV-10","استلام تحويل جزئي ومراجعة فرق","INV","W","390","ready","جاهز","أساسي","C-RECV C-QTYUNIT C-NOTICE","05-D2-Catalog-Inventory.dc.html","owner_approved","not_drawn",""
"INV-10-W390-partial","INV-10","استلام تحويل جزئي ومراجعة فرق","INV","W","390","partial","جزئي","أساسي","C-RECV C-QTYUNIT C-NOTICE","05-D2-Catalog-Inventory.dc.html","owner_approved","not_drawn",""
"INV-10-W390-validation_error","INV-10","استلام تحويل جزئي ومراجعة فرق","INV","W","390","validation_error","خطأ تحقق","أساسي","C-RECV C-QTYUNIT C-NOTICE","05-D2-Catalog-Inventory.dc.html","owner_approved","not_drawn",""
"INV-10-W390-conflict","INV-10","استلام تحويل جزئي ومراجعة فرق","INV","W","390","conflict","تعارض","أساسي","C-RECV C-QTYUNIT C-NOTICE","05-D2-Catalog-Inventory.dc.html","owner_approved","not_drawn",""
"INV-10-W390-success","INV-10","استلام تحويل جزئي ومراجعة فرق","INV","W","390","success","نجاح","أساسي","C-RECV C-QTYUNIT C-NOTICE","05-D2-Catalog-Inventory.dc.html","owner_approved","not_drawn",""
"INV-10-W834-ready","INV-10","استلام تحويل جزئي ومراجعة فرق","INV","W","834","ready","جاهز","أساسي","C-RECV C-QTYUNIT C-NOTICE","05-D2-Catalog-Inventory.dc.html","owner_approved","not_drawn",""
"INV-10-W834-partial","INV-10","استلام تحويل جزئي ومراجعة فرق","INV","W","834","partial","جزئي","أساسي","C-RECV C-QTYUNIT C-NOTICE","05-D2-Catalog-Inventory.dc.html","owner_approved","not_drawn",""
"INV-10-W834-validation_error","INV-10","استلام تحويل جزئي ومراجعة فرق","INV","W","834","validation_error","خطأ تحقق","أساسي","C-RECV C-QTYUNIT C-NOTICE","05-D2-Catalog-Inventory.dc.html","owner_approved","not_drawn",""
"INV-10-W834-conflict","INV-10","استلام تحويل جزئي ومراجعة فرق","INV","W","834","conflict","تعارض","أساسي","C-RECV C-QTYUNIT C-NOTICE","05-D2-Catalog-Inventory.dc.html","owner_approved","not_drawn",""
"INV-10-W834-success","INV-10","استلام تحويل جزئي ومراجعة فرق","INV","W","834","success","نجاح","أساسي","C-RECV C-QTYUNIT C-NOTICE","05-D2-Catalog-Inventory.dc.html","owner_approved","not_drawn",""
"INV-10-W1440-ready","INV-10","استلام تحويل جزئي ومراجعة فرق","INV","W","1440","ready","جاهز","أساسي","C-RECV C-QTYUNIT C-NOTICE","05-D2-Catalog-Inventory.dc.html","owner_approved","drawn","40-D32-Parties-Inventory.dc.html#INV-10"
"INV-10-W1440-partial","INV-10","استلام تحويل جزئي ومراجعة فرق","INV","W","1440","partial","جزئي","أساسي","C-RECV C-QTYUNIT C-NOTICE","05-D2-Catalog-Inventory.dc.html","owner_approved","drawn","05-D2-Catalog-Inventory.dc.html#INV-10"
"INV-10-W1440-validation_error","INV-10","استلام تحويل جزئي ومراجعة فرق","INV","W","1440","validation_error","خطأ تحقق","أساسي","C-RECV C-QTYUNIT C-NOTICE","05-D2-Catalog-Inventory.dc.html","owner_approved","drawn","40-D32-Parties-Inventory.dc.html#INV-10"
"INV-10-W1440-conflict","INV-10","استلام تحويل جزئي ومراجعة فرق","INV","W","1440","conflict","تعارض","أساسي","C-RECV C-QTYUNIT C-NOTICE","05-D2-Catalog-Inventory.dc.html","owner_approved","drawn","40-D32-Parties-Inventory.dc.html#INV-10"
"INV-10-W1440-success","INV-10","استلام تحويل جزئي ومراجعة فرق","INV","W","1440","success","نجاح","أساسي","C-RECV C-QTYUNIT C-NOTICE","05-D2-Catalog-Inventory.dc.html","owner_approved","drawn","40-D32-Parties-Inventory.dc.html#INV-10"
"INV-10-M390-ready","INV-10","استلام تحويل جزئي ومراجعة فرق","INV","M","390","ready","جاهز","أساسي","C-RECV C-QTYUNIT C-NOTICE","05-D2-Catalog-Inventory.dc.html","owner_approved","not_drawn",""
"INV-10-M390-partial","INV-10","استلام تحويل جزئي ومراجعة فرق","INV","M","390","partial","جزئي","أساسي","C-RECV C-QTYUNIT C-NOTICE","05-D2-Catalog-Inventory.dc.html","owner_approved","not_drawn",""
"INV-10-M390-validation_error","INV-10","استلام تحويل جزئي ومراجعة فرق","INV","M","390","validation_error","خطأ تحقق","أساسي","C-RECV C-QTYUNIT C-NOTICE","05-D2-Catalog-Inventory.dc.html","owner_approved","not_drawn",""
"INV-10-M390-conflict","INV-10","استلام تحويل جزئي ومراجعة فرق","INV","M","390","conflict","تعارض","أساسي","C-RECV C-QTYUNIT C-NOTICE","05-D2-Catalog-Inventory.dc.html","owner_approved","not_drawn",""
"INV-10-M390-success","INV-10","استلام تحويل جزئي ومراجعة فرق","INV","M","390","success","نجاح","أساسي","C-RECV C-QTYUNIT C-NOTICE","05-D2-Catalog-Inventory.dc.html","owner_approved","not_drawn",""
"INV-10-D1366-ready","INV-10","استلام تحويل جزئي ومراجعة فرق","INV","D","1366","ready","جاهز","أساسي","C-RECV C-QTYUNIT C-NOTICE","05-D2-Catalog-Inventory.dc.html","owner_approved","not_drawn",""
"INV-10-D1366-partial","INV-10","استلام تحويل جزئي ومراجعة فرق","INV","D","1366","partial","جزئي","أساسي","C-RECV C-QTYUNIT C-NOTICE","05-D2-Catalog-Inventory.dc.html","owner_approved","not_drawn",""
"INV-10-D1366-validation_error","INV-10","استلام تحويل جزئي ومراجعة فرق","INV","D","1366","validation_error","خطأ تحقق","أساسي","C-RECV C-QTYUNIT C-NOTICE","05-D2-Catalog-Inventory.dc.html","owner_approved","not_drawn",""
"INV-10-D1366-conflict","INV-10","استلام تحويل جزئي ومراجعة فرق","INV","D","1366","conflict","تعارض","أساسي","C-RECV C-QTYUNIT C-NOTICE","05-D2-Catalog-Inventory.dc.html","owner_approved","not_drawn",""
"INV-10-D1366-success","INV-10","استلام تحويل جزئي ومراجعة فرق","INV","D","1366","success","نجاح","أساسي","C-RECV C-QTYUNIT C-NOTICE","05-D2-Catalog-Inventory.dc.html","owner_approved","not_drawn",""
"INV-10-D1920-ready","INV-10","استلام تحويل جزئي ومراجعة فرق","INV","D","1920","ready","جاهز","أساسي","C-RECV C-QTYUNIT C-NOTICE","05-D2-Catalog-Inventory.dc.html","owner_approved","not_drawn",""
"INV-10-D1920-partial","INV-10","استلام تحويل جزئي ومراجعة فرق","INV","D","1920","partial","جزئي","أساسي","C-RECV C-QTYUNIT C-NOTICE","05-D2-Catalog-Inventory.dc.html","owner_approved","not_drawn",""
"INV-10-D1920-validation_error","INV-10","استلام تحويل جزئي ومراجعة فرق","INV","D","1920","validation_error","خطأ تحقق","أساسي","C-RECV C-QTYUNIT C-NOTICE","05-D2-Catalog-Inventory.dc.html","owner_approved","not_drawn",""
"INV-10-D1920-conflict","INV-10","استلام تحويل جزئي ومراجعة فرق","INV","D","1920","conflict","تعارض","أساسي","C-RECV C-QTYUNIT C-NOTICE","05-D2-Catalog-Inventory.dc.html","owner_approved","not_drawn",""
"INV-10-D1920-success","INV-10","استلام تحويل جزئي ومراجعة فرق","INV","D","1920","success","نجاح","أساسي","C-RECV C-QTYUNIT C-NOTICE","05-D2-Catalog-Inventory.dc.html","owner_approved","not_drawn",""
"PUR-01-W390-ready","PUR-01","قائمة أوامر شراء داخلية وتفاصيل","PUR","W","390","ready","جاهز","مشروط","C-TABLE C-FILTER C-PHASE","05-D2-Catalog-Inventory.dc.html","owner_approved","not_drawn",""
"PUR-01-W390-loading","PUR-01","قائمة أوامر شراء داخلية وتفاصيل","PUR","W","390","loading","تحميل","مشروط","C-TABLE C-FILTER C-PHASE","05-D2-Catalog-Inventory.dc.html","owner_approved","not_drawn",""
"PUR-01-W390-empty","PUR-01","قائمة أوامر شراء داخلية وتفاصيل","PUR","W","390","empty","فارغ","مشروط","C-TABLE C-FILTER C-PHASE","05-D2-Catalog-Inventory.dc.html","owner_approved","not_drawn",""
"PUR-01-W390-permission_denied","PUR-01","قائمة أوامر شراء داخلية وتفاصيل","PUR","W","390","permission_denied","صلاحية مرفوضة","مشروط","C-TABLE C-FILTER C-PHASE","05-D2-Catalog-Inventory.dc.html","owner_approved","not_drawn",""
"PUR-01-W834-ready","PUR-01","قائمة أوامر شراء داخلية وتفاصيل","PUR","W","834","ready","جاهز","مشروط","C-TABLE C-FILTER C-PHASE","05-D2-Catalog-Inventory.dc.html","owner_approved","not_drawn",""
"PUR-01-W834-loading","PUR-01","قائمة أوامر شراء داخلية وتفاصيل","PUR","W","834","loading","تحميل","مشروط","C-TABLE C-FILTER C-PHASE","05-D2-Catalog-Inventory.dc.html","owner_approved","not_drawn",""
"PUR-01-W834-empty","PUR-01","قائمة أوامر شراء داخلية وتفاصيل","PUR","W","834","empty","فارغ","مشروط","C-TABLE C-FILTER C-PHASE","05-D2-Catalog-Inventory.dc.html","owner_approved","not_drawn",""
"PUR-01-W834-permission_denied","PUR-01","قائمة أوامر شراء داخلية وتفاصيل","PUR","W","834","permission_denied","صلاحية مرفوضة","مشروط","C-TABLE C-FILTER C-PHASE","05-D2-Catalog-Inventory.dc.html","owner_approved","not_drawn",""
"PUR-01-W1440-ready","PUR-01","قائمة أوامر شراء داخلية وتفاصيل","PUR","W","1440","ready","جاهز","مشروط","C-TABLE C-FILTER C-PHASE","05-D2-Catalog-Inventory.dc.html","owner_approved","drawn","32-D24-Purchasing-Growth.dc.html#PUR-01"
"PUR-01-W1440-loading","PUR-01","قائمة أوامر شراء داخلية وتفاصيل","PUR","W","1440","loading","تحميل","مشروط","C-TABLE C-FILTER C-PHASE","05-D2-Catalog-Inventory.dc.html","owner_approved","drawn","32-D24-Purchasing-Growth.dc.html#PUR-01"
"PUR-01-W1440-empty","PUR-01","قائمة أوامر شراء داخلية وتفاصيل","PUR","W","1440","empty","فارغ","مشروط","C-TABLE C-FILTER C-PHASE","05-D2-Catalog-Inventory.dc.html","owner_approved","drawn","32-D24-Purchasing-Growth.dc.html#PUR-01"
"PUR-01-W1440-permission_denied","PUR-01","قائمة أوامر شراء داخلية وتفاصيل","PUR","W","1440","permission_denied","صلاحية مرفوضة","مشروط","C-TABLE C-FILTER C-PHASE","05-D2-Catalog-Inventory.dc.html","owner_approved","drawn","32-D24-Purchasing-Growth.dc.html#PUR-01"
"PUR-01-M390-ready","PUR-01","قائمة أوامر شراء داخلية وتفاصيل","PUR","M","390","ready","جاهز","مشروط","C-TABLE C-FILTER C-PHASE","05-D2-Catalog-Inventory.dc.html","owner_approved","drawn","32-D24-Purchasing-Growth.dc.html#PUR-01"
"PUR-01-M390-loading","PUR-01","قائمة أوامر شراء داخلية وتفاصيل","PUR","M","390","loading","تحميل","مشروط","C-TABLE C-FILTER C-PHASE","05-D2-Catalog-Inventory.dc.html","owner_approved","not_drawn",""
"PUR-01-M390-empty","PUR-01","قائمة أوامر شراء داخلية وتفاصيل","PUR","M","390","empty","فارغ","مشروط","C-TABLE C-FILTER C-PHASE","05-D2-Catalog-Inventory.dc.html","owner_approved","not_drawn",""
"PUR-01-M390-permission_denied","PUR-01","قائمة أوامر شراء داخلية وتفاصيل","PUR","M","390","permission_denied","صلاحية مرفوضة","مشروط","C-TABLE C-FILTER C-PHASE","05-D2-Catalog-Inventory.dc.html","owner_approved","not_drawn",""
"PUR-01-D1366-ready","PUR-01","قائمة أوامر شراء داخلية وتفاصيل","PUR","D","1366","ready","جاهز","مشروط","C-TABLE C-FILTER C-PHASE","05-D2-Catalog-Inventory.dc.html","owner_approved","not_drawn",""
"PUR-01-D1366-loading","PUR-01","قائمة أوامر شراء داخلية وتفاصيل","PUR","D","1366","loading","تحميل","مشروط","C-TABLE C-FILTER C-PHASE","05-D2-Catalog-Inventory.dc.html","owner_approved","not_drawn",""
"PUR-01-D1366-empty","PUR-01","قائمة أوامر شراء داخلية وتفاصيل","PUR","D","1366","empty","فارغ","مشروط","C-TABLE C-FILTER C-PHASE","05-D2-Catalog-Inventory.dc.html","owner_approved","not_drawn",""
"PUR-01-D1366-permission_denied","PUR-01","قائمة أوامر شراء داخلية وتفاصيل","PUR","D","1366","permission_denied","صلاحية مرفوضة","مشروط","C-TABLE C-FILTER C-PHASE","05-D2-Catalog-Inventory.dc.html","owner_approved","not_drawn",""
"PUR-01-D1920-ready","PUR-01","قائمة أوامر شراء داخلية وتفاصيل","PUR","D","1920","ready","جاهز","مشروط","C-TABLE C-FILTER C-PHASE","05-D2-Catalog-Inventory.dc.html","owner_approved","drawn","32-D24-Purchasing-Growth.dc.html#PUR-01"
"PUR-01-D1920-loading","PUR-01","قائمة أوامر شراء داخلية وتفاصيل","PUR","D","1920","loading","تحميل","مشروط","C-TABLE C-FILTER C-PHASE","05-D2-Catalog-Inventory.dc.html","owner_approved","not_drawn",""
"PUR-01-D1920-empty","PUR-01","قائمة أوامر شراء داخلية وتفاصيل","PUR","D","1920","empty","فارغ","مشروط","C-TABLE C-FILTER C-PHASE","05-D2-Catalog-Inventory.dc.html","owner_approved","not_drawn",""
"PUR-01-D1920-permission_denied","PUR-01","قائمة أوامر شراء داخلية وتفاصيل","PUR","D","1920","permission_denied","صلاحية مرفوضة","مشروط","C-TABLE C-FILTER C-PHASE","05-D2-Catalog-Inventory.dc.html","owner_approved","not_drawn",""
"PUR-02-W390-ready","PUR-02","إنشاء أمر شراء داخلي","PUR","W","390","ready","جاهز","مشروط","C-QTYUNIT C-MONEY C-PHASE","05-D2-Catalog-Inventory.dc.html","owner_approved","not_drawn",""
"PUR-02-W390-validation_error","PUR-02","إنشاء أمر شراء داخلي","PUR","W","390","validation_error","خطأ تحقق","مشروط","C-QTYUNIT C-MONEY C-PHASE","05-D2-Catalog-Inventory.dc.html","owner_approved","not_drawn",""
"PUR-02-W390-saving","PUR-02","إنشاء أمر شراء داخلي","PUR","W","390","saving","جارٍ الحفظ","مشروط","C-QTYUNIT C-MONEY C-PHASE","05-D2-Catalog-Inventory.dc.html","owner_approved","not_drawn",""
"PUR-02-W390-success","PUR-02","إنشاء أمر شراء داخلي","PUR","W","390","success","نجاح","مشروط","C-QTYUNIT C-MONEY C-PHASE","05-D2-Catalog-Inventory.dc.html","owner_approved","not_drawn",""
"PUR-02-W834-ready","PUR-02","إنشاء أمر شراء داخلي","PUR","W","834","ready","جاهز","مشروط","C-QTYUNIT C-MONEY C-PHASE","05-D2-Catalog-Inventory.dc.html","owner_approved","not_drawn",""
"PUR-02-W834-validation_error","PUR-02","إنشاء أمر شراء داخلي","PUR","W","834","validation_error","خطأ تحقق","مشروط","C-QTYUNIT C-MONEY C-PHASE","05-D2-Catalog-Inventory.dc.html","owner_approved","not_drawn",""
"PUR-02-W834-saving","PUR-02","إنشاء أمر شراء داخلي","PUR","W","834","saving","جارٍ الحفظ","مشروط","C-QTYUNIT C-MONEY C-PHASE","05-D2-Catalog-Inventory.dc.html","owner_approved","not_drawn",""
"PUR-02-W834-success","PUR-02","إنشاء أمر شراء داخلي","PUR","W","834","success","نجاح","مشروط","C-QTYUNIT C-MONEY C-PHASE","05-D2-Catalog-Inventory.dc.html","owner_approved","not_drawn",""
"PUR-02-W1440-ready","PUR-02","إنشاء أمر شراء داخلي","PUR","W","1440","ready","جاهز","مشروط","C-QTYUNIT C-MONEY C-PHASE","05-D2-Catalog-Inventory.dc.html","owner_approved","drawn","32-D24-Purchasing-Growth.dc.html#PUR-02"
"PUR-02-W1440-validation_error","PUR-02","إنشاء أمر شراء داخلي","PUR","W","1440","validation_error","خطأ تحقق","مشروط","C-QTYUNIT C-MONEY C-PHASE","05-D2-Catalog-Inventory.dc.html","owner_approved","drawn","32-D24-Purchasing-Growth.dc.html#PUR-02"
"PUR-02-W1440-saving","PUR-02","إنشاء أمر شراء داخلي","PUR","W","1440","saving","جارٍ الحفظ","مشروط","C-QTYUNIT C-MONEY C-PHASE","05-D2-Catalog-Inventory.dc.html","owner_approved","drawn","32-D24-Purchasing-Growth.dc.html#PUR-02"
"PUR-02-W1440-success","PUR-02","إنشاء أمر شراء داخلي","PUR","W","1440","success","نجاح","مشروط","C-QTYUNIT C-MONEY C-PHASE","05-D2-Catalog-Inventory.dc.html","owner_approved","drawn","32-D24-Purchasing-Growth.dc.html#PUR-02"
"PUR-02-M390-ready","PUR-02","إنشاء أمر شراء داخلي","PUR","M","390","ready","جاهز","مشروط","C-QTYUNIT C-MONEY C-PHASE","05-D2-Catalog-Inventory.dc.html","owner_approved","drawn","32-D24-Purchasing-Growth.dc.html#PUR-02"
"PUR-02-M390-validation_error","PUR-02","إنشاء أمر شراء داخلي","PUR","M","390","validation_error","خطأ تحقق","مشروط","C-QTYUNIT C-MONEY C-PHASE","05-D2-Catalog-Inventory.dc.html","owner_approved","not_drawn",""
"PUR-02-M390-saving","PUR-02","إنشاء أمر شراء داخلي","PUR","M","390","saving","جارٍ الحفظ","مشروط","C-QTYUNIT C-MONEY C-PHASE","05-D2-Catalog-Inventory.dc.html","owner_approved","not_drawn",""
"PUR-02-M390-success","PUR-02","إنشاء أمر شراء داخلي","PUR","M","390","success","نجاح","مشروط","C-QTYUNIT C-MONEY C-PHASE","05-D2-Catalog-Inventory.dc.html","owner_approved","not_drawn",""
"PUR-02-D1366-ready","PUR-02","إنشاء أمر شراء داخلي","PUR","D","1366","ready","جاهز","مشروط","C-QTYUNIT C-MONEY C-PHASE","05-D2-Catalog-Inventory.dc.html","owner_approved","not_drawn",""
"PUR-02-D1366-validation_error","PUR-02","إنشاء أمر شراء داخلي","PUR","D","1366","validation_error","خطأ تحقق","مشروط","C-QTYUNIT C-MONEY C-PHASE","05-D2-Catalog-Inventory.dc.html","owner_approved","not_drawn",""
"PUR-02-D1366-saving","PUR-02","إنشاء أمر شراء داخلي","PUR","D","1366","saving","جارٍ الحفظ","مشروط","C-QTYUNIT C-MONEY C-PHASE","05-D2-Catalog-Inventory.dc.html","owner_approved","not_drawn",""
"PUR-02-D1366-success","PUR-02","إنشاء أمر شراء داخلي","PUR","D","1366","success","نجاح","مشروط","C-QTYUNIT C-MONEY C-PHASE","05-D2-Catalog-Inventory.dc.html","owner_approved","not_drawn",""
"PUR-02-D1920-ready","PUR-02","إنشاء أمر شراء داخلي","PUR","D","1920","ready","جاهز","مشروط","C-QTYUNIT C-MONEY C-PHASE","05-D2-Catalog-Inventory.dc.html","owner_approved","drawn","32-D24-Purchasing-Growth.dc.html#PUR-02"
"PUR-02-D1920-validation_error","PUR-02","إنشاء أمر شراء داخلي","PUR","D","1920","validation_error","خطأ تحقق","مشروط","C-QTYUNIT C-MONEY C-PHASE","05-D2-Catalog-Inventory.dc.html","owner_approved","not_drawn",""
"PUR-02-D1920-saving","PUR-02","إنشاء أمر شراء داخلي","PUR","D","1920","saving","جارٍ الحفظ","مشروط","C-QTYUNIT C-MONEY C-PHASE","05-D2-Catalog-Inventory.dc.html","owner_approved","not_drawn",""
"PUR-02-D1920-success","PUR-02","إنشاء أمر شراء داخلي","PUR","D","1920","success","نجاح","مشروط","C-QTYUNIT C-MONEY C-PHASE","05-D2-Catalog-Inventory.dc.html","owner_approved","not_drawn",""
"PUR-03-W390-ready","PUR-03","مستند شراء واعتماده","PUR","W","390","ready","جاهز","مشروط","C-DOCPRV C-DIALOG C-PHASE","05-D2-Catalog-Inventory.dc.html","owner_approved","not_drawn",""
"PUR-03-W390-validation_error","PUR-03","مستند شراء واعتماده","PUR","W","390","validation_error","خطأ تحقق","مشروط","C-DOCPRV C-DIALOG C-PHASE","05-D2-Catalog-Inventory.dc.html","owner_approved","not_drawn",""
"PUR-03-W390-permission_denied","PUR-03","مستند شراء واعتماده","PUR","W","390","permission_denied","صلاحية مرفوضة","مشروط","C-DOCPRV C-DIALOG C-PHASE","05-D2-Catalog-Inventory.dc.html","owner_approved","not_drawn",""
"PUR-03-W390-success","PUR-03","مستند شراء واعتماده","PUR","W","390","success","نجاح","مشروط","C-DOCPRV C-DIALOG C-PHASE","05-D2-Catalog-Inventory.dc.html","owner_approved","not_drawn",""
"PUR-03-W834-ready","PUR-03","مستند شراء واعتماده","PUR","W","834","ready","جاهز","مشروط","C-DOCPRV C-DIALOG C-PHASE","05-D2-Catalog-Inventory.dc.html","owner_approved","not_drawn",""
"PUR-03-W834-validation_error","PUR-03","مستند شراء واعتماده","PUR","W","834","validation_error","خطأ تحقق","مشروط","C-DOCPRV C-DIALOG C-PHASE","05-D2-Catalog-Inventory.dc.html","owner_approved","not_drawn",""
"PUR-03-W834-permission_denied","PUR-03","مستند شراء واعتماده","PUR","W","834","permission_denied","صلاحية مرفوضة","مشروط","C-DOCPRV C-DIALOG C-PHASE","05-D2-Catalog-Inventory.dc.html","owner_approved","not_drawn",""
"PUR-03-W834-success","PUR-03","مستند شراء واعتماده","PUR","W","834","success","نجاح","مشروط","C-DOCPRV C-DIALOG C-PHASE","05-D2-Catalog-Inventory.dc.html","owner_approved","not_drawn",""
"PUR-03-W1440-ready","PUR-03","مستند شراء واعتماده","PUR","W","1440","ready","جاهز","مشروط","C-DOCPRV C-DIALOG C-PHASE","05-D2-Catalog-Inventory.dc.html","owner_approved","drawn","32-D24-Purchasing-Growth.dc.html#PUR-03"
"PUR-03-W1440-validation_error","PUR-03","مستند شراء واعتماده","PUR","W","1440","validation_error","خطأ تحقق","مشروط","C-DOCPRV C-DIALOG C-PHASE","05-D2-Catalog-Inventory.dc.html","owner_approved","drawn","32-D24-Purchasing-Growth.dc.html#PUR-03"
"PUR-03-W1440-permission_denied","PUR-03","مستند شراء واعتماده","PUR","W","1440","permission_denied","صلاحية مرفوضة","مشروط","C-DOCPRV C-DIALOG C-PHASE","05-D2-Catalog-Inventory.dc.html","owner_approved","drawn","32-D24-Purchasing-Growth.dc.html#PUR-03"
"PUR-03-W1440-success","PUR-03","مستند شراء واعتماده","PUR","W","1440","success","نجاح","مشروط","C-DOCPRV C-DIALOG C-PHASE","05-D2-Catalog-Inventory.dc.html","owner_approved","drawn","32-D24-Purchasing-Growth.dc.html#PUR-03"
"PUR-03-M390-ready","PUR-03","مستند شراء واعتماده","PUR","M","390","ready","جاهز","مشروط","C-DOCPRV C-DIALOG C-PHASE","05-D2-Catalog-Inventory.dc.html","owner_approved","drawn","32-D24-Purchasing-Growth.dc.html#PUR-03"
"PUR-03-M390-validation_error","PUR-03","مستند شراء واعتماده","PUR","M","390","validation_error","خطأ تحقق","مشروط","C-DOCPRV C-DIALOG C-PHASE","05-D2-Catalog-Inventory.dc.html","owner_approved","not_drawn",""
"PUR-03-M390-permission_denied","PUR-03","مستند شراء واعتماده","PUR","M","390","permission_denied","صلاحية مرفوضة","مشروط","C-DOCPRV C-DIALOG C-PHASE","05-D2-Catalog-Inventory.dc.html","owner_approved","not_drawn",""
"PUR-03-M390-success","PUR-03","مستند شراء واعتماده","PUR","M","390","success","نجاح","مشروط","C-DOCPRV C-DIALOG C-PHASE","05-D2-Catalog-Inventory.dc.html","owner_approved","not_drawn",""
"PUR-03-D1366-ready","PUR-03","مستند شراء واعتماده","PUR","D","1366","ready","جاهز","مشروط","C-DOCPRV C-DIALOG C-PHASE","05-D2-Catalog-Inventory.dc.html","owner_approved","not_drawn",""
"PUR-03-D1366-validation_error","PUR-03","مستند شراء واعتماده","PUR","D","1366","validation_error","خطأ تحقق","مشروط","C-DOCPRV C-DIALOG C-PHASE","05-D2-Catalog-Inventory.dc.html","owner_approved","not_drawn",""
"PUR-03-D1366-permission_denied","PUR-03","مستند شراء واعتماده","PUR","D","1366","permission_denied","صلاحية مرفوضة","مشروط","C-DOCPRV C-DIALOG C-PHASE","05-D2-Catalog-Inventory.dc.html","owner_approved","not_drawn",""
"PUR-03-D1366-success","PUR-03","مستند شراء واعتماده","PUR","D","1366","success","نجاح","مشروط","C-DOCPRV C-DIALOG C-PHASE","05-D2-Catalog-Inventory.dc.html","owner_approved","not_drawn",""
"PUR-03-D1920-ready","PUR-03","مستند شراء واعتماده","PUR","D","1920","ready","جاهز","مشروط","C-DOCPRV C-DIALOG C-PHASE","05-D2-Catalog-Inventory.dc.html","owner_approved","drawn","32-D24-Purchasing-Growth.dc.html#PUR-03"
"PUR-03-D1920-validation_error","PUR-03","مستند شراء واعتماده","PUR","D","1920","validation_error","خطأ تحقق","مشروط","C-DOCPRV C-DIALOG C-PHASE","05-D2-Catalog-Inventory.dc.html","owner_approved","not_drawn",""
"PUR-03-D1920-permission_denied","PUR-03","مستند شراء واعتماده","PUR","D","1920","permission_denied","صلاحية مرفوضة","مشروط","C-DOCPRV C-DIALOG C-PHASE","05-D2-Catalog-Inventory.dc.html","owner_approved","not_drawn",""
"PUR-03-D1920-success","PUR-03","مستند شراء واعتماده","PUR","D","1920","success","نجاح","مشروط","C-DOCPRV C-DIALOG C-PHASE","05-D2-Catalog-Inventory.dc.html","owner_approved","not_drawn",""
"PUR-04-W390-ready","PUR-04","مرتجع مشتريات","PUR","W","390","ready","جاهز","مشروط","C-QTYUNIT C-DOCPRV C-PHASE","05-D2-Catalog-Inventory.dc.html","owner_approved","not_drawn",""
"PUR-04-W390-validation_error","PUR-04","مرتجع مشتريات","PUR","W","390","validation_error","خطأ تحقق","مشروط","C-QTYUNIT C-DOCPRV C-PHASE","05-D2-Catalog-Inventory.dc.html","owner_approved","not_drawn",""
"PUR-04-W390-partial","PUR-04","مرتجع مشتريات","PUR","W","390","partial","جزئي","مشروط","C-QTYUNIT C-DOCPRV C-PHASE","05-D2-Catalog-Inventory.dc.html","owner_approved","not_drawn",""
"PUR-04-W390-success","PUR-04","مرتجع مشتريات","PUR","W","390","success","نجاح","مشروط","C-QTYUNIT C-DOCPRV C-PHASE","05-D2-Catalog-Inventory.dc.html","owner_approved","not_drawn",""
"PUR-04-W834-ready","PUR-04","مرتجع مشتريات","PUR","W","834","ready","جاهز","مشروط","C-QTYUNIT C-DOCPRV C-PHASE","05-D2-Catalog-Inventory.dc.html","owner_approved","not_drawn",""
"PUR-04-W834-validation_error","PUR-04","مرتجع مشتريات","PUR","W","834","validation_error","خطأ تحقق","مشروط","C-QTYUNIT C-DOCPRV C-PHASE","05-D2-Catalog-Inventory.dc.html","owner_approved","not_drawn",""
"PUR-04-W834-partial","PUR-04","مرتجع مشتريات","PUR","W","834","partial","جزئي","مشروط","C-QTYUNIT C-DOCPRV C-PHASE","05-D2-Catalog-Inventory.dc.html","owner_approved","not_drawn",""
"PUR-04-W834-success","PUR-04","مرتجع مشتريات","PUR","W","834","success","نجاح","مشروط","C-QTYUNIT C-DOCPRV C-PHASE","05-D2-Catalog-Inventory.dc.html","owner_approved","not_drawn",""
"PUR-04-W1440-ready","PUR-04","مرتجع مشتريات","PUR","W","1440","ready","جاهز","مشروط","C-QTYUNIT C-DOCPRV C-PHASE","05-D2-Catalog-Inventory.dc.html","owner_approved","drawn","32-D24-Purchasing-Growth.dc.html#PUR-04"
"PUR-04-W1440-validation_error","PUR-04","مرتجع مشتريات","PUR","W","1440","validation_error","خطأ تحقق","مشروط","C-QTYUNIT C-DOCPRV C-PHASE","05-D2-Catalog-Inventory.dc.html","owner_approved","drawn","32-D24-Purchasing-Growth.dc.html#PUR-04"
"PUR-04-W1440-partial","PUR-04","مرتجع مشتريات","PUR","W","1440","partial","جزئي","مشروط","C-QTYUNIT C-DOCPRV C-PHASE","05-D2-Catalog-Inventory.dc.html","owner_approved","drawn","32-D24-Purchasing-Growth.dc.html#PUR-04"
"PUR-04-W1440-success","PUR-04","مرتجع مشتريات","PUR","W","1440","success","نجاح","مشروط","C-QTYUNIT C-DOCPRV C-PHASE","05-D2-Catalog-Inventory.dc.html","owner_approved","drawn","32-D24-Purchasing-Growth.dc.html#PUR-04"
"PUR-04-M390-ready","PUR-04","مرتجع مشتريات","PUR","M","390","ready","جاهز","مشروط","C-QTYUNIT C-DOCPRV C-PHASE","05-D2-Catalog-Inventory.dc.html","owner_approved","drawn","32-D24-Purchasing-Growth.dc.html#PUR-04"
"PUR-04-M390-validation_error","PUR-04","مرتجع مشتريات","PUR","M","390","validation_error","خطأ تحقق","مشروط","C-QTYUNIT C-DOCPRV C-PHASE","05-D2-Catalog-Inventory.dc.html","owner_approved","not_drawn",""
"PUR-04-M390-partial","PUR-04","مرتجع مشتريات","PUR","M","390","partial","جزئي","مشروط","C-QTYUNIT C-DOCPRV C-PHASE","05-D2-Catalog-Inventory.dc.html","owner_approved","not_drawn",""
"PUR-04-M390-success","PUR-04","مرتجع مشتريات","PUR","M","390","success","نجاح","مشروط","C-QTYUNIT C-DOCPRV C-PHASE","05-D2-Catalog-Inventory.dc.html","owner_approved","not_drawn",""
"PUR-04-D1366-ready","PUR-04","مرتجع مشتريات","PUR","D","1366","ready","جاهز","مشروط","C-QTYUNIT C-DOCPRV C-PHASE","05-D2-Catalog-Inventory.dc.html","owner_approved","not_drawn",""
"PUR-04-D1366-validation_error","PUR-04","مرتجع مشتريات","PUR","D","1366","validation_error","خطأ تحقق","مشروط","C-QTYUNIT C-DOCPRV C-PHASE","05-D2-Catalog-Inventory.dc.html","owner_approved","not_drawn",""
"PUR-04-D1366-partial","PUR-04","مرتجع مشتريات","PUR","D","1366","partial","جزئي","مشروط","C-QTYUNIT C-DOCPRV C-PHASE","05-D2-Catalog-Inventory.dc.html","owner_approved","not_drawn",""
"PUR-04-D1366-success","PUR-04","مرتجع مشتريات","PUR","D","1366","success","نجاح","مشروط","C-QTYUNIT C-DOCPRV C-PHASE","05-D2-Catalog-Inventory.dc.html","owner_approved","not_drawn",""
"PUR-04-D1920-ready","PUR-04","مرتجع مشتريات","PUR","D","1920","ready","جاهز","مشروط","C-QTYUNIT C-DOCPRV C-PHASE","05-D2-Catalog-Inventory.dc.html","owner_approved","drawn","32-D24-Purchasing-Growth.dc.html#PUR-04"
"PUR-04-D1920-validation_error","PUR-04","مرتجع مشتريات","PUR","D","1920","validation_error","خطأ تحقق","مشروط","C-QTYUNIT C-DOCPRV C-PHASE","05-D2-Catalog-Inventory.dc.html","owner_approved","not_drawn",""
"PUR-04-D1920-partial","PUR-04","مرتجع مشتريات","PUR","D","1920","partial","جزئي","مشروط","C-QTYUNIT C-DOCPRV C-PHASE","05-D2-Catalog-Inventory.dc.html","owner_approved","not_drawn",""
"PUR-04-D1920-success","PUR-04","مرتجع مشتريات","PUR","D","1920","success","نجاح","مشروط","C-QTYUNIT C-DOCPRV C-PHASE","05-D2-Catalog-Inventory.dc.html","owner_approved","not_drawn",""
"PUR-05-W390-ready","PUR-05","التكلفة والهامش","PUR","W","390","ready","جاهز","مشروط","C-TABLE C-PHASE C-NOTICE","05-D2-Catalog-Inventory.dc.html","owner_approved","not_drawn",""
"PUR-05-W390-empty","PUR-05","التكلفة والهامش","PUR","W","390","empty","فارغ","مشروط","C-TABLE C-PHASE C-NOTICE","05-D2-Catalog-Inventory.dc.html","owner_approved","not_drawn",""
"PUR-05-W390-permission_denied","PUR-05","التكلفة والهامش","PUR","W","390","permission_denied","صلاحية مرفوضة","مشروط","C-TABLE C-PHASE C-NOTICE","05-D2-Catalog-Inventory.dc.html","owner_approved","not_drawn",""
"PUR-05-W390-phase_locked","PUR-05","التكلفة والهامش","PUR","W","390","phase_locked","مرحلة غير مفعّلة","مشروط","C-TABLE C-PHASE C-NOTICE","05-D2-Catalog-Inventory.dc.html","owner_approved","not_drawn",""
"PUR-05-W834-ready","PUR-05","التكلفة والهامش","PUR","W","834","ready","جاهز","مشروط","C-TABLE C-PHASE C-NOTICE","05-D2-Catalog-Inventory.dc.html","owner_approved","not_drawn",""
"PUR-05-W834-empty","PUR-05","التكلفة والهامش","PUR","W","834","empty","فارغ","مشروط","C-TABLE C-PHASE C-NOTICE","05-D2-Catalog-Inventory.dc.html","owner_approved","not_drawn",""
"PUR-05-W834-permission_denied","PUR-05","التكلفة والهامش","PUR","W","834","permission_denied","صلاحية مرفوضة","مشروط","C-TABLE C-PHASE C-NOTICE","05-D2-Catalog-Inventory.dc.html","owner_approved","not_drawn",""
"PUR-05-W834-phase_locked","PUR-05","التكلفة والهامش","PUR","W","834","phase_locked","مرحلة غير مفعّلة","مشروط","C-TABLE C-PHASE C-NOTICE","05-D2-Catalog-Inventory.dc.html","owner_approved","not_drawn",""
"PUR-05-W1440-ready","PUR-05","التكلفة والهامش","PUR","W","1440","ready","جاهز","مشروط","C-TABLE C-PHASE C-NOTICE","05-D2-Catalog-Inventory.dc.html","owner_approved","drawn","32-D24-Purchasing-Growth.dc.html#PUR-05"
"PUR-05-W1440-empty","PUR-05","التكلفة والهامش","PUR","W","1440","empty","فارغ","مشروط","C-TABLE C-PHASE C-NOTICE","05-D2-Catalog-Inventory.dc.html","owner_approved","drawn","32-D24-Purchasing-Growth.dc.html#PUR-05"
"PUR-05-W1440-permission_denied","PUR-05","التكلفة والهامش","PUR","W","1440","permission_denied","صلاحية مرفوضة","مشروط","C-TABLE C-PHASE C-NOTICE","05-D2-Catalog-Inventory.dc.html","owner_approved","drawn","32-D24-Purchasing-Growth.dc.html#PUR-05"
"PUR-05-W1440-phase_locked","PUR-05","التكلفة والهامش","PUR","W","1440","phase_locked","مرحلة غير مفعّلة","مشروط","C-TABLE C-PHASE C-NOTICE","05-D2-Catalog-Inventory.dc.html","owner_approved","drawn","32-D24-Purchasing-Growth.dc.html#PUR-05"
"PUR-05-M390-ready","PUR-05","التكلفة والهامش","PUR","M","390","ready","جاهز","مشروط","C-TABLE C-PHASE C-NOTICE","05-D2-Catalog-Inventory.dc.html","owner_approved","drawn","32-D24-Purchasing-Growth.dc.html#PUR-05"
"PUR-05-M390-empty","PUR-05","التكلفة والهامش","PUR","M","390","empty","فارغ","مشروط","C-TABLE C-PHASE C-NOTICE","05-D2-Catalog-Inventory.dc.html","owner_approved","not_drawn",""
"PUR-05-M390-permission_denied","PUR-05","التكلفة والهامش","PUR","M","390","permission_denied","صلاحية مرفوضة","مشروط","C-TABLE C-PHASE C-NOTICE","05-D2-Catalog-Inventory.dc.html","owner_approved","not_drawn",""
"PUR-05-M390-phase_locked","PUR-05","التكلفة والهامش","PUR","M","390","phase_locked","مرحلة غير مفعّلة","مشروط","C-TABLE C-PHASE C-NOTICE","05-D2-Catalog-Inventory.dc.html","owner_approved","not_drawn",""
"PUR-05-D1366-ready","PUR-05","التكلفة والهامش","PUR","D","1366","ready","جاهز","مشروط","C-TABLE C-PHASE C-NOTICE","05-D2-Catalog-Inventory.dc.html","owner_approved","not_drawn",""
"PUR-05-D1366-empty","PUR-05","التكلفة والهامش","PUR","D","1366","empty","فارغ","مشروط","C-TABLE C-PHASE C-NOTICE","05-D2-Catalog-Inventory.dc.html","owner_approved","not_drawn",""
"PUR-05-D1366-permission_denied","PUR-05","التكلفة والهامش","PUR","D","1366","permission_denied","صلاحية مرفوضة","مشروط","C-TABLE C-PHASE C-NOTICE","05-D2-Catalog-Inventory.dc.html","owner_approved","not_drawn",""
"PUR-05-D1366-phase_locked","PUR-05","التكلفة والهامش","PUR","D","1366","phase_locked","مرحلة غير مفعّلة","مشروط","C-TABLE C-PHASE C-NOTICE","05-D2-Catalog-Inventory.dc.html","owner_approved","not_drawn",""
"PUR-05-D1920-ready","PUR-05","التكلفة والهامش","PUR","D","1920","ready","جاهز","مشروط","C-TABLE C-PHASE C-NOTICE","05-D2-Catalog-Inventory.dc.html","owner_approved","drawn","32-D24-Purchasing-Growth.dc.html#PUR-05"
"PUR-05-D1920-empty","PUR-05","التكلفة والهامش","PUR","D","1920","empty","فارغ","مشروط","C-TABLE C-PHASE C-NOTICE","05-D2-Catalog-Inventory.dc.html","owner_approved","not_drawn",""
"PUR-05-D1920-permission_denied","PUR-05","التكلفة والهامش","PUR","D","1920","permission_denied","صلاحية مرفوضة","مشروط","C-TABLE C-PHASE C-NOTICE","05-D2-Catalog-Inventory.dc.html","owner_approved","not_drawn",""
"PUR-05-D1920-phase_locked","PUR-05","التكلفة والهامش","PUR","D","1920","phase_locked","مرحلة غير مفعّلة","مشروط","C-TABLE C-PHASE C-NOTICE","05-D2-Catalog-Inventory.dc.html","owner_approved","not_drawn",""
"SHIFT-01-W390-ready","SHIFT-01","فتح وردية","SHIFT","W","390","ready","جاهز","أساسي","C-MONEY C-FIELD C-SYNC","06-D2-Shifts-Access.dc.html","owner_approved","not_drawn",""
"SHIFT-01-W390-validation_error","SHIFT-01","فتح وردية","SHIFT","W","390","validation_error","خطأ تحقق","أساسي","C-MONEY C-FIELD C-SYNC","06-D2-Shifts-Access.dc.html","owner_approved","not_drawn",""
"SHIFT-01-W390-offline","SHIFT-01","فتح وردية","SHIFT","W","390","offline","بلا اتصال","أساسي","C-MONEY C-FIELD C-SYNC","06-D2-Shifts-Access.dc.html","owner_approved","not_drawn",""
"SHIFT-01-W390-saved_local","SHIFT-01","فتح وردية","SHIFT","W","390","saved_local","محفوظ محلياً","أساسي","C-MONEY C-FIELD C-SYNC","06-D2-Shifts-Access.dc.html","owner_approved","not_drawn",""
"SHIFT-01-W390-success","SHIFT-01","فتح وردية","SHIFT","W","390","success","نجاح","أساسي","C-MONEY C-FIELD C-SYNC","06-D2-Shifts-Access.dc.html","owner_approved","not_drawn",""
"SHIFT-01-W834-ready","SHIFT-01","فتح وردية","SHIFT","W","834","ready","جاهز","أساسي","C-MONEY C-FIELD C-SYNC","06-D2-Shifts-Access.dc.html","owner_approved","not_drawn",""
"SHIFT-01-W834-validation_error","SHIFT-01","فتح وردية","SHIFT","W","834","validation_error","خطأ تحقق","أساسي","C-MONEY C-FIELD C-SYNC","06-D2-Shifts-Access.dc.html","owner_approved","not_drawn",""
"SHIFT-01-W834-offline","SHIFT-01","فتح وردية","SHIFT","W","834","offline","بلا اتصال","أساسي","C-MONEY C-FIELD C-SYNC","06-D2-Shifts-Access.dc.html","owner_approved","not_drawn",""
"SHIFT-01-W834-saved_local","SHIFT-01","فتح وردية","SHIFT","W","834","saved_local","محفوظ محلياً","أساسي","C-MONEY C-FIELD C-SYNC","06-D2-Shifts-Access.dc.html","owner_approved","not_drawn",""
"SHIFT-01-W834-success","SHIFT-01","فتح وردية","SHIFT","W","834","success","نجاح","أساسي","C-MONEY C-FIELD C-SYNC","06-D2-Shifts-Access.dc.html","owner_approved","not_drawn",""
"SHIFT-01-W1440-ready","SHIFT-01","فتح وردية","SHIFT","W","1440","ready","جاهز","أساسي","C-MONEY C-FIELD C-SYNC","06-D2-Shifts-Access.dc.html","owner_approved","drawn","38-D30-Catalog-Shifts-Link-Growth.dc.html#SHIFT-01"
"SHIFT-01-W1440-validation_error","SHIFT-01","فتح وردية","SHIFT","W","1440","validation_error","خطأ تحقق","أساسي","C-MONEY C-FIELD C-SYNC","06-D2-Shifts-Access.dc.html","owner_approved","drawn","38-D30-Catalog-Shifts-Link-Growth.dc.html#SHIFT-01"
"SHIFT-01-W1440-offline","SHIFT-01","فتح وردية","SHIFT","W","1440","offline","بلا اتصال","أساسي","C-MONEY C-FIELD C-SYNC","06-D2-Shifts-Access.dc.html","owner_approved","drawn","06-D2-Shifts-Access.dc.html#SHIFT-01"
"SHIFT-01-W1440-saved_local","SHIFT-01","فتح وردية","SHIFT","W","1440","saved_local","محفوظ محلياً","أساسي","C-MONEY C-FIELD C-SYNC","06-D2-Shifts-Access.dc.html","owner_approved","drawn","38-D30-Catalog-Shifts-Link-Growth.dc.html#SHIFT-01"
"SHIFT-01-W1440-success","SHIFT-01","فتح وردية","SHIFT","W","1440","success","نجاح","أساسي","C-MONEY C-FIELD C-SYNC","06-D2-Shifts-Access.dc.html","owner_approved","drawn","38-D30-Catalog-Shifts-Link-Growth.dc.html#SHIFT-01"
"SHIFT-01-M390-ready","SHIFT-01","فتح وردية","SHIFT","M","390","ready","جاهز","أساسي","C-MONEY C-FIELD C-SYNC","06-D2-Shifts-Access.dc.html","owner_approved","not_drawn",""
"SHIFT-01-M390-validation_error","SHIFT-01","فتح وردية","SHIFT","M","390","validation_error","خطأ تحقق","أساسي","C-MONEY C-FIELD C-SYNC","06-D2-Shifts-Access.dc.html","owner_approved","not_drawn",""
"SHIFT-01-M390-offline","SHIFT-01","فتح وردية","SHIFT","M","390","offline","بلا اتصال","أساسي","C-MONEY C-FIELD C-SYNC","06-D2-Shifts-Access.dc.html","owner_approved","not_drawn",""
"SHIFT-01-M390-saved_local","SHIFT-01","فتح وردية","SHIFT","M","390","saved_local","محفوظ محلياً","أساسي","C-MONEY C-FIELD C-SYNC","06-D2-Shifts-Access.dc.html","owner_approved","not_drawn",""
"SHIFT-01-M390-success","SHIFT-01","فتح وردية","SHIFT","M","390","success","نجاح","أساسي","C-MONEY C-FIELD C-SYNC","06-D2-Shifts-Access.dc.html","owner_approved","not_drawn",""
"SHIFT-01-D1366-ready","SHIFT-01","فتح وردية","SHIFT","D","1366","ready","جاهز","أساسي","C-MONEY C-FIELD C-SYNC","06-D2-Shifts-Access.dc.html","owner_approved","not_drawn",""
"SHIFT-01-D1366-validation_error","SHIFT-01","فتح وردية","SHIFT","D","1366","validation_error","خطأ تحقق","أساسي","C-MONEY C-FIELD C-SYNC","06-D2-Shifts-Access.dc.html","owner_approved","not_drawn",""
"SHIFT-01-D1366-offline","SHIFT-01","فتح وردية","SHIFT","D","1366","offline","بلا اتصال","أساسي","C-MONEY C-FIELD C-SYNC","06-D2-Shifts-Access.dc.html","owner_approved","not_drawn",""
"SHIFT-01-D1366-saved_local","SHIFT-01","فتح وردية","SHIFT","D","1366","saved_local","محفوظ محلياً","أساسي","C-MONEY C-FIELD C-SYNC","06-D2-Shifts-Access.dc.html","owner_approved","not_drawn",""
"SHIFT-01-D1366-success","SHIFT-01","فتح وردية","SHIFT","D","1366","success","نجاح","أساسي","C-MONEY C-FIELD C-SYNC","06-D2-Shifts-Access.dc.html","owner_approved","not_drawn",""
"SHIFT-01-D1920-ready","SHIFT-01","فتح وردية","SHIFT","D","1920","ready","جاهز","أساسي","C-MONEY C-FIELD C-SYNC","06-D2-Shifts-Access.dc.html","owner_approved","not_drawn",""
"SHIFT-01-D1920-validation_error","SHIFT-01","فتح وردية","SHIFT","D","1920","validation_error","خطأ تحقق","أساسي","C-MONEY C-FIELD C-SYNC","06-D2-Shifts-Access.dc.html","owner_approved","not_drawn",""
"SHIFT-01-D1920-offline","SHIFT-01","فتح وردية","SHIFT","D","1920","offline","بلا اتصال","أساسي","C-MONEY C-FIELD C-SYNC","06-D2-Shifts-Access.dc.html","owner_approved","not_drawn",""
"SHIFT-01-D1920-saved_local","SHIFT-01","فتح وردية","SHIFT","D","1920","saved_local","محفوظ محلياً","أساسي","C-MONEY C-FIELD C-SYNC","06-D2-Shifts-Access.dc.html","owner_approved","not_drawn",""
"SHIFT-01-D1920-success","SHIFT-01","فتح وردية","SHIFT","D","1920","success","نجاح","أساسي","C-MONEY C-FIELD C-SYNC","06-D2-Shifts-Access.dc.html","owner_approved","not_drawn",""
"SHIFT-02-W390-ready","SHIFT-02","الوردية الحالية","SHIFT","W","390","ready","جاهز","أساسي","C-TABLE C-MONEY C-SYNC","06-D2-Shifts-Access.dc.html","owner_approved","not_drawn",""
"SHIFT-02-W390-loading","SHIFT-02","الوردية الحالية","SHIFT","W","390","loading","تحميل","أساسي","C-TABLE C-MONEY C-SYNC","06-D2-Shifts-Access.dc.html","owner_approved","not_drawn",""
"SHIFT-02-W390-offline","SHIFT-02","الوردية الحالية","SHIFT","W","390","offline","بلا اتصال","أساسي","C-TABLE C-MONEY C-SYNC","06-D2-Shifts-Access.dc.html","owner_approved","not_drawn",""
"SHIFT-02-W390-pending_sync","SHIFT-02","الوردية الحالية","SHIFT","W","390","pending_sync","معلّق المزامنة","أساسي","C-TABLE C-MONEY C-SYNC","06-D2-Shifts-Access.dc.html","owner_approved","not_drawn",""
"SHIFT-02-W390-stale","SHIFT-02","الوردية الحالية","SHIFT","W","390","stale","بيانات قديمة","أساسي","C-TABLE C-MONEY C-SYNC","06-D2-Shifts-Access.dc.html","owner_approved","not_drawn",""
"SHIFT-02-W834-ready","SHIFT-02","الوردية الحالية","SHIFT","W","834","ready","جاهز","أساسي","C-TABLE C-MONEY C-SYNC","06-D2-Shifts-Access.dc.html","owner_approved","not_drawn",""
"SHIFT-02-W834-loading","SHIFT-02","الوردية الحالية","SHIFT","W","834","loading","تحميل","أساسي","C-TABLE C-MONEY C-SYNC","06-D2-Shifts-Access.dc.html","owner_approved","not_drawn",""
"SHIFT-02-W834-offline","SHIFT-02","الوردية الحالية","SHIFT","W","834","offline","بلا اتصال","أساسي","C-TABLE C-MONEY C-SYNC","06-D2-Shifts-Access.dc.html","owner_approved","not_drawn",""
"SHIFT-02-W834-pending_sync","SHIFT-02","الوردية الحالية","SHIFT","W","834","pending_sync","معلّق المزامنة","أساسي","C-TABLE C-MONEY C-SYNC","06-D2-Shifts-Access.dc.html","owner_approved","not_drawn",""
"SHIFT-02-W834-stale","SHIFT-02","الوردية الحالية","SHIFT","W","834","stale","بيانات قديمة","أساسي","C-TABLE C-MONEY C-SYNC","06-D2-Shifts-Access.dc.html","owner_approved","not_drawn",""
"SHIFT-02-W1440-ready","SHIFT-02","الوردية الحالية","SHIFT","W","1440","ready","جاهز","أساسي","C-TABLE C-MONEY C-SYNC","06-D2-Shifts-Access.dc.html","owner_approved","drawn","38-D30-Catalog-Shifts-Link-Growth.dc.html#SHIFT-02"
"SHIFT-02-W1440-loading","SHIFT-02","الوردية الحالية","SHIFT","W","1440","loading","تحميل","أساسي","C-TABLE C-MONEY C-SYNC","06-D2-Shifts-Access.dc.html","owner_approved","drawn","38-D30-Catalog-Shifts-Link-Growth.dc.html#SHIFT-02"
"SHIFT-02-W1440-offline","SHIFT-02","الوردية الحالية","SHIFT","W","1440","offline","بلا اتصال","أساسي","C-TABLE C-MONEY C-SYNC","06-D2-Shifts-Access.dc.html","owner_approved","drawn","38-D30-Catalog-Shifts-Link-Growth.dc.html#SHIFT-02"
"SHIFT-02-W1440-pending_sync","SHIFT-02","الوردية الحالية","SHIFT","W","1440","pending_sync","معلّق المزامنة","أساسي","C-TABLE C-MONEY C-SYNC","06-D2-Shifts-Access.dc.html","owner_approved","drawn","06-D2-Shifts-Access.dc.html#SHIFT-02"
"SHIFT-02-W1440-stale","SHIFT-02","الوردية الحالية","SHIFT","W","1440","stale","بيانات قديمة","أساسي","C-TABLE C-MONEY C-SYNC","06-D2-Shifts-Access.dc.html","owner_approved","drawn","15-D10-Parties-Shifts-Org.dc.html#SHIFT-02"
"SHIFT-02-M390-ready","SHIFT-02","الوردية الحالية","SHIFT","M","390","ready","جاهز","أساسي","C-TABLE C-MONEY C-SYNC","06-D2-Shifts-Access.dc.html","owner_approved","not_drawn",""
"SHIFT-02-M390-loading","SHIFT-02","الوردية الحالية","SHIFT","M","390","loading","تحميل","أساسي","C-TABLE C-MONEY C-SYNC","06-D2-Shifts-Access.dc.html","owner_approved","not_drawn",""
"SHIFT-02-M390-offline","SHIFT-02","الوردية الحالية","SHIFT","M","390","offline","بلا اتصال","أساسي","C-TABLE C-MONEY C-SYNC","06-D2-Shifts-Access.dc.html","owner_approved","not_drawn",""
"SHIFT-02-M390-pending_sync","SHIFT-02","الوردية الحالية","SHIFT","M","390","pending_sync","معلّق المزامنة","أساسي","C-TABLE C-MONEY C-SYNC","06-D2-Shifts-Access.dc.html","owner_approved","not_drawn",""
"SHIFT-02-M390-stale","SHIFT-02","الوردية الحالية","SHIFT","M","390","stale","بيانات قديمة","أساسي","C-TABLE C-MONEY C-SYNC","06-D2-Shifts-Access.dc.html","owner_approved","not_drawn",""
"SHIFT-02-D1366-ready","SHIFT-02","الوردية الحالية","SHIFT","D","1366","ready","جاهز","أساسي","C-TABLE C-MONEY C-SYNC","06-D2-Shifts-Access.dc.html","owner_approved","not_drawn",""
"SHIFT-02-D1366-loading","SHIFT-02","الوردية الحالية","SHIFT","D","1366","loading","تحميل","أساسي","C-TABLE C-MONEY C-SYNC","06-D2-Shifts-Access.dc.html","owner_approved","not_drawn",""
"SHIFT-02-D1366-offline","SHIFT-02","الوردية الحالية","SHIFT","D","1366","offline","بلا اتصال","أساسي","C-TABLE C-MONEY C-SYNC","06-D2-Shifts-Access.dc.html","owner_approved","not_drawn",""
"SHIFT-02-D1366-pending_sync","SHIFT-02","الوردية الحالية","SHIFT","D","1366","pending_sync","معلّق المزامنة","أساسي","C-TABLE C-MONEY C-SYNC","06-D2-Shifts-Access.dc.html","owner_approved","not_drawn",""
"SHIFT-02-D1366-stale","SHIFT-02","الوردية الحالية","SHIFT","D","1366","stale","بيانات قديمة","أساسي","C-TABLE C-MONEY C-SYNC","06-D2-Shifts-Access.dc.html","owner_approved","not_drawn",""
"SHIFT-02-D1920-ready","SHIFT-02","الوردية الحالية","SHIFT","D","1920","ready","جاهز","أساسي","C-TABLE C-MONEY C-SYNC","06-D2-Shifts-Access.dc.html","owner_approved","not_drawn",""
"SHIFT-02-D1920-loading","SHIFT-02","الوردية الحالية","SHIFT","D","1920","loading","تحميل","أساسي","C-TABLE C-MONEY C-SYNC","06-D2-Shifts-Access.dc.html","owner_approved","not_drawn",""
"SHIFT-02-D1920-offline","SHIFT-02","الوردية الحالية","SHIFT","D","1920","offline","بلا اتصال","أساسي","C-TABLE C-MONEY C-SYNC","06-D2-Shifts-Access.dc.html","owner_approved","not_drawn",""
"SHIFT-02-D1920-pending_sync","SHIFT-02","الوردية الحالية","SHIFT","D","1920","pending_sync","معلّق المزامنة","أساسي","C-TABLE C-MONEY C-SYNC","06-D2-Shifts-Access.dc.html","owner_approved","not_drawn",""
"SHIFT-02-D1920-stale","SHIFT-02","الوردية الحالية","SHIFT","D","1920","stale","بيانات قديمة","أساسي","C-TABLE C-MONEY C-SYNC","06-D2-Shifts-Access.dc.html","owner_approved","not_drawn",""
"SHIFT-03-W390-ready","SHIFT-03","حركة صندوق وتسوية","SHIFT","W","390","ready","جاهز","أساسي","C-MONEY C-FIELD C-DIALOG","06-D2-Shifts-Access.dc.html","owner_approved","not_drawn",""
"SHIFT-03-W390-validation_error","SHIFT-03","حركة صندوق وتسوية","SHIFT","W","390","validation_error","خطأ تحقق","أساسي","C-MONEY C-FIELD C-DIALOG","06-D2-Shifts-Access.dc.html","owner_approved","not_drawn",""
"SHIFT-03-W390-permission_denied","SHIFT-03","حركة صندوق وتسوية","SHIFT","W","390","permission_denied","صلاحية مرفوضة","أساسي","C-MONEY C-FIELD C-DIALOG","06-D2-Shifts-Access.dc.html","owner_approved","not_drawn",""
"SHIFT-03-W390-success","SHIFT-03","حركة صندوق وتسوية","SHIFT","W","390","success","نجاح","أساسي","C-MONEY C-FIELD C-DIALOG","06-D2-Shifts-Access.dc.html","owner_approved","not_drawn",""
"SHIFT-03-W834-ready","SHIFT-03","حركة صندوق وتسوية","SHIFT","W","834","ready","جاهز","أساسي","C-MONEY C-FIELD C-DIALOG","06-D2-Shifts-Access.dc.html","owner_approved","not_drawn",""
"SHIFT-03-W834-validation_error","SHIFT-03","حركة صندوق وتسوية","SHIFT","W","834","validation_error","خطأ تحقق","أساسي","C-MONEY C-FIELD C-DIALOG","06-D2-Shifts-Access.dc.html","owner_approved","not_drawn",""
"SHIFT-03-W834-permission_denied","SHIFT-03","حركة صندوق وتسوية","SHIFT","W","834","permission_denied","صلاحية مرفوضة","أساسي","C-MONEY C-FIELD C-DIALOG","06-D2-Shifts-Access.dc.html","owner_approved","not_drawn",""
"SHIFT-03-W834-success","SHIFT-03","حركة صندوق وتسوية","SHIFT","W","834","success","نجاح","أساسي","C-MONEY C-FIELD C-DIALOG","06-D2-Shifts-Access.dc.html","owner_approved","not_drawn",""
"SHIFT-03-W1440-ready","SHIFT-03","حركة صندوق وتسوية","SHIFT","W","1440","ready","جاهز","أساسي","C-MONEY C-FIELD C-DIALOG","06-D2-Shifts-Access.dc.html","owner_approved","drawn","31-D23-Catalog-Home-Shift.dc.html#SHIFT-03"
"SHIFT-03-W1440-validation_error","SHIFT-03","حركة صندوق وتسوية","SHIFT","W","1440","validation_error","خطأ تحقق","أساسي","C-MONEY C-FIELD C-DIALOG","06-D2-Shifts-Access.dc.html","owner_approved","drawn","31-D23-Catalog-Home-Shift.dc.html#SHIFT-03"
"SHIFT-03-W1440-permission_denied","SHIFT-03","حركة صندوق وتسوية","SHIFT","W","1440","permission_denied","صلاحية مرفوضة","أساسي","C-MONEY C-FIELD C-DIALOG","06-D2-Shifts-Access.dc.html","owner_approved","drawn","31-D23-Catalog-Home-Shift.dc.html#SHIFT-03"
"SHIFT-03-W1440-success","SHIFT-03","حركة صندوق وتسوية","SHIFT","W","1440","success","نجاح","أساسي","C-MONEY C-FIELD C-DIALOG","06-D2-Shifts-Access.dc.html","owner_approved","drawn","31-D23-Catalog-Home-Shift.dc.html#SHIFT-03"
"SHIFT-03-M390-ready","SHIFT-03","حركة صندوق وتسوية","SHIFT","M","390","ready","جاهز","أساسي","C-MONEY C-FIELD C-DIALOG","06-D2-Shifts-Access.dc.html","owner_approved","drawn","31-D23-Catalog-Home-Shift.dc.html#SHIFT-03"
"SHIFT-03-M390-validation_error","SHIFT-03","حركة صندوق وتسوية","SHIFT","M","390","validation_error","خطأ تحقق","أساسي","C-MONEY C-FIELD C-DIALOG","06-D2-Shifts-Access.dc.html","owner_approved","not_drawn",""
"SHIFT-03-M390-permission_denied","SHIFT-03","حركة صندوق وتسوية","SHIFT","M","390","permission_denied","صلاحية مرفوضة","أساسي","C-MONEY C-FIELD C-DIALOG","06-D2-Shifts-Access.dc.html","owner_approved","not_drawn",""
"SHIFT-03-M390-success","SHIFT-03","حركة صندوق وتسوية","SHIFT","M","390","success","نجاح","أساسي","C-MONEY C-FIELD C-DIALOG","06-D2-Shifts-Access.dc.html","owner_approved","not_drawn",""
"SHIFT-03-D1366-ready","SHIFT-03","حركة صندوق وتسوية","SHIFT","D","1366","ready","جاهز","أساسي","C-MONEY C-FIELD C-DIALOG","06-D2-Shifts-Access.dc.html","owner_approved","not_drawn",""
"SHIFT-03-D1366-validation_error","SHIFT-03","حركة صندوق وتسوية","SHIFT","D","1366","validation_error","خطأ تحقق","أساسي","C-MONEY C-FIELD C-DIALOG","06-D2-Shifts-Access.dc.html","owner_approved","not_drawn",""
"SHIFT-03-D1366-permission_denied","SHIFT-03","حركة صندوق وتسوية","SHIFT","D","1366","permission_denied","صلاحية مرفوضة","أساسي","C-MONEY C-FIELD C-DIALOG","06-D2-Shifts-Access.dc.html","owner_approved","not_drawn",""
"SHIFT-03-D1366-success","SHIFT-03","حركة صندوق وتسوية","SHIFT","D","1366","success","نجاح","أساسي","C-MONEY C-FIELD C-DIALOG","06-D2-Shifts-Access.dc.html","owner_approved","not_drawn",""
"SHIFT-03-D1920-ready","SHIFT-03","حركة صندوق وتسوية","SHIFT","D","1920","ready","جاهز","أساسي","C-MONEY C-FIELD C-DIALOG","06-D2-Shifts-Access.dc.html","owner_approved","drawn","31-D23-Catalog-Home-Shift.dc.html#SHIFT-03"
"SHIFT-03-D1920-validation_error","SHIFT-03","حركة صندوق وتسوية","SHIFT","D","1920","validation_error","خطأ تحقق","أساسي","C-MONEY C-FIELD C-DIALOG","06-D2-Shifts-Access.dc.html","owner_approved","not_drawn",""
"SHIFT-03-D1920-permission_denied","SHIFT-03","حركة صندوق وتسوية","SHIFT","D","1920","permission_denied","صلاحية مرفوضة","أساسي","C-MONEY C-FIELD C-DIALOG","06-D2-Shifts-Access.dc.html","owner_approved","not_drawn",""
"SHIFT-03-D1920-success","SHIFT-03","حركة صندوق وتسوية","SHIFT","D","1920","success","نجاح","أساسي","C-MONEY C-FIELD C-DIALOG","06-D2-Shifts-Access.dc.html","owner_approved","not_drawn",""
"SHIFT-04-W390-ready","SHIFT-04","إغلاق وعد صندوق","SHIFT","W","390","ready","جاهز","أساسي","C-MONEY C-DOCPRV C-NOTICE","06-D2-Shifts-Access.dc.html","owner_approved","not_drawn",""
"SHIFT-04-W390-validation_error","SHIFT-04","إغلاق وعد صندوق","SHIFT","W","390","validation_error","خطأ تحقق","أساسي","C-MONEY C-DOCPRV C-NOTICE","06-D2-Shifts-Access.dc.html","owner_approved","not_drawn",""
"SHIFT-04-W390-partial","SHIFT-04","إغلاق وعد صندوق","SHIFT","W","390","partial","جزئي","أساسي","C-MONEY C-DOCPRV C-NOTICE","06-D2-Shifts-Access.dc.html","owner_approved","not_drawn",""
"SHIFT-04-W390-saved_local","SHIFT-04","إغلاق وعد صندوق","SHIFT","W","390","saved_local","محفوظ محلياً","أساسي","C-MONEY C-DOCPRV C-NOTICE","06-D2-Shifts-Access.dc.html","owner_approved","not_drawn",""
"SHIFT-04-W390-success","SHIFT-04","إغلاق وعد صندوق","SHIFT","W","390","success","نجاح","أساسي","C-MONEY C-DOCPRV C-NOTICE","06-D2-Shifts-Access.dc.html","owner_approved","not_drawn",""
"SHIFT-04-W834-ready","SHIFT-04","إغلاق وعد صندوق","SHIFT","W","834","ready","جاهز","أساسي","C-MONEY C-DOCPRV C-NOTICE","06-D2-Shifts-Access.dc.html","owner_approved","not_drawn",""
"SHIFT-04-W834-validation_error","SHIFT-04","إغلاق وعد صندوق","SHIFT","W","834","validation_error","خطأ تحقق","أساسي","C-MONEY C-DOCPRV C-NOTICE","06-D2-Shifts-Access.dc.html","owner_approved","not_drawn",""
"SHIFT-04-W834-partial","SHIFT-04","إغلاق وعد صندوق","SHIFT","W","834","partial","جزئي","أساسي","C-MONEY C-DOCPRV C-NOTICE","06-D2-Shifts-Access.dc.html","owner_approved","not_drawn",""
"SHIFT-04-W834-saved_local","SHIFT-04","إغلاق وعد صندوق","SHIFT","W","834","saved_local","محفوظ محلياً","أساسي","C-MONEY C-DOCPRV C-NOTICE","06-D2-Shifts-Access.dc.html","owner_approved","not_drawn",""
"SHIFT-04-W834-success","SHIFT-04","إغلاق وعد صندوق","SHIFT","W","834","success","نجاح","أساسي","C-MONEY C-DOCPRV C-NOTICE","06-D2-Shifts-Access.dc.html","owner_approved","not_drawn",""
"SHIFT-04-W1440-ready","SHIFT-04","إغلاق وعد صندوق","SHIFT","W","1440","ready","جاهز","أساسي","C-MONEY C-DOCPRV C-NOTICE","06-D2-Shifts-Access.dc.html","owner_approved","drawn","33-D25-Failure-Payment-Closure.dc.html#SHIFT-04"
"SHIFT-04-W1440-validation_error","SHIFT-04","إغلاق وعد صندوق","SHIFT","W","1440","validation_error","خطأ تحقق","أساسي","C-MONEY C-DOCPRV C-NOTICE","06-D2-Shifts-Access.dc.html","owner_approved","drawn","33-D25-Failure-Payment-Closure.dc.html#SHIFT-04"
"SHIFT-04-W1440-partial","SHIFT-04","إغلاق وعد صندوق","SHIFT","W","1440","partial","جزئي","أساسي","C-MONEY C-DOCPRV C-NOTICE","06-D2-Shifts-Access.dc.html","owner_approved","drawn","33-D25-Failure-Payment-Closure.dc.html#SHIFT-04"
"SHIFT-04-W1440-saved_local","SHIFT-04","إغلاق وعد صندوق","SHIFT","W","1440","saved_local","محفوظ محلياً","أساسي","C-MONEY C-DOCPRV C-NOTICE","06-D2-Shifts-Access.dc.html","owner_approved","drawn","33-D25-Failure-Payment-Closure.dc.html#SHIFT-04"
"SHIFT-04-W1440-success","SHIFT-04","إغلاق وعد صندوق","SHIFT","W","1440","success","نجاح","أساسي","C-MONEY C-DOCPRV C-NOTICE","06-D2-Shifts-Access.dc.html","owner_approved","drawn","33-D25-Failure-Payment-Closure.dc.html#SHIFT-04"
"SHIFT-04-M390-ready","SHIFT-04","إغلاق وعد صندوق","SHIFT","M","390","ready","جاهز","أساسي","C-MONEY C-DOCPRV C-NOTICE","06-D2-Shifts-Access.dc.html","owner_approved","drawn","33-D25-Failure-Payment-Closure.dc.html#SHIFT-04"
"SHIFT-04-M390-validation_error","SHIFT-04","إغلاق وعد صندوق","SHIFT","M","390","validation_error","خطأ تحقق","أساسي","C-MONEY C-DOCPRV C-NOTICE","06-D2-Shifts-Access.dc.html","owner_approved","not_drawn",""
"SHIFT-04-M390-partial","SHIFT-04","إغلاق وعد صندوق","SHIFT","M","390","partial","جزئي","أساسي","C-MONEY C-DOCPRV C-NOTICE","06-D2-Shifts-Access.dc.html","owner_approved","not_drawn",""
"SHIFT-04-M390-saved_local","SHIFT-04","إغلاق وعد صندوق","SHIFT","M","390","saved_local","محفوظ محلياً","أساسي","C-MONEY C-DOCPRV C-NOTICE","06-D2-Shifts-Access.dc.html","owner_approved","not_drawn",""
"SHIFT-04-M390-success","SHIFT-04","إغلاق وعد صندوق","SHIFT","M","390","success","نجاح","أساسي","C-MONEY C-DOCPRV C-NOTICE","06-D2-Shifts-Access.dc.html","owner_approved","not_drawn",""
"SHIFT-04-D1366-ready","SHIFT-04","إغلاق وعد صندوق","SHIFT","D","1366","ready","جاهز","أساسي","C-MONEY C-DOCPRV C-NOTICE","06-D2-Shifts-Access.dc.html","owner_approved","not_drawn",""
"SHIFT-04-D1366-validation_error","SHIFT-04","إغلاق وعد صندوق","SHIFT","D","1366","validation_error","خطأ تحقق","أساسي","C-MONEY C-DOCPRV C-NOTICE","06-D2-Shifts-Access.dc.html","owner_approved","not_drawn",""
"SHIFT-04-D1366-partial","SHIFT-04","إغلاق وعد صندوق","SHIFT","D","1366","partial","جزئي","أساسي","C-MONEY C-DOCPRV C-NOTICE","06-D2-Shifts-Access.dc.html","owner_approved","not_drawn",""
"SHIFT-04-D1366-saved_local","SHIFT-04","إغلاق وعد صندوق","SHIFT","D","1366","saved_local","محفوظ محلياً","أساسي","C-MONEY C-DOCPRV C-NOTICE","06-D2-Shifts-Access.dc.html","owner_approved","not_drawn",""
"SHIFT-04-D1366-success","SHIFT-04","إغلاق وعد صندوق","SHIFT","D","1366","success","نجاح","أساسي","C-MONEY C-DOCPRV C-NOTICE","06-D2-Shifts-Access.dc.html","owner_approved","not_drawn",""
"SHIFT-04-D1920-ready","SHIFT-04","إغلاق وعد صندوق","SHIFT","D","1920","ready","جاهز","أساسي","C-MONEY C-DOCPRV C-NOTICE","06-D2-Shifts-Access.dc.html","owner_approved","drawn","33-D25-Failure-Payment-Closure.dc.html#SHIFT-04"
"SHIFT-04-D1920-validation_error","SHIFT-04","إغلاق وعد صندوق","SHIFT","D","1920","validation_error","خطأ تحقق","أساسي","C-MONEY C-DOCPRV C-NOTICE","06-D2-Shifts-Access.dc.html","owner_approved","not_drawn",""
"SHIFT-04-D1920-partial","SHIFT-04","إغلاق وعد صندوق","SHIFT","D","1920","partial","جزئي","أساسي","C-MONEY C-DOCPRV C-NOTICE","06-D2-Shifts-Access.dc.html","owner_approved","not_drawn",""
"SHIFT-04-D1920-saved_local","SHIFT-04","إغلاق وعد صندوق","SHIFT","D","1920","saved_local","محفوظ محلياً","أساسي","C-MONEY C-DOCPRV C-NOTICE","06-D2-Shifts-Access.dc.html","owner_approved","not_drawn",""
"SHIFT-04-D1920-success","SHIFT-04","إغلاق وعد صندوق","SHIFT","D","1920","success","نجاح","أساسي","C-MONEY C-DOCPRV C-NOTICE","06-D2-Shifts-Access.dc.html","owner_approved","not_drawn",""
"SHIFT-05-W390-ready","SHIFT-05","مراجعة فروق وعمليات متأخرة","SHIFT","W","390","ready","جاهز","أساسي","C-TABLE C-STATUS C-NOTICE","06-D2-Shifts-Access.dc.html","owner_approved","not_drawn",""
"SHIFT-05-W390-empty","SHIFT-05","مراجعة فروق وعمليات متأخرة","SHIFT","W","390","empty","فارغ","أساسي","C-TABLE C-STATUS C-NOTICE","06-D2-Shifts-Access.dc.html","owner_approved","not_drawn",""
"SHIFT-05-W390-conflict","SHIFT-05","مراجعة فروق وعمليات متأخرة","SHIFT","W","390","conflict","تعارض","أساسي","C-TABLE C-STATUS C-NOTICE","06-D2-Shifts-Access.dc.html","owner_approved","not_drawn",""
"SHIFT-05-W390-permission_denied","SHIFT-05","مراجعة فروق وعمليات متأخرة","SHIFT","W","390","permission_denied","صلاحية مرفوضة","أساسي","C-TABLE C-STATUS C-NOTICE","06-D2-Shifts-Access.dc.html","owner_approved","not_drawn",""
"SHIFT-05-W390-stale","SHIFT-05","مراجعة فروق وعمليات متأخرة","SHIFT","W","390","stale","بيانات قديمة","أساسي","C-TABLE C-STATUS C-NOTICE","06-D2-Shifts-Access.dc.html","owner_approved","not_drawn",""
"SHIFT-05-W834-ready","SHIFT-05","مراجعة فروق وعمليات متأخرة","SHIFT","W","834","ready","جاهز","أساسي","C-TABLE C-STATUS C-NOTICE","06-D2-Shifts-Access.dc.html","owner_approved","not_drawn",""
"SHIFT-05-W834-empty","SHIFT-05","مراجعة فروق وعمليات متأخرة","SHIFT","W","834","empty","فارغ","أساسي","C-TABLE C-STATUS C-NOTICE","06-D2-Shifts-Access.dc.html","owner_approved","not_drawn",""
"SHIFT-05-W834-conflict","SHIFT-05","مراجعة فروق وعمليات متأخرة","SHIFT","W","834","conflict","تعارض","أساسي","C-TABLE C-STATUS C-NOTICE","06-D2-Shifts-Access.dc.html","owner_approved","not_drawn",""
"SHIFT-05-W834-permission_denied","SHIFT-05","مراجعة فروق وعمليات متأخرة","SHIFT","W","834","permission_denied","صلاحية مرفوضة","أساسي","C-TABLE C-STATUS C-NOTICE","06-D2-Shifts-Access.dc.html","owner_approved","not_drawn",""
"SHIFT-05-W834-stale","SHIFT-05","مراجعة فروق وعمليات متأخرة","SHIFT","W","834","stale","بيانات قديمة","أساسي","C-TABLE C-STATUS C-NOTICE","06-D2-Shifts-Access.dc.html","owner_approved","not_drawn",""
"SHIFT-05-W1440-ready","SHIFT-05","مراجعة فروق وعمليات متأخرة","SHIFT","W","1440","ready","جاهز","أساسي","C-TABLE C-STATUS C-NOTICE","06-D2-Shifts-Access.dc.html","owner_approved","drawn","38-D30-Catalog-Shifts-Link-Growth.dc.html#SHIFT-05"
"SHIFT-05-W1440-empty","SHIFT-05","مراجعة فروق وعمليات متأخرة","SHIFT","W","1440","empty","فارغ","أساسي","C-TABLE C-STATUS C-NOTICE","06-D2-Shifts-Access.dc.html","owner_approved","drawn","38-D30-Catalog-Shifts-Link-Growth.dc.html#SHIFT-05"
"SHIFT-05-W1440-conflict","SHIFT-05","مراجعة فروق وعمليات متأخرة","SHIFT","W","1440","conflict","تعارض","أساسي","C-TABLE C-STATUS C-NOTICE","06-D2-Shifts-Access.dc.html","owner_approved","drawn","06-D2-Shifts-Access.dc.html#SHIFT-05"
"SHIFT-05-W1440-permission_denied","SHIFT-05","مراجعة فروق وعمليات متأخرة","SHIFT","W","1440","permission_denied","صلاحية مرفوضة","أساسي","C-TABLE C-STATUS C-NOTICE","06-D2-Shifts-Access.dc.html","owner_approved","drawn","38-D30-Catalog-Shifts-Link-Growth.dc.html#SHIFT-05"
"SHIFT-05-W1440-stale","SHIFT-05","مراجعة فروق وعمليات متأخرة","SHIFT","W","1440","stale","بيانات قديمة","أساسي","C-TABLE C-STATUS C-NOTICE","06-D2-Shifts-Access.dc.html","owner_approved","drawn","38-D30-Catalog-Shifts-Link-Growth.dc.html#SHIFT-05"
"SHIFT-05-M390-ready","SHIFT-05","مراجعة فروق وعمليات متأخرة","SHIFT","M","390","ready","جاهز","أساسي","C-TABLE C-STATUS C-NOTICE","06-D2-Shifts-Access.dc.html","owner_approved","not_drawn",""
"SHIFT-05-M390-empty","SHIFT-05","مراجعة فروق وعمليات متأخرة","SHIFT","M","390","empty","فارغ","أساسي","C-TABLE C-STATUS C-NOTICE","06-D2-Shifts-Access.dc.html","owner_approved","not_drawn",""
"SHIFT-05-M390-conflict","SHIFT-05","مراجعة فروق وعمليات متأخرة","SHIFT","M","390","conflict","تعارض","أساسي","C-TABLE C-STATUS C-NOTICE","06-D2-Shifts-Access.dc.html","owner_approved","not_drawn",""
"SHIFT-05-M390-permission_denied","SHIFT-05","مراجعة فروق وعمليات متأخرة","SHIFT","M","390","permission_denied","صلاحية مرفوضة","أساسي","C-TABLE C-STATUS C-NOTICE","06-D2-Shifts-Access.dc.html","owner_approved","not_drawn",""
"SHIFT-05-M390-stale","SHIFT-05","مراجعة فروق وعمليات متأخرة","SHIFT","M","390","stale","بيانات قديمة","أساسي","C-TABLE C-STATUS C-NOTICE","06-D2-Shifts-Access.dc.html","owner_approved","not_drawn",""
"SHIFT-05-D1366-ready","SHIFT-05","مراجعة فروق وعمليات متأخرة","SHIFT","D","1366","ready","جاهز","أساسي","C-TABLE C-STATUS C-NOTICE","06-D2-Shifts-Access.dc.html","owner_approved","not_drawn",""
"SHIFT-05-D1366-empty","SHIFT-05","مراجعة فروق وعمليات متأخرة","SHIFT","D","1366","empty","فارغ","أساسي","C-TABLE C-STATUS C-NOTICE","06-D2-Shifts-Access.dc.html","owner_approved","not_drawn",""
"SHIFT-05-D1366-conflict","SHIFT-05","مراجعة فروق وعمليات متأخرة","SHIFT","D","1366","conflict","تعارض","أساسي","C-TABLE C-STATUS C-NOTICE","06-D2-Shifts-Access.dc.html","owner_approved","not_drawn",""
"SHIFT-05-D1366-permission_denied","SHIFT-05","مراجعة فروق وعمليات متأخرة","SHIFT","D","1366","permission_denied","صلاحية مرفوضة","أساسي","C-TABLE C-STATUS C-NOTICE","06-D2-Shifts-Access.dc.html","owner_approved","not_drawn",""
"SHIFT-05-D1366-stale","SHIFT-05","مراجعة فروق وعمليات متأخرة","SHIFT","D","1366","stale","بيانات قديمة","أساسي","C-TABLE C-STATUS C-NOTICE","06-D2-Shifts-Access.dc.html","owner_approved","not_drawn",""
"SHIFT-05-D1920-ready","SHIFT-05","مراجعة فروق وعمليات متأخرة","SHIFT","D","1920","ready","جاهز","أساسي","C-TABLE C-STATUS C-NOTICE","06-D2-Shifts-Access.dc.html","owner_approved","not_drawn",""
"SHIFT-05-D1920-empty","SHIFT-05","مراجعة فروق وعمليات متأخرة","SHIFT","D","1920","empty","فارغ","أساسي","C-TABLE C-STATUS C-NOTICE","06-D2-Shifts-Access.dc.html","owner_approved","not_drawn",""
"SHIFT-05-D1920-conflict","SHIFT-05","مراجعة فروق وعمليات متأخرة","SHIFT","D","1920","conflict","تعارض","أساسي","C-TABLE C-STATUS C-NOTICE","06-D2-Shifts-Access.dc.html","owner_approved","not_drawn",""
"SHIFT-05-D1920-permission_denied","SHIFT-05","مراجعة فروق وعمليات متأخرة","SHIFT","D","1920","permission_denied","صلاحية مرفوضة","أساسي","C-TABLE C-STATUS C-NOTICE","06-D2-Shifts-Access.dc.html","owner_approved","not_drawn",""
"SHIFT-05-D1920-stale","SHIFT-05","مراجعة فروق وعمليات متأخرة","SHIFT","D","1920","stale","بيانات قديمة","أساسي","C-TABLE C-STATUS C-NOTICE","06-D2-Shifts-Access.dc.html","owner_approved","not_drawn",""
"ORG-01-W390-ready","ORG-01","المستخدمون والدعوات","ORG","W","390","ready","جاهز","أساسي","C-TABLE C-STATUS C-DIALOG","07-D3-Admin-Reports-Sync.dc.html","owner_approved","not_drawn",""
"ORG-01-W390-loading","ORG-01","المستخدمون والدعوات","ORG","W","390","loading","تحميل","أساسي","C-TABLE C-STATUS C-DIALOG","07-D3-Admin-Reports-Sync.dc.html","owner_approved","not_drawn",""
"ORG-01-W390-empty","ORG-01","المستخدمون والدعوات","ORG","W","390","empty","فارغ","أساسي","C-TABLE C-STATUS C-DIALOG","07-D3-Admin-Reports-Sync.dc.html","owner_approved","not_drawn",""
"ORG-01-W390-validation_error","ORG-01","المستخدمون والدعوات","ORG","W","390","validation_error","خطأ تحقق","أساسي","C-TABLE C-STATUS C-DIALOG","07-D3-Admin-Reports-Sync.dc.html","owner_approved","not_drawn",""
"ORG-01-W390-expired","ORG-01","المستخدمون والدعوات","ORG","W","390","expired","منتهي الصلاحية","أساسي","C-TABLE C-STATUS C-DIALOG","07-D3-Admin-Reports-Sync.dc.html","owner_approved","not_drawn",""
"ORG-01-W390-success","ORG-01","المستخدمون والدعوات","ORG","W","390","success","نجاح","أساسي","C-TABLE C-STATUS C-DIALOG","07-D3-Admin-Reports-Sync.dc.html","owner_approved","not_drawn",""
"ORG-01-W834-ready","ORG-01","المستخدمون والدعوات","ORG","W","834","ready","جاهز","أساسي","C-TABLE C-STATUS C-DIALOG","07-D3-Admin-Reports-Sync.dc.html","owner_approved","not_drawn",""
"ORG-01-W834-loading","ORG-01","المستخدمون والدعوات","ORG","W","834","loading","تحميل","أساسي","C-TABLE C-STATUS C-DIALOG","07-D3-Admin-Reports-Sync.dc.html","owner_approved","not_drawn",""
"ORG-01-W834-empty","ORG-01","المستخدمون والدعوات","ORG","W","834","empty","فارغ","أساسي","C-TABLE C-STATUS C-DIALOG","07-D3-Admin-Reports-Sync.dc.html","owner_approved","not_drawn",""
"ORG-01-W834-validation_error","ORG-01","المستخدمون والدعوات","ORG","W","834","validation_error","خطأ تحقق","أساسي","C-TABLE C-STATUS C-DIALOG","07-D3-Admin-Reports-Sync.dc.html","owner_approved","not_drawn",""
"ORG-01-W834-expired","ORG-01","المستخدمون والدعوات","ORG","W","834","expired","منتهي الصلاحية","أساسي","C-TABLE C-STATUS C-DIALOG","07-D3-Admin-Reports-Sync.dc.html","owner_approved","not_drawn",""
"ORG-01-W834-success","ORG-01","المستخدمون والدعوات","ORG","W","834","success","نجاح","أساسي","C-TABLE C-STATUS C-DIALOG","07-D3-Admin-Reports-Sync.dc.html","owner_approved","not_drawn",""
"ORG-01-W1440-ready","ORG-01","المستخدمون والدعوات","ORG","W","1440","ready","جاهز","أساسي","C-TABLE C-STATUS C-DIALOG","07-D3-Admin-Reports-Sync.dc.html","owner_approved","drawn","27-D20-Org-Orders-Complete.dc.html#ORG-01"
"ORG-01-W1440-loading","ORG-01","المستخدمون والدعوات","ORG","W","1440","loading","تحميل","أساسي","C-TABLE C-STATUS C-DIALOG","07-D3-Admin-Reports-Sync.dc.html","owner_approved","drawn","39-D31-Org-Platform.dc.html#ORG-01"
"ORG-01-W1440-empty","ORG-01","المستخدمون والدعوات","ORG","W","1440","empty","فارغ","أساسي","C-TABLE C-STATUS C-DIALOG","07-D3-Admin-Reports-Sync.dc.html","owner_approved","drawn","39-D31-Org-Platform.dc.html#ORG-01"
"ORG-01-W1440-validation_error","ORG-01","المستخدمون والدعوات","ORG","W","1440","validation_error","خطأ تحقق","أساسي","C-TABLE C-STATUS C-DIALOG","07-D3-Admin-Reports-Sync.dc.html","owner_approved","drawn","39-D31-Org-Platform.dc.html#ORG-01"
"ORG-01-W1440-expired","ORG-01","المستخدمون والدعوات","ORG","W","1440","expired","منتهي الصلاحية","أساسي","C-TABLE C-STATUS C-DIALOG","07-D3-Admin-Reports-Sync.dc.html","owner_approved","drawn","20-D15-Org-Access-Closure.dc.html#ORG-01"
"ORG-01-W1440-success","ORG-01","المستخدمون والدعوات","ORG","W","1440","success","نجاح","أساسي","C-TABLE C-STATUS C-DIALOG","07-D3-Admin-Reports-Sync.dc.html","owner_approved","drawn","39-D31-Org-Platform.dc.html#ORG-01"
"ORG-01-M390-ready","ORG-01","المستخدمون والدعوات","ORG","M","390","ready","جاهز","أساسي","C-TABLE C-STATUS C-DIALOG","07-D3-Admin-Reports-Sync.dc.html","owner_approved","not_drawn",""
"ORG-01-M390-loading","ORG-01","المستخدمون والدعوات","ORG","M","390","loading","تحميل","أساسي","C-TABLE C-STATUS C-DIALOG","07-D3-Admin-Reports-Sync.dc.html","owner_approved","not_drawn",""
"ORG-01-M390-empty","ORG-01","المستخدمون والدعوات","ORG","M","390","empty","فارغ","أساسي","C-TABLE C-STATUS C-DIALOG","07-D3-Admin-Reports-Sync.dc.html","owner_approved","not_drawn",""
"ORG-01-M390-validation_error","ORG-01","المستخدمون والدعوات","ORG","M","390","validation_error","خطأ تحقق","أساسي","C-TABLE C-STATUS C-DIALOG","07-D3-Admin-Reports-Sync.dc.html","owner_approved","not_drawn",""
"ORG-01-M390-expired","ORG-01","المستخدمون والدعوات","ORG","M","390","expired","منتهي الصلاحية","أساسي","C-TABLE C-STATUS C-DIALOG","07-D3-Admin-Reports-Sync.dc.html","owner_approved","not_drawn",""
"ORG-01-M390-success","ORG-01","المستخدمون والدعوات","ORG","M","390","success","نجاح","أساسي","C-TABLE C-STATUS C-DIALOG","07-D3-Admin-Reports-Sync.dc.html","owner_approved","not_drawn",""
"ORG-01-D1366-ready","ORG-01","المستخدمون والدعوات","ORG","D","1366","ready","جاهز","أساسي","C-TABLE C-STATUS C-DIALOG","07-D3-Admin-Reports-Sync.dc.html","owner_approved","not_drawn",""
"ORG-01-D1366-loading","ORG-01","المستخدمون والدعوات","ORG","D","1366","loading","تحميل","أساسي","C-TABLE C-STATUS C-DIALOG","07-D3-Admin-Reports-Sync.dc.html","owner_approved","not_drawn",""
"ORG-01-D1366-empty","ORG-01","المستخدمون والدعوات","ORG","D","1366","empty","فارغ","أساسي","C-TABLE C-STATUS C-DIALOG","07-D3-Admin-Reports-Sync.dc.html","owner_approved","not_drawn",""
"ORG-01-D1366-validation_error","ORG-01","المستخدمون والدعوات","ORG","D","1366","validation_error","خطأ تحقق","أساسي","C-TABLE C-STATUS C-DIALOG","07-D3-Admin-Reports-Sync.dc.html","owner_approved","not_drawn",""
"ORG-01-D1366-expired","ORG-01","المستخدمون والدعوات","ORG","D","1366","expired","منتهي الصلاحية","أساسي","C-TABLE C-STATUS C-DIALOG","07-D3-Admin-Reports-Sync.dc.html","owner_approved","not_drawn",""
"ORG-01-D1366-success","ORG-01","المستخدمون والدعوات","ORG","D","1366","success","نجاح","أساسي","C-TABLE C-STATUS C-DIALOG","07-D3-Admin-Reports-Sync.dc.html","owner_approved","not_drawn",""
"ORG-01-D1920-ready","ORG-01","المستخدمون والدعوات","ORG","D","1920","ready","جاهز","أساسي","C-TABLE C-STATUS C-DIALOG","07-D3-Admin-Reports-Sync.dc.html","owner_approved","not_drawn",""
"ORG-01-D1920-loading","ORG-01","المستخدمون والدعوات","ORG","D","1920","loading","تحميل","أساسي","C-TABLE C-STATUS C-DIALOG","07-D3-Admin-Reports-Sync.dc.html","owner_approved","not_drawn",""
"ORG-01-D1920-empty","ORG-01","المستخدمون والدعوات","ORG","D","1920","empty","فارغ","أساسي","C-TABLE C-STATUS C-DIALOG","07-D3-Admin-Reports-Sync.dc.html","owner_approved","not_drawn",""
"ORG-01-D1920-validation_error","ORG-01","المستخدمون والدعوات","ORG","D","1920","validation_error","خطأ تحقق","أساسي","C-TABLE C-STATUS C-DIALOG","07-D3-Admin-Reports-Sync.dc.html","owner_approved","not_drawn",""
"ORG-01-D1920-expired","ORG-01","المستخدمون والدعوات","ORG","D","1920","expired","منتهي الصلاحية","أساسي","C-TABLE C-STATUS C-DIALOG","07-D3-Admin-Reports-Sync.dc.html","owner_approved","not_drawn",""
"ORG-01-D1920-success","ORG-01","المستخدمون والدعوات","ORG","D","1920","success","نجاح","أساسي","C-TABLE C-STATUS C-DIALOG","07-D3-Admin-Reports-Sync.dc.html","owner_approved","not_drawn",""
"ORG-02-W390-ready","ORG-02","مصفوفة الأدوار والصلاحيات","ORG","W","390","ready","جاهز","أساسي","C-TABLE C-FIELD C-MONEY","07-D3-Admin-Reports-Sync.dc.html","owner_approved","not_drawn",""
"ORG-02-W390-validation_error","ORG-02","مصفوفة الأدوار والصلاحيات","ORG","W","390","validation_error","خطأ تحقق","أساسي","C-TABLE C-FIELD C-MONEY","07-D3-Admin-Reports-Sync.dc.html","owner_approved","not_drawn",""
"ORG-02-W390-permission_denied","ORG-02","مصفوفة الأدوار والصلاحيات","ORG","W","390","permission_denied","صلاحية مرفوضة","أساسي","C-TABLE C-FIELD C-MONEY","07-D3-Admin-Reports-Sync.dc.html","owner_approved","not_drawn",""
"ORG-02-W390-success","ORG-02","مصفوفة الأدوار والصلاحيات","ORG","W","390","success","نجاح","أساسي","C-TABLE C-FIELD C-MONEY","07-D3-Admin-Reports-Sync.dc.html","owner_approved","not_drawn",""
"ORG-02-W834-ready","ORG-02","مصفوفة الأدوار والصلاحيات","ORG","W","834","ready","جاهز","أساسي","C-TABLE C-FIELD C-MONEY","07-D3-Admin-Reports-Sync.dc.html","owner_approved","not_drawn",""
"ORG-02-W834-validation_error","ORG-02","مصفوفة الأدوار والصلاحيات","ORG","W","834","validation_error","خطأ تحقق","أساسي","C-TABLE C-FIELD C-MONEY","07-D3-Admin-Reports-Sync.dc.html","owner_approved","not_drawn",""
"ORG-02-W834-permission_denied","ORG-02","مصفوفة الأدوار والصلاحيات","ORG","W","834","permission_denied","صلاحية مرفوضة","أساسي","C-TABLE C-FIELD C-MONEY","07-D3-Admin-Reports-Sync.dc.html","owner_approved","not_drawn",""
"ORG-02-W834-success","ORG-02","مصفوفة الأدوار والصلاحيات","ORG","W","834","success","نجاح","أساسي","C-TABLE C-FIELD C-MONEY","07-D3-Admin-Reports-Sync.dc.html","owner_approved","not_drawn",""
"ORG-02-W1440-ready","ORG-02","مصفوفة الأدوار والصلاحيات","ORG","W","1440","ready","جاهز","أساسي","C-TABLE C-FIELD C-MONEY","07-D3-Admin-Reports-Sync.dc.html","owner_approved","drawn","07-D3-Admin-Reports-Sync.dc.html#ORG-02"
"ORG-02-W1440-validation_error","ORG-02","مصفوفة الأدوار والصلاحيات","ORG","W","1440","validation_error","خطأ تحقق","أساسي","C-TABLE C-FIELD C-MONEY","07-D3-Admin-Reports-Sync.dc.html","owner_approved","drawn","20-D15-Org-Access-Closure.dc.html#ORG-02"
"ORG-02-W1440-permission_denied","ORG-02","مصفوفة الأدوار والصلاحيات","ORG","W","1440","permission_denied","صلاحية مرفوضة","أساسي","C-TABLE C-FIELD C-MONEY","07-D3-Admin-Reports-Sync.dc.html","owner_approved","drawn","39-D31-Org-Platform.dc.html#ORG-02"
"ORG-02-W1440-success","ORG-02","مصفوفة الأدوار والصلاحيات","ORG","W","1440","success","نجاح","أساسي","C-TABLE C-FIELD C-MONEY","07-D3-Admin-Reports-Sync.dc.html","owner_approved","drawn","39-D31-Org-Platform.dc.html#ORG-02"
"ORG-02-M390-ready","ORG-02","مصفوفة الأدوار والصلاحيات","ORG","M","390","ready","جاهز","أساسي","C-TABLE C-FIELD C-MONEY","07-D3-Admin-Reports-Sync.dc.html","owner_approved","not_drawn",""
"ORG-02-M390-validation_error","ORG-02","مصفوفة الأدوار والصلاحيات","ORG","M","390","validation_error","خطأ تحقق","أساسي","C-TABLE C-FIELD C-MONEY","07-D3-Admin-Reports-Sync.dc.html","owner_approved","not_drawn",""
"ORG-02-M390-permission_denied","ORG-02","مصفوفة الأدوار والصلاحيات","ORG","M","390","permission_denied","صلاحية مرفوضة","أساسي","C-TABLE C-FIELD C-MONEY","07-D3-Admin-Reports-Sync.dc.html","owner_approved","not_drawn",""
"ORG-02-M390-success","ORG-02","مصفوفة الأدوار والصلاحيات","ORG","M","390","success","نجاح","أساسي","C-TABLE C-FIELD C-MONEY","07-D3-Admin-Reports-Sync.dc.html","owner_approved","not_drawn",""
"ORG-02-D1366-ready","ORG-02","مصفوفة الأدوار والصلاحيات","ORG","D","1366","ready","جاهز","أساسي","C-TABLE C-FIELD C-MONEY","07-D3-Admin-Reports-Sync.dc.html","owner_approved","not_drawn",""
"ORG-02-D1366-validation_error","ORG-02","مصفوفة الأدوار والصلاحيات","ORG","D","1366","validation_error","خطأ تحقق","أساسي","C-TABLE C-FIELD C-MONEY","07-D3-Admin-Reports-Sync.dc.html","owner_approved","not_drawn",""
"ORG-02-D1366-permission_denied","ORG-02","مصفوفة الأدوار والصلاحيات","ORG","D","1366","permission_denied","صلاحية مرفوضة","أساسي","C-TABLE C-FIELD C-MONEY","07-D3-Admin-Reports-Sync.dc.html","owner_approved","not_drawn",""
"ORG-02-D1366-success","ORG-02","مصفوفة الأدوار والصلاحيات","ORG","D","1366","success","نجاح","أساسي","C-TABLE C-FIELD C-MONEY","07-D3-Admin-Reports-Sync.dc.html","owner_approved","not_drawn",""
"ORG-02-D1920-ready","ORG-02","مصفوفة الأدوار والصلاحيات","ORG","D","1920","ready","جاهز","أساسي","C-TABLE C-FIELD C-MONEY","07-D3-Admin-Reports-Sync.dc.html","owner_approved","not_drawn",""
"ORG-02-D1920-validation_error","ORG-02","مصفوفة الأدوار والصلاحيات","ORG","D","1920","validation_error","خطأ تحقق","أساسي","C-TABLE C-FIELD C-MONEY","07-D3-Admin-Reports-Sync.dc.html","owner_approved","not_drawn",""
"ORG-02-D1920-permission_denied","ORG-02","مصفوفة الأدوار والصلاحيات","ORG","D","1920","permission_denied","صلاحية مرفوضة","أساسي","C-TABLE C-FIELD C-MONEY","07-D3-Admin-Reports-Sync.dc.html","owner_approved","not_drawn",""
"ORG-02-D1920-success","ORG-02","مصفوفة الأدوار والصلاحيات","ORG","D","1920","success","نجاح","أساسي","C-TABLE C-FIELD C-MONEY","07-D3-Admin-Reports-Sync.dc.html","owner_approved","not_drawn",""
"ORG-03-W390-ready","ORG-03","الفروع وتفاصيلها","ORG","W","390","ready","جاهز","أساسي","C-TABLE C-FIELD C-STATUS","07-D3-Admin-Reports-Sync.dc.html","owner_approved","not_drawn",""
"ORG-03-W390-empty","ORG-03","الفروع وتفاصيلها","ORG","W","390","empty","فارغ","أساسي","C-TABLE C-FIELD C-STATUS","07-D3-Admin-Reports-Sync.dc.html","owner_approved","not_drawn",""
"ORG-03-W390-validation_error","ORG-03","الفروع وتفاصيلها","ORG","W","390","validation_error","خطأ تحقق","أساسي","C-TABLE C-FIELD C-STATUS","07-D3-Admin-Reports-Sync.dc.html","owner_approved","not_drawn",""
"ORG-03-W390-permission_denied","ORG-03","الفروع وتفاصيلها","ORG","W","390","permission_denied","صلاحية مرفوضة","أساسي","C-TABLE C-FIELD C-STATUS","07-D3-Admin-Reports-Sync.dc.html","owner_approved","not_drawn",""
"ORG-03-W834-ready","ORG-03","الفروع وتفاصيلها","ORG","W","834","ready","جاهز","أساسي","C-TABLE C-FIELD C-STATUS","07-D3-Admin-Reports-Sync.dc.html","owner_approved","not_drawn",""
"ORG-03-W834-empty","ORG-03","الفروع وتفاصيلها","ORG","W","834","empty","فارغ","أساسي","C-TABLE C-FIELD C-STATUS","07-D3-Admin-Reports-Sync.dc.html","owner_approved","not_drawn",""
"ORG-03-W834-validation_error","ORG-03","الفروع وتفاصيلها","ORG","W","834","validation_error","خطأ تحقق","أساسي","C-TABLE C-FIELD C-STATUS","07-D3-Admin-Reports-Sync.dc.html","owner_approved","not_drawn",""
"ORG-03-W834-permission_denied","ORG-03","الفروع وتفاصيلها","ORG","W","834","permission_denied","صلاحية مرفوضة","أساسي","C-TABLE C-FIELD C-STATUS","07-D3-Admin-Reports-Sync.dc.html","owner_approved","not_drawn",""
"ORG-03-W1440-ready","ORG-03","الفروع وتفاصيلها","ORG","W","1440","ready","جاهز","أساسي","C-TABLE C-FIELD C-STATUS","07-D3-Admin-Reports-Sync.dc.html","owner_approved","drawn","39-D31-Org-Platform.dc.html#ORG-03"
"ORG-03-W1440-empty","ORG-03","الفروع وتفاصيلها","ORG","W","1440","empty","فارغ","أساسي","C-TABLE C-FIELD C-STATUS","07-D3-Admin-Reports-Sync.dc.html","owner_approved","drawn","39-D31-Org-Platform.dc.html#ORG-03"
"ORG-03-W1440-validation_error","ORG-03","الفروع وتفاصيلها","ORG","W","1440","validation_error","خطأ تحقق","أساسي","C-TABLE C-FIELD C-STATUS","07-D3-Admin-Reports-Sync.dc.html","owner_approved","drawn","15-D10-Parties-Shifts-Org.dc.html#ORG-03"
"ORG-03-W1440-permission_denied","ORG-03","الفروع وتفاصيلها","ORG","W","1440","permission_denied","صلاحية مرفوضة","أساسي","C-TABLE C-FIELD C-STATUS","07-D3-Admin-Reports-Sync.dc.html","owner_approved","drawn","39-D31-Org-Platform.dc.html#ORG-03"
"ORG-03-M390-ready","ORG-03","الفروع وتفاصيلها","ORG","M","390","ready","جاهز","أساسي","C-TABLE C-FIELD C-STATUS","07-D3-Admin-Reports-Sync.dc.html","owner_approved","not_drawn",""
"ORG-03-M390-empty","ORG-03","الفروع وتفاصيلها","ORG","M","390","empty","فارغ","أساسي","C-TABLE C-FIELD C-STATUS","07-D3-Admin-Reports-Sync.dc.html","owner_approved","not_drawn",""
"ORG-03-M390-validation_error","ORG-03","الفروع وتفاصيلها","ORG","M","390","validation_error","خطأ تحقق","أساسي","C-TABLE C-FIELD C-STATUS","07-D3-Admin-Reports-Sync.dc.html","owner_approved","not_drawn",""
"ORG-03-M390-permission_denied","ORG-03","الفروع وتفاصيلها","ORG","M","390","permission_denied","صلاحية مرفوضة","أساسي","C-TABLE C-FIELD C-STATUS","07-D3-Admin-Reports-Sync.dc.html","owner_approved","not_drawn",""
"ORG-03-D1366-ready","ORG-03","الفروع وتفاصيلها","ORG","D","1366","ready","جاهز","أساسي","C-TABLE C-FIELD C-STATUS","07-D3-Admin-Reports-Sync.dc.html","owner_approved","not_drawn",""
"ORG-03-D1366-empty","ORG-03","الفروع وتفاصيلها","ORG","D","1366","empty","فارغ","أساسي","C-TABLE C-FIELD C-STATUS","07-D3-Admin-Reports-Sync.dc.html","owner_approved","not_drawn",""
"ORG-03-D1366-validation_error","ORG-03","الفروع وتفاصيلها","ORG","D","1366","validation_error","خطأ تحقق","أساسي","C-TABLE C-FIELD C-STATUS","07-D3-Admin-Reports-Sync.dc.html","owner_approved","not_drawn",""
"ORG-03-D1366-permission_denied","ORG-03","الفروع وتفاصيلها","ORG","D","1366","permission_denied","صلاحية مرفوضة","أساسي","C-TABLE C-FIELD C-STATUS","07-D3-Admin-Reports-Sync.dc.html","owner_approved","not_drawn",""
"ORG-03-D1920-ready","ORG-03","الفروع وتفاصيلها","ORG","D","1920","ready","جاهز","أساسي","C-TABLE C-FIELD C-STATUS","07-D3-Admin-Reports-Sync.dc.html","owner_approved","not_drawn",""
"ORG-03-D1920-empty","ORG-03","الفروع وتفاصيلها","ORG","D","1920","empty","فارغ","أساسي","C-TABLE C-FIELD C-STATUS","07-D3-Admin-Reports-Sync.dc.html","owner_approved","not_drawn",""
"ORG-03-D1920-validation_error","ORG-03","الفروع وتفاصيلها","ORG","D","1920","validation_error","خطأ تحقق","أساسي","C-TABLE C-FIELD C-STATUS","07-D3-Admin-Reports-Sync.dc.html","owner_approved","not_drawn",""
"ORG-03-D1920-permission_denied","ORG-03","الفروع وتفاصيلها","ORG","D","1920","permission_denied","صلاحية مرفوضة","أساسي","C-TABLE C-FIELD C-STATUS","07-D3-Admin-Reports-Sync.dc.html","owner_approved","not_drawn",""
"ORG-04-W390-ready","ORG-04","قائمة الأجهزة وتفاصيلها","ORG","W","390","ready","جاهز","أساسي","C-TABLE C-SYNC C-STATUS","07-D3-Admin-Reports-Sync.dc.html","owner_approved","not_drawn",""
"ORG-04-W390-loading","ORG-04","قائمة الأجهزة وتفاصيلها","ORG","W","390","loading","تحميل","أساسي","C-TABLE C-SYNC C-STATUS","07-D3-Admin-Reports-Sync.dc.html","owner_approved","not_drawn",""
"ORG-04-W390-empty","ORG-04","قائمة الأجهزة وتفاصيلها","ORG","W","390","empty","فارغ","أساسي","C-TABLE C-SYNC C-STATUS","07-D3-Admin-Reports-Sync.dc.html","owner_approved","not_drawn",""
"ORG-04-W390-offline","ORG-04","قائمة الأجهزة وتفاصيلها","ORG","W","390","offline","بلا اتصال","أساسي","C-TABLE C-SYNC C-STATUS","07-D3-Admin-Reports-Sync.dc.html","owner_approved","not_drawn",""
"ORG-04-W390-stale","ORG-04","قائمة الأجهزة وتفاصيلها","ORG","W","390","stale","بيانات قديمة","أساسي","C-TABLE C-SYNC C-STATUS","07-D3-Admin-Reports-Sync.dc.html","owner_approved","not_drawn",""
"ORG-04-W834-ready","ORG-04","قائمة الأجهزة وتفاصيلها","ORG","W","834","ready","جاهز","أساسي","C-TABLE C-SYNC C-STATUS","07-D3-Admin-Reports-Sync.dc.html","owner_approved","not_drawn",""
"ORG-04-W834-loading","ORG-04","قائمة الأجهزة وتفاصيلها","ORG","W","834","loading","تحميل","أساسي","C-TABLE C-SYNC C-STATUS","07-D3-Admin-Reports-Sync.dc.html","owner_approved","not_drawn",""
"ORG-04-W834-empty","ORG-04","قائمة الأجهزة وتفاصيلها","ORG","W","834","empty","فارغ","أساسي","C-TABLE C-SYNC C-STATUS","07-D3-Admin-Reports-Sync.dc.html","owner_approved","not_drawn",""
"ORG-04-W834-offline","ORG-04","قائمة الأجهزة وتفاصيلها","ORG","W","834","offline","بلا اتصال","أساسي","C-TABLE C-SYNC C-STATUS","07-D3-Admin-Reports-Sync.dc.html","owner_approved","not_drawn",""
"ORG-04-W834-stale","ORG-04","قائمة الأجهزة وتفاصيلها","ORG","W","834","stale","بيانات قديمة","أساسي","C-TABLE C-SYNC C-STATUS","07-D3-Admin-Reports-Sync.dc.html","owner_approved","not_drawn",""
"ORG-04-W1440-ready","ORG-04","قائمة الأجهزة وتفاصيلها","ORG","W","1440","ready","جاهز","أساسي","C-TABLE C-SYNC C-STATUS","07-D3-Admin-Reports-Sync.dc.html","owner_approved","drawn","15-D10-Parties-Shifts-Org.dc.html#ORG-04"
"ORG-04-W1440-loading","ORG-04","قائمة الأجهزة وتفاصيلها","ORG","W","1440","loading","تحميل","أساسي","C-TABLE C-SYNC C-STATUS","07-D3-Admin-Reports-Sync.dc.html","owner_approved","drawn","39-D31-Org-Platform.dc.html#ORG-04"
"ORG-04-W1440-empty","ORG-04","قائمة الأجهزة وتفاصيلها","ORG","W","1440","empty","فارغ","أساسي","C-TABLE C-SYNC C-STATUS","07-D3-Admin-Reports-Sync.dc.html","owner_approved","drawn","39-D31-Org-Platform.dc.html#ORG-04"
"ORG-04-W1440-offline","ORG-04","قائمة الأجهزة وتفاصيلها","ORG","W","1440","offline","بلا اتصال","أساسي","C-TABLE C-SYNC C-STATUS","07-D3-Admin-Reports-Sync.dc.html","owner_approved","drawn","27-D20-Org-Orders-Complete.dc.html#ORG-04"
"ORG-04-W1440-stale","ORG-04","قائمة الأجهزة وتفاصيلها","ORG","W","1440","stale","بيانات قديمة","أساسي","C-TABLE C-SYNC C-STATUS","07-D3-Admin-Reports-Sync.dc.html","owner_approved","drawn","27-D20-Org-Orders-Complete.dc.html#ORG-04"
"ORG-04-M390-ready","ORG-04","قائمة الأجهزة وتفاصيلها","ORG","M","390","ready","جاهز","أساسي","C-TABLE C-SYNC C-STATUS","07-D3-Admin-Reports-Sync.dc.html","owner_approved","not_drawn",""
"ORG-04-M390-loading","ORG-04","قائمة الأجهزة وتفاصيلها","ORG","M","390","loading","تحميل","أساسي","C-TABLE C-SYNC C-STATUS","07-D3-Admin-Reports-Sync.dc.html","owner_approved","not_drawn",""
"ORG-04-M390-empty","ORG-04","قائمة الأجهزة وتفاصيلها","ORG","M","390","empty","فارغ","أساسي","C-TABLE C-SYNC C-STATUS","07-D3-Admin-Reports-Sync.dc.html","owner_approved","not_drawn",""
"ORG-04-M390-offline","ORG-04","قائمة الأجهزة وتفاصيلها","ORG","M","390","offline","بلا اتصال","أساسي","C-TABLE C-SYNC C-STATUS","07-D3-Admin-Reports-Sync.dc.html","owner_approved","not_drawn",""
"ORG-04-M390-stale","ORG-04","قائمة الأجهزة وتفاصيلها","ORG","M","390","stale","بيانات قديمة","أساسي","C-TABLE C-SYNC C-STATUS","07-D3-Admin-Reports-Sync.dc.html","owner_approved","not_drawn",""
"ORG-04-D1366-ready","ORG-04","قائمة الأجهزة وتفاصيلها","ORG","D","1366","ready","جاهز","أساسي","C-TABLE C-SYNC C-STATUS","07-D3-Admin-Reports-Sync.dc.html","owner_approved","not_drawn",""
"ORG-04-D1366-loading","ORG-04","قائمة الأجهزة وتفاصيلها","ORG","D","1366","loading","تحميل","أساسي","C-TABLE C-SYNC C-STATUS","07-D3-Admin-Reports-Sync.dc.html","owner_approved","not_drawn",""
"ORG-04-D1366-empty","ORG-04","قائمة الأجهزة وتفاصيلها","ORG","D","1366","empty","فارغ","أساسي","C-TABLE C-SYNC C-STATUS","07-D3-Admin-Reports-Sync.dc.html","owner_approved","not_drawn",""
"ORG-04-D1366-offline","ORG-04","قائمة الأجهزة وتفاصيلها","ORG","D","1366","offline","بلا اتصال","أساسي","C-TABLE C-SYNC C-STATUS","07-D3-Admin-Reports-Sync.dc.html","owner_approved","not_drawn",""
"ORG-04-D1366-stale","ORG-04","قائمة الأجهزة وتفاصيلها","ORG","D","1366","stale","بيانات قديمة","أساسي","C-TABLE C-SYNC C-STATUS","07-D3-Admin-Reports-Sync.dc.html","owner_approved","not_drawn",""
"ORG-04-D1920-ready","ORG-04","قائمة الأجهزة وتفاصيلها","ORG","D","1920","ready","جاهز","أساسي","C-TABLE C-SYNC C-STATUS","07-D3-Admin-Reports-Sync.dc.html","owner_approved","not_drawn",""
"ORG-04-D1920-loading","ORG-04","قائمة الأجهزة وتفاصيلها","ORG","D","1920","loading","تحميل","أساسي","C-TABLE C-SYNC C-STATUS","07-D3-Admin-Reports-Sync.dc.html","owner_approved","not_drawn",""
"ORG-04-D1920-empty","ORG-04","قائمة الأجهزة وتفاصيلها","ORG","D","1920","empty","فارغ","أساسي","C-TABLE C-SYNC C-STATUS","07-D3-Admin-Reports-Sync.dc.html","owner_approved","not_drawn",""
"ORG-04-D1920-offline","ORG-04","قائمة الأجهزة وتفاصيلها","ORG","D","1920","offline","بلا اتصال","أساسي","C-TABLE C-SYNC C-STATUS","07-D3-Admin-Reports-Sync.dc.html","owner_approved","not_drawn",""
"ORG-04-D1920-stale","ORG-04","قائمة الأجهزة وتفاصيلها","ORG","D","1920","stale","بيانات قديمة","أساسي","C-TABLE C-SYNC C-STATUS","07-D3-Admin-Reports-Sync.dc.html","owner_approved","not_drawn",""
"ORG-05-W390-ready","ORG-05","سحب مستخدم أو نطاق أو جهاز","ORG","W","390","ready","جاهز","أساسي","C-DIALOG C-NOTICE C-SYNC","07-D3-Admin-Reports-Sync.dc.html","owner_approved","not_drawn",""
"ORG-05-W390-validation_error","ORG-05","سحب مستخدم أو نطاق أو جهاز","ORG","W","390","validation_error","خطأ تحقق","أساسي","C-DIALOG C-NOTICE C-SYNC","07-D3-Admin-Reports-Sync.dc.html","owner_approved","not_drawn",""
"ORG-05-W390-permission_denied","ORG-05","سحب مستخدم أو نطاق أو جهاز","ORG","W","390","permission_denied","صلاحية مرفوضة","أساسي","C-DIALOG C-NOTICE C-SYNC","07-D3-Admin-Reports-Sync.dc.html","owner_approved","not_drawn",""
"ORG-05-W390-pending_sync","ORG-05","سحب مستخدم أو نطاق أو جهاز","ORG","W","390","pending_sync","معلّق المزامنة","أساسي","C-DIALOG C-NOTICE C-SYNC","07-D3-Admin-Reports-Sync.dc.html","owner_approved","not_drawn",""
"ORG-05-W390-success","ORG-05","سحب مستخدم أو نطاق أو جهاز","ORG","W","390","success","نجاح","أساسي","C-DIALOG C-NOTICE C-SYNC","07-D3-Admin-Reports-Sync.dc.html","owner_approved","not_drawn",""
"ORG-05-W834-ready","ORG-05","سحب مستخدم أو نطاق أو جهاز","ORG","W","834","ready","جاهز","أساسي","C-DIALOG C-NOTICE C-SYNC","07-D3-Admin-Reports-Sync.dc.html","owner_approved","not_drawn",""
"ORG-05-W834-validation_error","ORG-05","سحب مستخدم أو نطاق أو جهاز","ORG","W","834","validation_error","خطأ تحقق","أساسي","C-DIALOG C-NOTICE C-SYNC","07-D3-Admin-Reports-Sync.dc.html","owner_approved","not_drawn",""
"ORG-05-W834-permission_denied","ORG-05","سحب مستخدم أو نطاق أو جهاز","ORG","W","834","permission_denied","صلاحية مرفوضة","أساسي","C-DIALOG C-NOTICE C-SYNC","07-D3-Admin-Reports-Sync.dc.html","owner_approved","not_drawn",""
"ORG-05-W834-pending_sync","ORG-05","سحب مستخدم أو نطاق أو جهاز","ORG","W","834","pending_sync","معلّق المزامنة","أساسي","C-DIALOG C-NOTICE C-SYNC","07-D3-Admin-Reports-Sync.dc.html","owner_approved","not_drawn",""
"ORG-05-W834-success","ORG-05","سحب مستخدم أو نطاق أو جهاز","ORG","W","834","success","نجاح","أساسي","C-DIALOG C-NOTICE C-SYNC","07-D3-Admin-Reports-Sync.dc.html","owner_approved","not_drawn",""
"ORG-05-W1440-ready","ORG-05","سحب مستخدم أو نطاق أو جهاز","ORG","W","1440","ready","جاهز","أساسي","C-DIALOG C-NOTICE C-SYNC","07-D3-Admin-Reports-Sync.dc.html","owner_approved","drawn","39-D31-Org-Platform.dc.html#ORG-05"
"ORG-05-W1440-validation_error","ORG-05","سحب مستخدم أو نطاق أو جهاز","ORG","W","1440","validation_error","خطأ تحقق","أساسي","C-DIALOG C-NOTICE C-SYNC","07-D3-Admin-Reports-Sync.dc.html","owner_approved","drawn","20-D15-Org-Access-Closure.dc.html#ORG-05"
"ORG-05-W1440-permission_denied","ORG-05","سحب مستخدم أو نطاق أو جهاز","ORG","W","1440","permission_denied","صلاحية مرفوضة","أساسي","C-DIALOG C-NOTICE C-SYNC","07-D3-Admin-Reports-Sync.dc.html","owner_approved","drawn","39-D31-Org-Platform.dc.html#ORG-05"
"ORG-05-W1440-pending_sync","ORG-05","سحب مستخدم أو نطاق أو جهاز","ORG","W","1440","pending_sync","معلّق المزامنة","أساسي","C-DIALOG C-NOTICE C-SYNC","07-D3-Admin-Reports-Sync.dc.html","owner_approved","drawn","07-D3-Admin-Reports-Sync.dc.html#ORG-05"
"ORG-05-W1440-success","ORG-05","سحب مستخدم أو نطاق أو جهاز","ORG","W","1440","success","نجاح","أساسي","C-DIALOG C-NOTICE C-SYNC","07-D3-Admin-Reports-Sync.dc.html","owner_approved","drawn","39-D31-Org-Platform.dc.html#ORG-05"
"ORG-05-M390-ready","ORG-05","سحب مستخدم أو نطاق أو جهاز","ORG","M","390","ready","جاهز","أساسي","C-DIALOG C-NOTICE C-SYNC","07-D3-Admin-Reports-Sync.dc.html","owner_approved","not_drawn",""
"ORG-05-M390-validation_error","ORG-05","سحب مستخدم أو نطاق أو جهاز","ORG","M","390","validation_error","خطأ تحقق","أساسي","C-DIALOG C-NOTICE C-SYNC","07-D3-Admin-Reports-Sync.dc.html","owner_approved","not_drawn",""
"ORG-05-M390-permission_denied","ORG-05","سحب مستخدم أو نطاق أو جهاز","ORG","M","390","permission_denied","صلاحية مرفوضة","أساسي","C-DIALOG C-NOTICE C-SYNC","07-D3-Admin-Reports-Sync.dc.html","owner_approved","not_drawn",""
"ORG-05-M390-pending_sync","ORG-05","سحب مستخدم أو نطاق أو جهاز","ORG","M","390","pending_sync","معلّق المزامنة","أساسي","C-DIALOG C-NOTICE C-SYNC","07-D3-Admin-Reports-Sync.dc.html","owner_approved","not_drawn",""
"ORG-05-M390-success","ORG-05","سحب مستخدم أو نطاق أو جهاز","ORG","M","390","success","نجاح","أساسي","C-DIALOG C-NOTICE C-SYNC","07-D3-Admin-Reports-Sync.dc.html","owner_approved","not_drawn",""
"ORG-05-D1366-ready","ORG-05","سحب مستخدم أو نطاق أو جهاز","ORG","D","1366","ready","جاهز","أساسي","C-DIALOG C-NOTICE C-SYNC","07-D3-Admin-Reports-Sync.dc.html","owner_approved","not_drawn",""
"ORG-05-D1366-validation_error","ORG-05","سحب مستخدم أو نطاق أو جهاز","ORG","D","1366","validation_error","خطأ تحقق","أساسي","C-DIALOG C-NOTICE C-SYNC","07-D3-Admin-Reports-Sync.dc.html","owner_approved","not_drawn",""
"ORG-05-D1366-permission_denied","ORG-05","سحب مستخدم أو نطاق أو جهاز","ORG","D","1366","permission_denied","صلاحية مرفوضة","أساسي","C-DIALOG C-NOTICE C-SYNC","07-D3-Admin-Reports-Sync.dc.html","owner_approved","not_drawn",""
"ORG-05-D1366-pending_sync","ORG-05","سحب مستخدم أو نطاق أو جهاز","ORG","D","1366","pending_sync","معلّق المزامنة","أساسي","C-DIALOG C-NOTICE C-SYNC","07-D3-Admin-Reports-Sync.dc.html","owner_approved","not_drawn",""
"ORG-05-D1366-success","ORG-05","سحب مستخدم أو نطاق أو جهاز","ORG","D","1366","success","نجاح","أساسي","C-DIALOG C-NOTICE C-SYNC","07-D3-Admin-Reports-Sync.dc.html","owner_approved","not_drawn",""
"ORG-05-D1920-ready","ORG-05","سحب مستخدم أو نطاق أو جهاز","ORG","D","1920","ready","جاهز","أساسي","C-DIALOG C-NOTICE C-SYNC","07-D3-Admin-Reports-Sync.dc.html","owner_approved","not_drawn",""
"ORG-05-D1920-validation_error","ORG-05","سحب مستخدم أو نطاق أو جهاز","ORG","D","1920","validation_error","خطأ تحقق","أساسي","C-DIALOG C-NOTICE C-SYNC","07-D3-Admin-Reports-Sync.dc.html","owner_approved","not_drawn",""
"ORG-05-D1920-permission_denied","ORG-05","سحب مستخدم أو نطاق أو جهاز","ORG","D","1920","permission_denied","صلاحية مرفوضة","أساسي","C-DIALOG C-NOTICE C-SYNC","07-D3-Admin-Reports-Sync.dc.html","owner_approved","not_drawn",""
"ORG-05-D1920-pending_sync","ORG-05","سحب مستخدم أو نطاق أو جهاز","ORG","D","1920","pending_sync","معلّق المزامنة","أساسي","C-DIALOG C-NOTICE C-SYNC","07-D3-Admin-Reports-Sync.dc.html","owner_approved","not_drawn",""
"ORG-05-D1920-success","ORG-05","سحب مستخدم أو نطاق أو جهاز","ORG","D","1920","success","نجاح","أساسي","C-DIALOG C-NOTICE C-SYNC","07-D3-Admin-Reports-Sync.dc.html","owner_approved","not_drawn",""
"ORG-06-W390-ready","ORG-06","الاشتراك والباقات","ORG","W","390","ready","جاهز","أساسي","C-TABLE C-STATUS C-PHASE","07-D3-Admin-Reports-Sync.dc.html","owner_approved","not_drawn",""
"ORG-06-W390-loading","ORG-06","الاشتراك والباقات","ORG","W","390","loading","تحميل","أساسي","C-TABLE C-STATUS C-PHASE","07-D3-Admin-Reports-Sync.dc.html","owner_approved","not_drawn",""
"ORG-06-W390-permission_denied","ORG-06","الاشتراك والباقات","ORG","W","390","permission_denied","صلاحية مرفوضة","أساسي","C-TABLE C-STATUS C-PHASE","07-D3-Admin-Reports-Sync.dc.html","owner_approved","not_drawn",""
"ORG-06-W390-expired","ORG-06","الاشتراك والباقات","ORG","W","390","expired","منتهي الصلاحية","أساسي","C-TABLE C-STATUS C-PHASE","07-D3-Admin-Reports-Sync.dc.html","owner_approved","not_drawn",""
"ORG-06-W834-ready","ORG-06","الاشتراك والباقات","ORG","W","834","ready","جاهز","أساسي","C-TABLE C-STATUS C-PHASE","07-D3-Admin-Reports-Sync.dc.html","owner_approved","not_drawn",""
"ORG-06-W834-loading","ORG-06","الاشتراك والباقات","ORG","W","834","loading","تحميل","أساسي","C-TABLE C-STATUS C-PHASE","07-D3-Admin-Reports-Sync.dc.html","owner_approved","not_drawn",""
"ORG-06-W834-permission_denied","ORG-06","الاشتراك والباقات","ORG","W","834","permission_denied","صلاحية مرفوضة","أساسي","C-TABLE C-STATUS C-PHASE","07-D3-Admin-Reports-Sync.dc.html","owner_approved","not_drawn",""
"ORG-06-W834-expired","ORG-06","الاشتراك والباقات","ORG","W","834","expired","منتهي الصلاحية","أساسي","C-TABLE C-STATUS C-PHASE","07-D3-Admin-Reports-Sync.dc.html","owner_approved","not_drawn",""
"ORG-06-W1440-ready","ORG-06","الاشتراك والباقات","ORG","W","1440","ready","جاهز","أساسي","C-TABLE C-STATUS C-PHASE","07-D3-Admin-Reports-Sync.dc.html","owner_approved","drawn","21-D16-Subscription-Customer-Public.dc.html#ORG-06"
"ORG-06-W1440-loading","ORG-06","الاشتراك والباقات","ORG","W","1440","loading","تحميل","أساسي","C-TABLE C-STATUS C-PHASE","07-D3-Admin-Reports-Sync.dc.html","owner_approved","drawn","39-D31-Org-Platform.dc.html#ORG-06"
"ORG-06-W1440-permission_denied","ORG-06","الاشتراك والباقات","ORG","W","1440","permission_denied","صلاحية مرفوضة","أساسي","C-TABLE C-STATUS C-PHASE","07-D3-Admin-Reports-Sync.dc.html","owner_approved","drawn","27-D20-Org-Orders-Complete.dc.html#ORG-06"
"ORG-06-W1440-expired","ORG-06","الاشتراك والباقات","ORG","W","1440","expired","منتهي الصلاحية","أساسي","C-TABLE C-STATUS C-PHASE","07-D3-Admin-Reports-Sync.dc.html","owner_approved","drawn","27-D20-Org-Orders-Complete.dc.html#ORG-06"
"ORG-06-M390-ready","ORG-06","الاشتراك والباقات","ORG","M","390","ready","جاهز","أساسي","C-TABLE C-STATUS C-PHASE","07-D3-Admin-Reports-Sync.dc.html","owner_approved","not_drawn",""
"ORG-06-M390-loading","ORG-06","الاشتراك والباقات","ORG","M","390","loading","تحميل","أساسي","C-TABLE C-STATUS C-PHASE","07-D3-Admin-Reports-Sync.dc.html","owner_approved","not_drawn",""
"ORG-06-M390-permission_denied","ORG-06","الاشتراك والباقات","ORG","M","390","permission_denied","صلاحية مرفوضة","أساسي","C-TABLE C-STATUS C-PHASE","07-D3-Admin-Reports-Sync.dc.html","owner_approved","not_drawn",""
"ORG-06-M390-expired","ORG-06","الاشتراك والباقات","ORG","M","390","expired","منتهي الصلاحية","أساسي","C-TABLE C-STATUS C-PHASE","07-D3-Admin-Reports-Sync.dc.html","owner_approved","not_drawn",""
"ORG-06-D1366-ready","ORG-06","الاشتراك والباقات","ORG","D","1366","ready","جاهز","أساسي","C-TABLE C-STATUS C-PHASE","07-D3-Admin-Reports-Sync.dc.html","owner_approved","not_drawn",""
"ORG-06-D1366-loading","ORG-06","الاشتراك والباقات","ORG","D","1366","loading","تحميل","أساسي","C-TABLE C-STATUS C-PHASE","07-D3-Admin-Reports-Sync.dc.html","owner_approved","not_drawn",""
"ORG-06-D1366-permission_denied","ORG-06","الاشتراك والباقات","ORG","D","1366","permission_denied","صلاحية مرفوضة","أساسي","C-TABLE C-STATUS C-PHASE","07-D3-Admin-Reports-Sync.dc.html","owner_approved","not_drawn",""
"ORG-06-D1366-expired","ORG-06","الاشتراك والباقات","ORG","D","1366","expired","منتهي الصلاحية","أساسي","C-TABLE C-STATUS C-PHASE","07-D3-Admin-Reports-Sync.dc.html","owner_approved","not_drawn",""
"ORG-06-D1920-ready","ORG-06","الاشتراك والباقات","ORG","D","1920","ready","جاهز","أساسي","C-TABLE C-STATUS C-PHASE","07-D3-Admin-Reports-Sync.dc.html","owner_approved","not_drawn",""
"ORG-06-D1920-loading","ORG-06","الاشتراك والباقات","ORG","D","1920","loading","تحميل","أساسي","C-TABLE C-STATUS C-PHASE","07-D3-Admin-Reports-Sync.dc.html","owner_approved","not_drawn",""
"ORG-06-D1920-permission_denied","ORG-06","الاشتراك والباقات","ORG","D","1920","permission_denied","صلاحية مرفوضة","أساسي","C-TABLE C-STATUS C-PHASE","07-D3-Admin-Reports-Sync.dc.html","owner_approved","not_drawn",""
"ORG-06-D1920-expired","ORG-06","الاشتراك والباقات","ORG","D","1920","expired","منتهي الصلاحية","أساسي","C-TABLE C-STATUS C-PHASE","07-D3-Admin-Reports-Sync.dc.html","owner_approved","not_drawn",""
"ORG-07-W390-ready","ORG-07","إثبات تحويل الاشتراك ومراجعته","ORG","W","390","ready","جاهز","أساسي","C-UPLOAD C-STATUS C-DOCPRV","07-D3-Admin-Reports-Sync.dc.html","owner_approved","not_drawn",""
"ORG-07-W390-validation_error","ORG-07","إثبات تحويل الاشتراك ومراجعته","ORG","W","390","validation_error","خطأ تحقق","أساسي","C-UPLOAD C-STATUS C-DOCPRV","07-D3-Admin-Reports-Sync.dc.html","owner_approved","not_drawn",""
"ORG-07-W390-saving","ORG-07","إثبات تحويل الاشتراك ومراجعته","ORG","W","390","saving","جارٍ الحفظ","أساسي","C-UPLOAD C-STATUS C-DOCPRV","07-D3-Admin-Reports-Sync.dc.html","owner_approved","not_drawn",""
"ORG-07-W390-success","ORG-07","إثبات تحويل الاشتراك ومراجعته","ORG","W","390","success","نجاح","أساسي","C-UPLOAD C-STATUS C-DOCPRV","07-D3-Admin-Reports-Sync.dc.html","owner_approved","not_drawn",""
"ORG-07-W390-server_error","ORG-07","إثبات تحويل الاشتراك ومراجعته","ORG","W","390","server_error","خطأ خادم","أساسي","C-UPLOAD C-STATUS C-DOCPRV","07-D3-Admin-Reports-Sync.dc.html","owner_approved","not_drawn",""
"ORG-07-W834-ready","ORG-07","إثبات تحويل الاشتراك ومراجعته","ORG","W","834","ready","جاهز","أساسي","C-UPLOAD C-STATUS C-DOCPRV","07-D3-Admin-Reports-Sync.dc.html","owner_approved","not_drawn",""
"ORG-07-W834-validation_error","ORG-07","إثبات تحويل الاشتراك ومراجعته","ORG","W","834","validation_error","خطأ تحقق","أساسي","C-UPLOAD C-STATUS C-DOCPRV","07-D3-Admin-Reports-Sync.dc.html","owner_approved","not_drawn",""
"ORG-07-W834-saving","ORG-07","إثبات تحويل الاشتراك ومراجعته","ORG","W","834","saving","جارٍ الحفظ","أساسي","C-UPLOAD C-STATUS C-DOCPRV","07-D3-Admin-Reports-Sync.dc.html","owner_approved","not_drawn",""
"ORG-07-W834-success","ORG-07","إثبات تحويل الاشتراك ومراجعته","ORG","W","834","success","نجاح","أساسي","C-UPLOAD C-STATUS C-DOCPRV","07-D3-Admin-Reports-Sync.dc.html","owner_approved","not_drawn",""
"ORG-07-W834-server_error","ORG-07","إثبات تحويل الاشتراك ومراجعته","ORG","W","834","server_error","خطأ خادم","أساسي","C-UPLOAD C-STATUS C-DOCPRV","07-D3-Admin-Reports-Sync.dc.html","owner_approved","not_drawn",""
"ORG-07-W1440-ready","ORG-07","إثبات تحويل الاشتراك ومراجعته","ORG","W","1440","ready","جاهز","أساسي","C-UPLOAD C-STATUS C-DOCPRV","07-D3-Admin-Reports-Sync.dc.html","owner_approved","drawn","27-D20-Org-Orders-Complete.dc.html#ORG-07"
"ORG-07-W1440-validation_error","ORG-07","إثبات تحويل الاشتراك ومراجعته","ORG","W","1440","validation_error","خطأ تحقق","أساسي","C-UPLOAD C-STATUS C-DOCPRV","07-D3-Admin-Reports-Sync.dc.html","owner_approved","drawn","27-D20-Org-Orders-Complete.dc.html#ORG-07"
"ORG-07-W1440-saving","ORG-07","إثبات تحويل الاشتراك ومراجعته","ORG","W","1440","saving","جارٍ الحفظ","أساسي","C-UPLOAD C-STATUS C-DOCPRV","07-D3-Admin-Reports-Sync.dc.html","owner_approved","drawn","21-D16-Subscription-Customer-Public.dc.html#ORG-07"
"ORG-07-W1440-success","ORG-07","إثبات تحويل الاشتراك ومراجعته","ORG","W","1440","success","نجاح","أساسي","C-UPLOAD C-STATUS C-DOCPRV","07-D3-Admin-Reports-Sync.dc.html","owner_approved","drawn","27-D20-Org-Orders-Complete.dc.html#ORG-07"
"ORG-07-W1440-server_error","ORG-07","إثبات تحويل الاشتراك ومراجعته","ORG","W","1440","server_error","خطأ خادم","أساسي","C-UPLOAD C-STATUS C-DOCPRV","07-D3-Admin-Reports-Sync.dc.html","owner_approved","drawn","39-D31-Org-Platform.dc.html#ORG-07"
"ORG-07-M390-ready","ORG-07","إثبات تحويل الاشتراك ومراجعته","ORG","M","390","ready","جاهز","أساسي","C-UPLOAD C-STATUS C-DOCPRV","07-D3-Admin-Reports-Sync.dc.html","owner_approved","not_drawn",""
"ORG-07-M390-validation_error","ORG-07","إثبات تحويل الاشتراك ومراجعته","ORG","M","390","validation_error","خطأ تحقق","أساسي","C-UPLOAD C-STATUS C-DOCPRV","07-D3-Admin-Reports-Sync.dc.html","owner_approved","not_drawn",""
"ORG-07-M390-saving","ORG-07","إثبات تحويل الاشتراك ومراجعته","ORG","M","390","saving","جارٍ الحفظ","أساسي","C-UPLOAD C-STATUS C-DOCPRV","07-D3-Admin-Reports-Sync.dc.html","owner_approved","not_drawn",""
"ORG-07-M390-success","ORG-07","إثبات تحويل الاشتراك ومراجعته","ORG","M","390","success","نجاح","أساسي","C-UPLOAD C-STATUS C-DOCPRV","07-D3-Admin-Reports-Sync.dc.html","owner_approved","not_drawn",""
"ORG-07-M390-server_error","ORG-07","إثبات تحويل الاشتراك ومراجعته","ORG","M","390","server_error","خطأ خادم","أساسي","C-UPLOAD C-STATUS C-DOCPRV","07-D3-Admin-Reports-Sync.dc.html","owner_approved","not_drawn",""
"ORG-07-D1366-ready","ORG-07","إثبات تحويل الاشتراك ومراجعته","ORG","D","1366","ready","جاهز","أساسي","C-UPLOAD C-STATUS C-DOCPRV","07-D3-Admin-Reports-Sync.dc.html","owner_approved","not_drawn",""
"ORG-07-D1366-validation_error","ORG-07","إثبات تحويل الاشتراك ومراجعته","ORG","D","1366","validation_error","خطأ تحقق","أساسي","C-UPLOAD C-STATUS C-DOCPRV","07-D3-Admin-Reports-Sync.dc.html","owner_approved","not_drawn",""
"ORG-07-D1366-saving","ORG-07","إثبات تحويل الاشتراك ومراجعته","ORG","D","1366","saving","جارٍ الحفظ","أساسي","C-UPLOAD C-STATUS C-DOCPRV","07-D3-Admin-Reports-Sync.dc.html","owner_approved","not_drawn",""
"ORG-07-D1366-success","ORG-07","إثبات تحويل الاشتراك ومراجعته","ORG","D","1366","success","نجاح","أساسي","C-UPLOAD C-STATUS C-DOCPRV","07-D3-Admin-Reports-Sync.dc.html","owner_approved","not_drawn",""
"ORG-07-D1366-server_error","ORG-07","إثبات تحويل الاشتراك ومراجعته","ORG","D","1366","server_error","خطأ خادم","أساسي","C-UPLOAD C-STATUS C-DOCPRV","07-D3-Admin-Reports-Sync.dc.html","owner_approved","not_drawn",""
"ORG-07-D1920-ready","ORG-07","إثبات تحويل الاشتراك ومراجعته","ORG","D","1920","ready","جاهز","أساسي","C-UPLOAD C-STATUS C-DOCPRV","07-D3-Admin-Reports-Sync.dc.html","owner_approved","not_drawn",""
"ORG-07-D1920-validation_error","ORG-07","إثبات تحويل الاشتراك ومراجعته","ORG","D","1920","validation_error","خطأ تحقق","أساسي","C-UPLOAD C-STATUS C-DOCPRV","07-D3-Admin-Reports-Sync.dc.html","owner_approved","not_drawn",""
"ORG-07-D1920-saving","ORG-07","إثبات تحويل الاشتراك ومراجعته","ORG","D","1920","saving","جارٍ الحفظ","أساسي","C-UPLOAD C-STATUS C-DOCPRV","07-D3-Admin-Reports-Sync.dc.html","owner_approved","not_drawn",""
"ORG-07-D1920-success","ORG-07","إثبات تحويل الاشتراك ومراجعته","ORG","D","1920","success","نجاح","أساسي","C-UPLOAD C-STATUS C-DOCPRV","07-D3-Admin-Reports-Sync.dc.html","owner_approved","not_drawn",""
"ORG-07-D1920-server_error","ORG-07","إثبات تحويل الاشتراك ومراجعته","ORG","D","1920","server_error","خطأ خادم","أساسي","C-UPLOAD C-STATUS C-DOCPRV","07-D3-Admin-Reports-Sync.dc.html","owner_approved","not_drawn",""
"ORG-08-W390-ready","ORG-08","انتهاء الاشتراك","ORG","W","390","ready","جاهز","أساسي","C-NOTICE C-PHASE C-STATUS","07-D3-Admin-Reports-Sync.dc.html","owner_approved","not_drawn",""
"ORG-08-W390-expired","ORG-08","انتهاء الاشتراك","ORG","W","390","expired","منتهي الصلاحية","أساسي","C-NOTICE C-PHASE C-STATUS","07-D3-Admin-Reports-Sync.dc.html","owner_approved","not_drawn",""
"ORG-08-W390-permission_denied","ORG-08","انتهاء الاشتراك","ORG","W","390","permission_denied","صلاحية مرفوضة","أساسي","C-NOTICE C-PHASE C-STATUS","07-D3-Admin-Reports-Sync.dc.html","owner_approved","not_drawn",""
"ORG-08-W834-ready","ORG-08","انتهاء الاشتراك","ORG","W","834","ready","جاهز","أساسي","C-NOTICE C-PHASE C-STATUS","07-D3-Admin-Reports-Sync.dc.html","owner_approved","not_drawn",""
"ORG-08-W834-expired","ORG-08","انتهاء الاشتراك","ORG","W","834","expired","منتهي الصلاحية","أساسي","C-NOTICE C-PHASE C-STATUS","07-D3-Admin-Reports-Sync.dc.html","owner_approved","not_drawn",""
"ORG-08-W834-permission_denied","ORG-08","انتهاء الاشتراك","ORG","W","834","permission_denied","صلاحية مرفوضة","أساسي","C-NOTICE C-PHASE C-STATUS","07-D3-Admin-Reports-Sync.dc.html","owner_approved","not_drawn",""
"ORG-08-W1440-ready","ORG-08","انتهاء الاشتراك","ORG","W","1440","ready","جاهز","أساسي","C-NOTICE C-PHASE C-STATUS","07-D3-Admin-Reports-Sync.dc.html","owner_approved","drawn","39-D31-Org-Platform.dc.html#ORG-08"
"ORG-08-W1440-expired","ORG-08","انتهاء الاشتراك","ORG","W","1440","expired","منتهي الصلاحية","أساسي","C-NOTICE C-PHASE C-STATUS","07-D3-Admin-Reports-Sync.dc.html","owner_approved","drawn","07-D3-Admin-Reports-Sync.dc.html#ORG-08"
"ORG-08-W1440-permission_denied","ORG-08","انتهاء الاشتراك","ORG","W","1440","permission_denied","صلاحية مرفوضة","أساسي","C-NOTICE C-PHASE C-STATUS","07-D3-Admin-Reports-Sync.dc.html","owner_approved","drawn","39-D31-Org-Platform.dc.html#ORG-08"
"ORG-08-M390-ready","ORG-08","انتهاء الاشتراك","ORG","M","390","ready","جاهز","أساسي","C-NOTICE C-PHASE C-STATUS","07-D3-Admin-Reports-Sync.dc.html","owner_approved","not_drawn",""
"ORG-08-M390-expired","ORG-08","انتهاء الاشتراك","ORG","M","390","expired","منتهي الصلاحية","أساسي","C-NOTICE C-PHASE C-STATUS","07-D3-Admin-Reports-Sync.dc.html","owner_approved","not_drawn",""
"ORG-08-M390-permission_denied","ORG-08","انتهاء الاشتراك","ORG","M","390","permission_denied","صلاحية مرفوضة","أساسي","C-NOTICE C-PHASE C-STATUS","07-D3-Admin-Reports-Sync.dc.html","owner_approved","not_drawn",""
"ORG-08-D1366-ready","ORG-08","انتهاء الاشتراك","ORG","D","1366","ready","جاهز","أساسي","C-NOTICE C-PHASE C-STATUS","07-D3-Admin-Reports-Sync.dc.html","owner_approved","not_drawn",""
"ORG-08-D1366-expired","ORG-08","انتهاء الاشتراك","ORG","D","1366","expired","منتهي الصلاحية","أساسي","C-NOTICE C-PHASE C-STATUS","07-D3-Admin-Reports-Sync.dc.html","owner_approved","not_drawn",""
"ORG-08-D1366-permission_denied","ORG-08","انتهاء الاشتراك","ORG","D","1366","permission_denied","صلاحية مرفوضة","أساسي","C-NOTICE C-PHASE C-STATUS","07-D3-Admin-Reports-Sync.dc.html","owner_approved","not_drawn",""
"ORG-08-D1920-ready","ORG-08","انتهاء الاشتراك","ORG","D","1920","ready","جاهز","أساسي","C-NOTICE C-PHASE C-STATUS","07-D3-Admin-Reports-Sync.dc.html","owner_approved","not_drawn",""
"ORG-08-D1920-expired","ORG-08","انتهاء الاشتراك","ORG","D","1920","expired","منتهي الصلاحية","أساسي","C-NOTICE C-PHASE C-STATUS","07-D3-Admin-Reports-Sync.dc.html","owner_approved","not_drawn",""
"ORG-08-D1920-permission_denied","ORG-08","انتهاء الاشتراك","ORG","D","1920","permission_denied","صلاحية مرفوضة","أساسي","C-NOTICE C-PHASE C-STATUS","07-D3-Admin-Reports-Sync.dc.html","owner_approved","not_drawn",""
"ORG-09-W390-ready","ORG-09","إعدادات المنشأة واللغة والقوالب","ORG","W","390","ready","جاهز","أساسي","C-FIELD C-DOCPRV C-PICK","07-D3-Admin-Reports-Sync.dc.html","owner_approved","not_drawn",""
"ORG-09-W390-validation_error","ORG-09","إعدادات المنشأة واللغة والقوالب","ORG","W","390","validation_error","خطأ تحقق","أساسي","C-FIELD C-DOCPRV C-PICK","07-D3-Admin-Reports-Sync.dc.html","owner_approved","not_drawn",""
"ORG-09-W390-success","ORG-09","إعدادات المنشأة واللغة والقوالب","ORG","W","390","success","نجاح","أساسي","C-FIELD C-DOCPRV C-PICK","07-D3-Admin-Reports-Sync.dc.html","owner_approved","not_drawn",""
"ORG-09-W834-ready","ORG-09","إعدادات المنشأة واللغة والقوالب","ORG","W","834","ready","جاهز","أساسي","C-FIELD C-DOCPRV C-PICK","07-D3-Admin-Reports-Sync.dc.html","owner_approved","not_drawn",""
"ORG-09-W834-validation_error","ORG-09","إعدادات المنشأة واللغة والقوالب","ORG","W","834","validation_error","خطأ تحقق","أساسي","C-FIELD C-DOCPRV C-PICK","07-D3-Admin-Reports-Sync.dc.html","owner_approved","not_drawn",""
"ORG-09-W834-success","ORG-09","إعدادات المنشأة واللغة والقوالب","ORG","W","834","success","نجاح","أساسي","C-FIELD C-DOCPRV C-PICK","07-D3-Admin-Reports-Sync.dc.html","owner_approved","not_drawn",""
"ORG-09-W1440-ready","ORG-09","إعدادات المنشأة واللغة والقوالب","ORG","W","1440","ready","جاهز","أساسي","C-FIELD C-DOCPRV C-PICK","07-D3-Admin-Reports-Sync.dc.html","owner_approved","drawn","13-D8-Decisions-Applied.dc.html#ORG-09"
"ORG-09-W1440-validation_error","ORG-09","إعدادات المنشأة واللغة والقوالب","ORG","W","1440","validation_error","خطأ تحقق","أساسي","C-FIELD C-DOCPRV C-PICK","07-D3-Admin-Reports-Sync.dc.html","owner_approved","drawn","27-D20-Org-Orders-Complete.dc.html#ORG-09"
"ORG-09-W1440-success","ORG-09","إعدادات المنشأة واللغة والقوالب","ORG","W","1440","success","نجاح","أساسي","C-FIELD C-DOCPRV C-PICK","07-D3-Admin-Reports-Sync.dc.html","owner_approved","drawn","27-D20-Org-Orders-Complete.dc.html#ORG-09"
"ORG-09-M390-ready","ORG-09","إعدادات المنشأة واللغة والقوالب","ORG","M","390","ready","جاهز","أساسي","C-FIELD C-DOCPRV C-PICK","07-D3-Admin-Reports-Sync.dc.html","owner_approved","not_drawn",""
"ORG-09-M390-validation_error","ORG-09","إعدادات المنشأة واللغة والقوالب","ORG","M","390","validation_error","خطأ تحقق","أساسي","C-FIELD C-DOCPRV C-PICK","07-D3-Admin-Reports-Sync.dc.html","owner_approved","not_drawn",""
"ORG-09-M390-success","ORG-09","إعدادات المنشأة واللغة والقوالب","ORG","M","390","success","نجاح","أساسي","C-FIELD C-DOCPRV C-PICK","07-D3-Admin-Reports-Sync.dc.html","owner_approved","not_drawn",""
"ORG-09-D1366-ready","ORG-09","إعدادات المنشأة واللغة والقوالب","ORG","D","1366","ready","جاهز","أساسي","C-FIELD C-DOCPRV C-PICK","07-D3-Admin-Reports-Sync.dc.html","owner_approved","not_drawn",""
"ORG-09-D1366-validation_error","ORG-09","إعدادات المنشأة واللغة والقوالب","ORG","D","1366","validation_error","خطأ تحقق","أساسي","C-FIELD C-DOCPRV C-PICK","07-D3-Admin-Reports-Sync.dc.html","owner_approved","not_drawn",""
"ORG-09-D1366-success","ORG-09","إعدادات المنشأة واللغة والقوالب","ORG","D","1366","success","نجاح","أساسي","C-FIELD C-DOCPRV C-PICK","07-D3-Admin-Reports-Sync.dc.html","owner_approved","not_drawn",""
"ORG-09-D1920-ready","ORG-09","إعدادات المنشأة واللغة والقوالب","ORG","D","1920","ready","جاهز","أساسي","C-FIELD C-DOCPRV C-PICK","07-D3-Admin-Reports-Sync.dc.html","owner_approved","not_drawn",""
"ORG-09-D1920-validation_error","ORG-09","إعدادات المنشأة واللغة والقوالب","ORG","D","1920","validation_error","خطأ تحقق","أساسي","C-FIELD C-DOCPRV C-PICK","07-D3-Admin-Reports-Sync.dc.html","owner_approved","not_drawn",""
"ORG-09-D1920-success","ORG-09","إعدادات المنشأة واللغة والقوالب","ORG","D","1920","success","نجاح","أساسي","C-FIELD C-DOCPRV C-PICK","07-D3-Admin-Reports-Sync.dc.html","owner_approved","not_drawn",""
"ORG-09-W390-conflict","ORG-09","إعدادات المنشأة واللغة والقوالب","ORG","W","390","conflict","تعارض","أساسي","C-FIELD C-DOCPRV C-PICK","07-D3-Admin-Reports-Sync.dc.html","owner_approved","not_drawn",""
"ORG-09-W834-conflict","ORG-09","إعدادات المنشأة واللغة والقوالب","ORG","W","834","conflict","تعارض","أساسي","C-FIELD C-DOCPRV C-PICK","07-D3-Admin-Reports-Sync.dc.html","owner_approved","not_drawn",""
"ORG-09-W1440-conflict","ORG-09","إعدادات المنشأة واللغة والقوالب","ORG","W","1440","conflict","تعارض","أساسي","C-FIELD C-DOCPRV C-PICK","07-D3-Admin-Reports-Sync.dc.html","owner_approved","drawn","20-D15-Org-Access-Closure.dc.html#ORG-09"
"ORG-09-M390-conflict","ORG-09","إعدادات المنشأة واللغة والقوالب","ORG","M","390","conflict","تعارض","أساسي","C-FIELD C-DOCPRV C-PICK","07-D3-Admin-Reports-Sync.dc.html","owner_approved","not_drawn",""
"ORG-09-D1366-conflict","ORG-09","إعدادات المنشأة واللغة والقوالب","ORG","D","1366","conflict","تعارض","أساسي","C-FIELD C-DOCPRV C-PICK","07-D3-Admin-Reports-Sync.dc.html","owner_approved","not_drawn",""
"ORG-09-D1920-conflict","ORG-09","إعدادات المنشأة واللغة والقوالب","ORG","D","1920","conflict","تعارض","أساسي","C-FIELD C-DOCPRV C-PICK","07-D3-Admin-Reports-Sync.dc.html","owner_approved","not_drawn",""
"ORG-10-W390-ready","ORG-10","سجل تدقيق","ORG","W","390","ready","جاهز","أساسي","C-TABLE C-FILTER C-TIMELIST","07-D3-Admin-Reports-Sync.dc.html","owner_approved","not_drawn",""
"ORG-10-W390-loading","ORG-10","سجل تدقيق","ORG","W","390","loading","تحميل","أساسي","C-TABLE C-FILTER C-TIMELIST","07-D3-Admin-Reports-Sync.dc.html","owner_approved","not_drawn",""
"ORG-10-W390-empty","ORG-10","سجل تدقيق","ORG","W","390","empty","فارغ","أساسي","C-TABLE C-FILTER C-TIMELIST","07-D3-Admin-Reports-Sync.dc.html","owner_approved","not_drawn",""
"ORG-10-W390-permission_denied","ORG-10","سجل تدقيق","ORG","W","390","permission_denied","صلاحية مرفوضة","أساسي","C-TABLE C-FILTER C-TIMELIST","07-D3-Admin-Reports-Sync.dc.html","owner_approved","not_drawn",""
"ORG-10-W834-ready","ORG-10","سجل تدقيق","ORG","W","834","ready","جاهز","أساسي","C-TABLE C-FILTER C-TIMELIST","07-D3-Admin-Reports-Sync.dc.html","owner_approved","not_drawn",""
"ORG-10-W834-loading","ORG-10","سجل تدقيق","ORG","W","834","loading","تحميل","أساسي","C-TABLE C-FILTER C-TIMELIST","07-D3-Admin-Reports-Sync.dc.html","owner_approved","not_drawn",""
"ORG-10-W834-empty","ORG-10","سجل تدقيق","ORG","W","834","empty","فارغ","أساسي","C-TABLE C-FILTER C-TIMELIST","07-D3-Admin-Reports-Sync.dc.html","owner_approved","not_drawn",""
"ORG-10-W834-permission_denied","ORG-10","سجل تدقيق","ORG","W","834","permission_denied","صلاحية مرفوضة","أساسي","C-TABLE C-FILTER C-TIMELIST","07-D3-Admin-Reports-Sync.dc.html","owner_approved","not_drawn",""
"ORG-10-W1440-ready","ORG-10","سجل تدقيق","ORG","W","1440","ready","جاهز","أساسي","C-TABLE C-FILTER C-TIMELIST","07-D3-Admin-Reports-Sync.dc.html","owner_approved","drawn","20-D15-Org-Access-Closure.dc.html#ORG-10"
"ORG-10-W1440-loading","ORG-10","سجل تدقيق","ORG","W","1440","loading","تحميل","أساسي","C-TABLE C-FILTER C-TIMELIST","07-D3-Admin-Reports-Sync.dc.html","owner_approved","drawn","39-D31-Org-Platform.dc.html#ORG-10"
"ORG-10-W1440-empty","ORG-10","سجل تدقيق","ORG","W","1440","empty","فارغ","أساسي","C-TABLE C-FILTER C-TIMELIST","07-D3-Admin-Reports-Sync.dc.html","owner_approved","drawn","39-D31-Org-Platform.dc.html#ORG-10"
"ORG-10-W1440-permission_denied","ORG-10","سجل تدقيق","ORG","W","1440","permission_denied","صلاحية مرفوضة","أساسي","C-TABLE C-FILTER C-TIMELIST","07-D3-Admin-Reports-Sync.dc.html","owner_approved","drawn","20-D15-Org-Access-Closure.dc.html#ORG-10"
"ORG-10-M390-ready","ORG-10","سجل تدقيق","ORG","M","390","ready","جاهز","أساسي","C-TABLE C-FILTER C-TIMELIST","07-D3-Admin-Reports-Sync.dc.html","owner_approved","drawn","20-D15-Org-Access-Closure.dc.html#ORG-10"
"ORG-10-M390-loading","ORG-10","سجل تدقيق","ORG","M","390","loading","تحميل","أساسي","C-TABLE C-FILTER C-TIMELIST","07-D3-Admin-Reports-Sync.dc.html","owner_approved","not_drawn",""
"ORG-10-M390-empty","ORG-10","سجل تدقيق","ORG","M","390","empty","فارغ","أساسي","C-TABLE C-FILTER C-TIMELIST","07-D3-Admin-Reports-Sync.dc.html","owner_approved","not_drawn",""
"ORG-10-M390-permission_denied","ORG-10","سجل تدقيق","ORG","M","390","permission_denied","صلاحية مرفوضة","أساسي","C-TABLE C-FILTER C-TIMELIST","07-D3-Admin-Reports-Sync.dc.html","owner_approved","not_drawn",""
"ORG-10-D1366-ready","ORG-10","سجل تدقيق","ORG","D","1366","ready","جاهز","أساسي","C-TABLE C-FILTER C-TIMELIST","07-D3-Admin-Reports-Sync.dc.html","owner_approved","not_drawn",""
"ORG-10-D1366-loading","ORG-10","سجل تدقيق","ORG","D","1366","loading","تحميل","أساسي","C-TABLE C-FILTER C-TIMELIST","07-D3-Admin-Reports-Sync.dc.html","owner_approved","not_drawn",""
"ORG-10-D1366-empty","ORG-10","سجل تدقيق","ORG","D","1366","empty","فارغ","أساسي","C-TABLE C-FILTER C-TIMELIST","07-D3-Admin-Reports-Sync.dc.html","owner_approved","not_drawn",""
"ORG-10-D1366-permission_denied","ORG-10","سجل تدقيق","ORG","D","1366","permission_denied","صلاحية مرفوضة","أساسي","C-TABLE C-FILTER C-TIMELIST","07-D3-Admin-Reports-Sync.dc.html","owner_approved","not_drawn",""
"ORG-10-D1920-ready","ORG-10","سجل تدقيق","ORG","D","1920","ready","جاهز","أساسي","C-TABLE C-FILTER C-TIMELIST","07-D3-Admin-Reports-Sync.dc.html","owner_approved","not_drawn",""
"ORG-10-D1920-loading","ORG-10","سجل تدقيق","ORG","D","1920","loading","تحميل","أساسي","C-TABLE C-FILTER C-TIMELIST","07-D3-Admin-Reports-Sync.dc.html","owner_approved","not_drawn",""
"ORG-10-D1920-empty","ORG-10","سجل تدقيق","ORG","D","1920","empty","فارغ","أساسي","C-TABLE C-FILTER C-TIMELIST","07-D3-Admin-Reports-Sync.dc.html","owner_approved","not_drawn",""
"ORG-10-D1920-permission_denied","ORG-10","سجل تدقيق","ORG","D","1920","permission_denied","صلاحية مرفوضة","أساسي","C-TABLE C-FILTER C-TIMELIST","07-D3-Admin-Reports-Sync.dc.html","owner_approved","not_drawn",""
"REP-01-W390-ready","REP-01","تقرير المبيعات","REP","W","390","ready","جاهز","أساسي","C-TABLE C-FILTER C-SYNC","07-D3-Admin-Reports-Sync.dc.html","owner_approved","not_drawn",""
"REP-01-W390-loading","REP-01","تقرير المبيعات","REP","W","390","loading","تحميل","أساسي","C-TABLE C-FILTER C-SYNC","07-D3-Admin-Reports-Sync.dc.html","owner_approved","not_drawn",""
"REP-01-W390-empty","REP-01","تقرير المبيعات","REP","W","390","empty","فارغ","أساسي","C-TABLE C-FILTER C-SYNC","07-D3-Admin-Reports-Sync.dc.html","owner_approved","not_drawn",""
"REP-01-W390-stale","REP-01","تقرير المبيعات","REP","W","390","stale","بيانات قديمة","أساسي","C-TABLE C-FILTER C-SYNC","07-D3-Admin-Reports-Sync.dc.html","owner_approved","not_drawn",""
"REP-01-W390-pending_sync","REP-01","تقرير المبيعات","REP","W","390","pending_sync","معلّق المزامنة","أساسي","C-TABLE C-FILTER C-SYNC","07-D3-Admin-Reports-Sync.dc.html","owner_approved","not_drawn",""
"REP-01-W390-permission_denied","REP-01","تقرير المبيعات","REP","W","390","permission_denied","صلاحية مرفوضة","أساسي","C-TABLE C-FILTER C-SYNC","07-D3-Admin-Reports-Sync.dc.html","owner_approved","not_drawn",""
"REP-01-W834-ready","REP-01","تقرير المبيعات","REP","W","834","ready","جاهز","أساسي","C-TABLE C-FILTER C-SYNC","07-D3-Admin-Reports-Sync.dc.html","owner_approved","not_drawn",""
"REP-01-W834-loading","REP-01","تقرير المبيعات","REP","W","834","loading","تحميل","أساسي","C-TABLE C-FILTER C-SYNC","07-D3-Admin-Reports-Sync.dc.html","owner_approved","not_drawn",""
"REP-01-W834-empty","REP-01","تقرير المبيعات","REP","W","834","empty","فارغ","أساسي","C-TABLE C-FILTER C-SYNC","07-D3-Admin-Reports-Sync.dc.html","owner_approved","not_drawn",""
"REP-01-W834-stale","REP-01","تقرير المبيعات","REP","W","834","stale","بيانات قديمة","أساسي","C-TABLE C-FILTER C-SYNC","07-D3-Admin-Reports-Sync.dc.html","owner_approved","not_drawn",""
"REP-01-W834-pending_sync","REP-01","تقرير المبيعات","REP","W","834","pending_sync","معلّق المزامنة","أساسي","C-TABLE C-FILTER C-SYNC","07-D3-Admin-Reports-Sync.dc.html","owner_approved","not_drawn",""
"REP-01-W834-permission_denied","REP-01","تقرير المبيعات","REP","W","834","permission_denied","صلاحية مرفوضة","أساسي","C-TABLE C-FILTER C-SYNC","07-D3-Admin-Reports-Sync.dc.html","owner_approved","not_drawn",""
"REP-01-W1440-ready","REP-01","تقرير المبيعات","REP","W","1440","ready","جاهز","أساسي","C-TABLE C-FILTER C-SYNC","07-D3-Admin-Reports-Sync.dc.html","owner_approved","drawn","36-D28-Reports-Notifications-Mobile.dc.html#REP-01"
"REP-01-W1440-loading","REP-01","تقرير المبيعات","REP","W","1440","loading","تحميل","أساسي","C-TABLE C-FILTER C-SYNC","07-D3-Admin-Reports-Sync.dc.html","owner_approved","drawn","36-D28-Reports-Notifications-Mobile.dc.html#REP-01"
"REP-01-W1440-empty","REP-01","تقرير المبيعات","REP","W","1440","empty","فارغ","أساسي","C-TABLE C-FILTER C-SYNC","07-D3-Admin-Reports-Sync.dc.html","owner_approved","drawn","36-D28-Reports-Notifications-Mobile.dc.html#REP-01"
"REP-01-W1440-stale","REP-01","تقرير المبيعات","REP","W","1440","stale","بيانات قديمة","أساسي","C-TABLE C-FILTER C-SYNC","07-D3-Admin-Reports-Sync.dc.html","owner_approved","drawn","36-D28-Reports-Notifications-Mobile.dc.html#REP-01"
"REP-01-W1440-pending_sync","REP-01","تقرير المبيعات","REP","W","1440","pending_sync","معلّق المزامنة","أساسي","C-TABLE C-FILTER C-SYNC","07-D3-Admin-Reports-Sync.dc.html","owner_approved","drawn","16-D11-System-Reports.dc.html#REP-01"
"REP-01-W1440-permission_denied","REP-01","تقرير المبيعات","REP","W","1440","permission_denied","صلاحية مرفوضة","أساسي","C-TABLE C-FILTER C-SYNC","07-D3-Admin-Reports-Sync.dc.html","owner_approved","drawn","36-D28-Reports-Notifications-Mobile.dc.html#REP-01"
"REP-01-M390-ready","REP-01","تقرير المبيعات","REP","M","390","ready","جاهز","أساسي","C-TABLE C-FILTER C-SYNC","07-D3-Admin-Reports-Sync.dc.html","owner_approved","not_drawn",""
"REP-01-M390-loading","REP-01","تقرير المبيعات","REP","M","390","loading","تحميل","أساسي","C-TABLE C-FILTER C-SYNC","07-D3-Admin-Reports-Sync.dc.html","owner_approved","not_drawn",""
"REP-01-M390-empty","REP-01","تقرير المبيعات","REP","M","390","empty","فارغ","أساسي","C-TABLE C-FILTER C-SYNC","07-D3-Admin-Reports-Sync.dc.html","owner_approved","not_drawn",""
"REP-01-M390-stale","REP-01","تقرير المبيعات","REP","M","390","stale","بيانات قديمة","أساسي","C-TABLE C-FILTER C-SYNC","07-D3-Admin-Reports-Sync.dc.html","owner_approved","not_drawn",""
"REP-01-M390-pending_sync","REP-01","تقرير المبيعات","REP","M","390","pending_sync","معلّق المزامنة","أساسي","C-TABLE C-FILTER C-SYNC","07-D3-Admin-Reports-Sync.dc.html","owner_approved","not_drawn",""
"REP-01-M390-permission_denied","REP-01","تقرير المبيعات","REP","M","390","permission_denied","صلاحية مرفوضة","أساسي","C-TABLE C-FILTER C-SYNC","07-D3-Admin-Reports-Sync.dc.html","owner_approved","not_drawn",""
"REP-01-D1366-ready","REP-01","تقرير المبيعات","REP","D","1366","ready","جاهز","أساسي","C-TABLE C-FILTER C-SYNC","07-D3-Admin-Reports-Sync.dc.html","owner_approved","not_drawn",""
"REP-01-D1366-loading","REP-01","تقرير المبيعات","REP","D","1366","loading","تحميل","أساسي","C-TABLE C-FILTER C-SYNC","07-D3-Admin-Reports-Sync.dc.html","owner_approved","not_drawn",""
"REP-01-D1366-empty","REP-01","تقرير المبيعات","REP","D","1366","empty","فارغ","أساسي","C-TABLE C-FILTER C-SYNC","07-D3-Admin-Reports-Sync.dc.html","owner_approved","not_drawn",""
"REP-01-D1366-stale","REP-01","تقرير المبيعات","REP","D","1366","stale","بيانات قديمة","أساسي","C-TABLE C-FILTER C-SYNC","07-D3-Admin-Reports-Sync.dc.html","owner_approved","not_drawn",""
"REP-01-D1366-pending_sync","REP-01","تقرير المبيعات","REP","D","1366","pending_sync","معلّق المزامنة","أساسي","C-TABLE C-FILTER C-SYNC","07-D3-Admin-Reports-Sync.dc.html","owner_approved","not_drawn",""
"REP-01-D1366-permission_denied","REP-01","تقرير المبيعات","REP","D","1366","permission_denied","صلاحية مرفوضة","أساسي","C-TABLE C-FILTER C-SYNC","07-D3-Admin-Reports-Sync.dc.html","owner_approved","not_drawn",""
"REP-01-D1920-ready","REP-01","تقرير المبيعات","REP","D","1920","ready","جاهز","أساسي","C-TABLE C-FILTER C-SYNC","07-D3-Admin-Reports-Sync.dc.html","owner_approved","not_drawn",""
"REP-01-D1920-loading","REP-01","تقرير المبيعات","REP","D","1920","loading","تحميل","أساسي","C-TABLE C-FILTER C-SYNC","07-D3-Admin-Reports-Sync.dc.html","owner_approved","not_drawn",""
"REP-01-D1920-empty","REP-01","تقرير المبيعات","REP","D","1920","empty","فارغ","أساسي","C-TABLE C-FILTER C-SYNC","07-D3-Admin-Reports-Sync.dc.html","owner_approved","not_drawn",""
"REP-01-D1920-stale","REP-01","تقرير المبيعات","REP","D","1920","stale","بيانات قديمة","أساسي","C-TABLE C-FILTER C-SYNC","07-D3-Admin-Reports-Sync.dc.html","owner_approved","not_drawn",""
"REP-01-D1920-pending_sync","REP-01","تقرير المبيعات","REP","D","1920","pending_sync","معلّق المزامنة","أساسي","C-TABLE C-FILTER C-SYNC","07-D3-Admin-Reports-Sync.dc.html","owner_approved","not_drawn",""
"REP-01-D1920-permission_denied","REP-01","تقرير المبيعات","REP","D","1920","permission_denied","صلاحية مرفوضة","أساسي","C-TABLE C-FILTER C-SYNC","07-D3-Admin-Reports-Sync.dc.html","owner_approved","not_drawn",""
"REP-02-W390-ready","REP-02","تقرير الذمم","REP","W","390","ready","جاهز","أساسي","C-TABLE C-FILTER C-LEDLINE","07-D3-Admin-Reports-Sync.dc.html","owner_approved","not_drawn",""
"REP-02-W390-loading","REP-02","تقرير الذمم","REP","W","390","loading","تحميل","أساسي","C-TABLE C-FILTER C-LEDLINE","07-D3-Admin-Reports-Sync.dc.html","owner_approved","not_drawn",""
"REP-02-W390-empty","REP-02","تقرير الذمم","REP","W","390","empty","فارغ","أساسي","C-TABLE C-FILTER C-LEDLINE","07-D3-Admin-Reports-Sync.dc.html","owner_approved","not_drawn",""
"REP-02-W390-stale","REP-02","تقرير الذمم","REP","W","390","stale","بيانات قديمة","أساسي","C-TABLE C-FILTER C-LEDLINE","07-D3-Admin-Reports-Sync.dc.html","owner_approved","not_drawn",""
"REP-02-W390-permission_denied","REP-02","تقرير الذمم","REP","W","390","permission_denied","صلاحية مرفوضة","أساسي","C-TABLE C-FILTER C-LEDLINE","07-D3-Admin-Reports-Sync.dc.html","owner_approved","not_drawn",""
"REP-02-W834-ready","REP-02","تقرير الذمم","REP","W","834","ready","جاهز","أساسي","C-TABLE C-FILTER C-LEDLINE","07-D3-Admin-Reports-Sync.dc.html","owner_approved","not_drawn",""
"REP-02-W834-loading","REP-02","تقرير الذمم","REP","W","834","loading","تحميل","أساسي","C-TABLE C-FILTER C-LEDLINE","07-D3-Admin-Reports-Sync.dc.html","owner_approved","not_drawn",""
"REP-02-W834-empty","REP-02","تقرير الذمم","REP","W","834","empty","فارغ","أساسي","C-TABLE C-FILTER C-LEDLINE","07-D3-Admin-Reports-Sync.dc.html","owner_approved","not_drawn",""
"REP-02-W834-stale","REP-02","تقرير الذمم","REP","W","834","stale","بيانات قديمة","أساسي","C-TABLE C-FILTER C-LEDLINE","07-D3-Admin-Reports-Sync.dc.html","owner_approved","not_drawn",""
"REP-02-W834-permission_denied","REP-02","تقرير الذمم","REP","W","834","permission_denied","صلاحية مرفوضة","أساسي","C-TABLE C-FILTER C-LEDLINE","07-D3-Admin-Reports-Sync.dc.html","owner_approved","not_drawn",""
"REP-02-W1440-ready","REP-02","تقرير الذمم","REP","W","1440","ready","جاهز","أساسي","C-TABLE C-FILTER C-LEDLINE","07-D3-Admin-Reports-Sync.dc.html","owner_approved","drawn","07-D3-Admin-Reports-Sync.dc.html#REP-02"
"REP-02-W1440-loading","REP-02","تقرير الذمم","REP","W","1440","loading","تحميل","أساسي","C-TABLE C-FILTER C-LEDLINE","07-D3-Admin-Reports-Sync.dc.html","owner_approved","drawn","36-D28-Reports-Notifications-Mobile.dc.html#REP-02"
"REP-02-W1440-empty","REP-02","تقرير الذمم","REP","W","1440","empty","فارغ","أساسي","C-TABLE C-FILTER C-LEDLINE","07-D3-Admin-Reports-Sync.dc.html","owner_approved","drawn","36-D28-Reports-Notifications-Mobile.dc.html#REP-02"
"REP-02-W1440-stale","REP-02","تقرير الذمم","REP","W","1440","stale","بيانات قديمة","أساسي","C-TABLE C-FILTER C-LEDLINE","07-D3-Admin-Reports-Sync.dc.html","owner_approved","drawn","36-D28-Reports-Notifications-Mobile.dc.html#REP-02"
"REP-02-W1440-permission_denied","REP-02","تقرير الذمم","REP","W","1440","permission_denied","صلاحية مرفوضة","أساسي","C-TABLE C-FILTER C-LEDLINE","07-D3-Admin-Reports-Sync.dc.html","owner_approved","drawn","36-D28-Reports-Notifications-Mobile.dc.html#REP-02"
"REP-02-M390-ready","REP-02","تقرير الذمم","REP","M","390","ready","جاهز","أساسي","C-TABLE C-FILTER C-LEDLINE","07-D3-Admin-Reports-Sync.dc.html","owner_approved","not_drawn",""
"REP-02-M390-loading","REP-02","تقرير الذمم","REP","M","390","loading","تحميل","أساسي","C-TABLE C-FILTER C-LEDLINE","07-D3-Admin-Reports-Sync.dc.html","owner_approved","not_drawn",""
"REP-02-M390-empty","REP-02","تقرير الذمم","REP","M","390","empty","فارغ","أساسي","C-TABLE C-FILTER C-LEDLINE","07-D3-Admin-Reports-Sync.dc.html","owner_approved","not_drawn",""
"REP-02-M390-stale","REP-02","تقرير الذمم","REP","M","390","stale","بيانات قديمة","أساسي","C-TABLE C-FILTER C-LEDLINE","07-D3-Admin-Reports-Sync.dc.html","owner_approved","not_drawn",""
"REP-02-M390-permission_denied","REP-02","تقرير الذمم","REP","M","390","permission_denied","صلاحية مرفوضة","أساسي","C-TABLE C-FILTER C-LEDLINE","07-D3-Admin-Reports-Sync.dc.html","owner_approved","not_drawn",""
"REP-02-D1366-ready","REP-02","تقرير الذمم","REP","D","1366","ready","جاهز","أساسي","C-TABLE C-FILTER C-LEDLINE","07-D3-Admin-Reports-Sync.dc.html","owner_approved","not_drawn",""
"REP-02-D1366-loading","REP-02","تقرير الذمم","REP","D","1366","loading","تحميل","أساسي","C-TABLE C-FILTER C-LEDLINE","07-D3-Admin-Reports-Sync.dc.html","owner_approved","not_drawn",""
"REP-02-D1366-empty","REP-02","تقرير الذمم","REP","D","1366","empty","فارغ","أساسي","C-TABLE C-FILTER C-LEDLINE","07-D3-Admin-Reports-Sync.dc.html","owner_approved","not_drawn",""
"REP-02-D1366-stale","REP-02","تقرير الذمم","REP","D","1366","stale","بيانات قديمة","أساسي","C-TABLE C-FILTER C-LEDLINE","07-D3-Admin-Reports-Sync.dc.html","owner_approved","not_drawn",""
"REP-02-D1366-permission_denied","REP-02","تقرير الذمم","REP","D","1366","permission_denied","صلاحية مرفوضة","أساسي","C-TABLE C-FILTER C-LEDLINE","07-D3-Admin-Reports-Sync.dc.html","owner_approved","not_drawn",""
"REP-02-D1920-ready","REP-02","تقرير الذمم","REP","D","1920","ready","جاهز","أساسي","C-TABLE C-FILTER C-LEDLINE","07-D3-Admin-Reports-Sync.dc.html","owner_approved","not_drawn",""
"REP-02-D1920-loading","REP-02","تقرير الذمم","REP","D","1920","loading","تحميل","أساسي","C-TABLE C-FILTER C-LEDLINE","07-D3-Admin-Reports-Sync.dc.html","owner_approved","not_drawn",""
"REP-02-D1920-empty","REP-02","تقرير الذمم","REP","D","1920","empty","فارغ","أساسي","C-TABLE C-FILTER C-LEDLINE","07-D3-Admin-Reports-Sync.dc.html","owner_approved","not_drawn",""
"REP-02-D1920-stale","REP-02","تقرير الذمم","REP","D","1920","stale","بيانات قديمة","أساسي","C-TABLE C-FILTER C-LEDLINE","07-D3-Admin-Reports-Sync.dc.html","owner_approved","not_drawn",""
"REP-02-D1920-permission_denied","REP-02","تقرير الذمم","REP","D","1920","permission_denied","صلاحية مرفوضة","أساسي","C-TABLE C-FILTER C-LEDLINE","07-D3-Admin-Reports-Sync.dc.html","owner_approved","not_drawn",""
"REP-03-W390-ready","REP-03","تقرير المخزون والحركات","REP","W","390","ready","جاهز","أساسي","C-TABLE C-FILTER C-QTYUNIT","07-D3-Admin-Reports-Sync.dc.html","owner_approved","not_drawn",""
"REP-03-W390-loading","REP-03","تقرير المخزون والحركات","REP","W","390","loading","تحميل","أساسي","C-TABLE C-FILTER C-QTYUNIT","07-D3-Admin-Reports-Sync.dc.html","owner_approved","not_drawn",""
"REP-03-W390-empty","REP-03","تقرير المخزون والحركات","REP","W","390","empty","فارغ","أساسي","C-TABLE C-FILTER C-QTYUNIT","07-D3-Admin-Reports-Sync.dc.html","owner_approved","not_drawn",""
"REP-03-W390-stale","REP-03","تقرير المخزون والحركات","REP","W","390","stale","بيانات قديمة","أساسي","C-TABLE C-FILTER C-QTYUNIT","07-D3-Admin-Reports-Sync.dc.html","owner_approved","not_drawn",""
"REP-03-W390-pending_sync","REP-03","تقرير المخزون والحركات","REP","W","390","pending_sync","معلّق المزامنة","أساسي","C-TABLE C-FILTER C-QTYUNIT","07-D3-Admin-Reports-Sync.dc.html","owner_approved","not_drawn",""
"REP-03-W834-ready","REP-03","تقرير المخزون والحركات","REP","W","834","ready","جاهز","أساسي","C-TABLE C-FILTER C-QTYUNIT","07-D3-Admin-Reports-Sync.dc.html","owner_approved","not_drawn",""
"REP-03-W834-loading","REP-03","تقرير المخزون والحركات","REP","W","834","loading","تحميل","أساسي","C-TABLE C-FILTER C-QTYUNIT","07-D3-Admin-Reports-Sync.dc.html","owner_approved","not_drawn",""
"REP-03-W834-empty","REP-03","تقرير المخزون والحركات","REP","W","834","empty","فارغ","أساسي","C-TABLE C-FILTER C-QTYUNIT","07-D3-Admin-Reports-Sync.dc.html","owner_approved","not_drawn",""
"REP-03-W834-stale","REP-03","تقرير المخزون والحركات","REP","W","834","stale","بيانات قديمة","أساسي","C-TABLE C-FILTER C-QTYUNIT","07-D3-Admin-Reports-Sync.dc.html","owner_approved","not_drawn",""
"REP-03-W834-pending_sync","REP-03","تقرير المخزون والحركات","REP","W","834","pending_sync","معلّق المزامنة","أساسي","C-TABLE C-FILTER C-QTYUNIT","07-D3-Admin-Reports-Sync.dc.html","owner_approved","not_drawn",""
"REP-03-W1440-ready","REP-03","تقرير المخزون والحركات","REP","W","1440","ready","جاهز","أساسي","C-TABLE C-FILTER C-QTYUNIT","07-D3-Admin-Reports-Sync.dc.html","owner_approved","drawn","19-D14-Sync-Recovery-Reports.dc.html#REP-03"
"REP-03-W1440-loading","REP-03","تقرير المخزون والحركات","REP","W","1440","loading","تحميل","أساسي","C-TABLE C-FILTER C-QTYUNIT","07-D3-Admin-Reports-Sync.dc.html","owner_approved","drawn","36-D28-Reports-Notifications-Mobile.dc.html#REP-03"
"REP-03-W1440-empty","REP-03","تقرير المخزون والحركات","REP","W","1440","empty","فارغ","أساسي","C-TABLE C-FILTER C-QTYUNIT","07-D3-Admin-Reports-Sync.dc.html","owner_approved","drawn","36-D28-Reports-Notifications-Mobile.dc.html#REP-03"
"REP-03-W1440-stale","REP-03","تقرير المخزون والحركات","REP","W","1440","stale","بيانات قديمة","أساسي","C-TABLE C-FILTER C-QTYUNIT","07-D3-Admin-Reports-Sync.dc.html","owner_approved","drawn","36-D28-Reports-Notifications-Mobile.dc.html#REP-03"
"REP-03-W1440-pending_sync","REP-03","تقرير المخزون والحركات","REP","W","1440","pending_sync","معلّق المزامنة","أساسي","C-TABLE C-FILTER C-QTYUNIT","07-D3-Admin-Reports-Sync.dc.html","owner_approved","drawn","36-D28-Reports-Notifications-Mobile.dc.html#REP-03"
"REP-03-M390-ready","REP-03","تقرير المخزون والحركات","REP","M","390","ready","جاهز","أساسي","C-TABLE C-FILTER C-QTYUNIT","07-D3-Admin-Reports-Sync.dc.html","owner_approved","not_drawn",""
"REP-03-M390-loading","REP-03","تقرير المخزون والحركات","REP","M","390","loading","تحميل","أساسي","C-TABLE C-FILTER C-QTYUNIT","07-D3-Admin-Reports-Sync.dc.html","owner_approved","not_drawn",""
"REP-03-M390-empty","REP-03","تقرير المخزون والحركات","REP","M","390","empty","فارغ","أساسي","C-TABLE C-FILTER C-QTYUNIT","07-D3-Admin-Reports-Sync.dc.html","owner_approved","not_drawn",""
"REP-03-M390-stale","REP-03","تقرير المخزون والحركات","REP","M","390","stale","بيانات قديمة","أساسي","C-TABLE C-FILTER C-QTYUNIT","07-D3-Admin-Reports-Sync.dc.html","owner_approved","not_drawn",""
"REP-03-M390-pending_sync","REP-03","تقرير المخزون والحركات","REP","M","390","pending_sync","معلّق المزامنة","أساسي","C-TABLE C-FILTER C-QTYUNIT","07-D3-Admin-Reports-Sync.dc.html","owner_approved","not_drawn",""
"REP-03-D1366-ready","REP-03","تقرير المخزون والحركات","REP","D","1366","ready","جاهز","أساسي","C-TABLE C-FILTER C-QTYUNIT","07-D3-Admin-Reports-Sync.dc.html","owner_approved","not_drawn",""
"REP-03-D1366-loading","REP-03","تقرير المخزون والحركات","REP","D","1366","loading","تحميل","أساسي","C-TABLE C-FILTER C-QTYUNIT","07-D3-Admin-Reports-Sync.dc.html","owner_approved","not_drawn",""
"REP-03-D1366-empty","REP-03","تقرير المخزون والحركات","REP","D","1366","empty","فارغ","أساسي","C-TABLE C-FILTER C-QTYUNIT","07-D3-Admin-Reports-Sync.dc.html","owner_approved","not_drawn",""
"REP-03-D1366-stale","REP-03","تقرير المخزون والحركات","REP","D","1366","stale","بيانات قديمة","أساسي","C-TABLE C-FILTER C-QTYUNIT","07-D3-Admin-Reports-Sync.dc.html","owner_approved","not_drawn",""
"REP-03-D1366-pending_sync","REP-03","تقرير المخزون والحركات","REP","D","1366","pending_sync","معلّق المزامنة","أساسي","C-TABLE C-FILTER C-QTYUNIT","07-D3-Admin-Reports-Sync.dc.html","owner_approved","not_drawn",""
"REP-03-D1920-ready","REP-03","تقرير المخزون والحركات","REP","D","1920","ready","جاهز","أساسي","C-TABLE C-FILTER C-QTYUNIT","07-D3-Admin-Reports-Sync.dc.html","owner_approved","not_drawn",""
"REP-03-D1920-loading","REP-03","تقرير المخزون والحركات","REP","D","1920","loading","تحميل","أساسي","C-TABLE C-FILTER C-QTYUNIT","07-D3-Admin-Reports-Sync.dc.html","owner_approved","not_drawn",""
"REP-03-D1920-empty","REP-03","تقرير المخزون والحركات","REP","D","1920","empty","فارغ","أساسي","C-TABLE C-FILTER C-QTYUNIT","07-D3-Admin-Reports-Sync.dc.html","owner_approved","not_drawn",""
"REP-03-D1920-stale","REP-03","تقرير المخزون والحركات","REP","D","1920","stale","بيانات قديمة","أساسي","C-TABLE C-FILTER C-QTYUNIT","07-D3-Admin-Reports-Sync.dc.html","owner_approved","not_drawn",""
"REP-03-D1920-pending_sync","REP-03","تقرير المخزون والحركات","REP","D","1920","pending_sync","معلّق المزامنة","أساسي","C-TABLE C-FILTER C-QTYUNIT","07-D3-Admin-Reports-Sync.dc.html","owner_approved","not_drawn",""
"REP-04-W390-ready","REP-04","تقرير الصندوق والورديات","REP","W","390","ready","جاهز","أساسي","C-TABLE C-MONEY C-STATUS","07-D3-Admin-Reports-Sync.dc.html","owner_approved","not_drawn",""
"REP-04-W390-loading","REP-04","تقرير الصندوق والورديات","REP","W","390","loading","تحميل","أساسي","C-TABLE C-MONEY C-STATUS","07-D3-Admin-Reports-Sync.dc.html","owner_approved","not_drawn",""
"REP-04-W390-empty","REP-04","تقرير الصندوق والورديات","REP","W","390","empty","فارغ","أساسي","C-TABLE C-MONEY C-STATUS","07-D3-Admin-Reports-Sync.dc.html","owner_approved","not_drawn",""
"REP-04-W390-conflict","REP-04","تقرير الصندوق والورديات","REP","W","390","conflict","تعارض","أساسي","C-TABLE C-MONEY C-STATUS","07-D3-Admin-Reports-Sync.dc.html","owner_approved","not_drawn",""
"REP-04-W390-stale","REP-04","تقرير الصندوق والورديات","REP","W","390","stale","بيانات قديمة","أساسي","C-TABLE C-MONEY C-STATUS","07-D3-Admin-Reports-Sync.dc.html","owner_approved","not_drawn",""
"REP-04-W834-ready","REP-04","تقرير الصندوق والورديات","REP","W","834","ready","جاهز","أساسي","C-TABLE C-MONEY C-STATUS","07-D3-Admin-Reports-Sync.dc.html","owner_approved","not_drawn",""
"REP-04-W834-loading","REP-04","تقرير الصندوق والورديات","REP","W","834","loading","تحميل","أساسي","C-TABLE C-MONEY C-STATUS","07-D3-Admin-Reports-Sync.dc.html","owner_approved","not_drawn",""
"REP-04-W834-empty","REP-04","تقرير الصندوق والورديات","REP","W","834","empty","فارغ","أساسي","C-TABLE C-MONEY C-STATUS","07-D3-Admin-Reports-Sync.dc.html","owner_approved","not_drawn",""
"REP-04-W834-conflict","REP-04","تقرير الصندوق والورديات","REP","W","834","conflict","تعارض","أساسي","C-TABLE C-MONEY C-STATUS","07-D3-Admin-Reports-Sync.dc.html","owner_approved","not_drawn",""
"REP-04-W834-stale","REP-04","تقرير الصندوق والورديات","REP","W","834","stale","بيانات قديمة","أساسي","C-TABLE C-MONEY C-STATUS","07-D3-Admin-Reports-Sync.dc.html","owner_approved","not_drawn",""
"REP-04-W1440-ready","REP-04","تقرير الصندوق والورديات","REP","W","1440","ready","جاهز","أساسي","C-TABLE C-MONEY C-STATUS","07-D3-Admin-Reports-Sync.dc.html","owner_approved","drawn","36-D28-Reports-Notifications-Mobile.dc.html#REP-04"
"REP-04-W1440-loading","REP-04","تقرير الصندوق والورديات","REP","W","1440","loading","تحميل","أساسي","C-TABLE C-MONEY C-STATUS","07-D3-Admin-Reports-Sync.dc.html","owner_approved","drawn","36-D28-Reports-Notifications-Mobile.dc.html#REP-04"
"REP-04-W1440-empty","REP-04","تقرير الصندوق والورديات","REP","W","1440","empty","فارغ","أساسي","C-TABLE C-MONEY C-STATUS","07-D3-Admin-Reports-Sync.dc.html","owner_approved","drawn","36-D28-Reports-Notifications-Mobile.dc.html#REP-04"
"REP-04-W1440-conflict","REP-04","تقرير الصندوق والورديات","REP","W","1440","conflict","تعارض","أساسي","C-TABLE C-MONEY C-STATUS","07-D3-Admin-Reports-Sync.dc.html","owner_approved","drawn","36-D28-Reports-Notifications-Mobile.dc.html#REP-04"
"REP-04-W1440-stale","REP-04","تقرير الصندوق والورديات","REP","W","1440","stale","بيانات قديمة","أساسي","C-TABLE C-MONEY C-STATUS","07-D3-Admin-Reports-Sync.dc.html","owner_approved","drawn","16-D11-System-Reports.dc.html#REP-04"
"REP-04-M390-ready","REP-04","تقرير الصندوق والورديات","REP","M","390","ready","جاهز","أساسي","C-TABLE C-MONEY C-STATUS","07-D3-Admin-Reports-Sync.dc.html","owner_approved","not_drawn",""
"REP-04-M390-loading","REP-04","تقرير الصندوق والورديات","REP","M","390","loading","تحميل","أساسي","C-TABLE C-MONEY C-STATUS","07-D3-Admin-Reports-Sync.dc.html","owner_approved","not_drawn",""
"REP-04-M390-empty","REP-04","تقرير الصندوق والورديات","REP","M","390","empty","فارغ","أساسي","C-TABLE C-MONEY C-STATUS","07-D3-Admin-Reports-Sync.dc.html","owner_approved","not_drawn",""
"REP-04-M390-conflict","REP-04","تقرير الصندوق والورديات","REP","M","390","conflict","تعارض","أساسي","C-TABLE C-MONEY C-STATUS","07-D3-Admin-Reports-Sync.dc.html","owner_approved","not_drawn",""
"REP-04-M390-stale","REP-04","تقرير الصندوق والورديات","REP","M","390","stale","بيانات قديمة","أساسي","C-TABLE C-MONEY C-STATUS","07-D3-Admin-Reports-Sync.dc.html","owner_approved","not_drawn",""
"REP-04-D1366-ready","REP-04","تقرير الصندوق والورديات","REP","D","1366","ready","جاهز","أساسي","C-TABLE C-MONEY C-STATUS","07-D3-Admin-Reports-Sync.dc.html","owner_approved","not_drawn",""
"REP-04-D1366-loading","REP-04","تقرير الصندوق والورديات","REP","D","1366","loading","تحميل","أساسي","C-TABLE C-MONEY C-STATUS","07-D3-Admin-Reports-Sync.dc.html","owner_approved","not_drawn",""
"REP-04-D1366-empty","REP-04","تقرير الصندوق والورديات","REP","D","1366","empty","فارغ","أساسي","C-TABLE C-MONEY C-STATUS","07-D3-Admin-Reports-Sync.dc.html","owner_approved","not_drawn",""
"REP-04-D1366-conflict","REP-04","تقرير الصندوق والورديات","REP","D","1366","conflict","تعارض","أساسي","C-TABLE C-MONEY C-STATUS","07-D3-Admin-Reports-Sync.dc.html","owner_approved","not_drawn",""
"REP-04-D1366-stale","REP-04","تقرير الصندوق والورديات","REP","D","1366","stale","بيانات قديمة","أساسي","C-TABLE C-MONEY C-STATUS","07-D3-Admin-Reports-Sync.dc.html","owner_approved","not_drawn",""
"REP-04-D1920-ready","REP-04","تقرير الصندوق والورديات","REP","D","1920","ready","جاهز","أساسي","C-TABLE C-MONEY C-STATUS","07-D3-Admin-Reports-Sync.dc.html","owner_approved","not_drawn",""
"REP-04-D1920-loading","REP-04","تقرير الصندوق والورديات","REP","D","1920","loading","تحميل","أساسي","C-TABLE C-MONEY C-STATUS","07-D3-Admin-Reports-Sync.dc.html","owner_approved","not_drawn",""
"REP-04-D1920-empty","REP-04","تقرير الصندوق والورديات","REP","D","1920","empty","فارغ","أساسي","C-TABLE C-MONEY C-STATUS","07-D3-Admin-Reports-Sync.dc.html","owner_approved","not_drawn",""
"REP-04-D1920-conflict","REP-04","تقرير الصندوق والورديات","REP","D","1920","conflict","تعارض","أساسي","C-TABLE C-MONEY C-STATUS","07-D3-Admin-Reports-Sync.dc.html","owner_approved","not_drawn",""
"REP-04-D1920-stale","REP-04","تقرير الصندوق والورديات","REP","D","1920","stale","بيانات قديمة","أساسي","C-TABLE C-MONEY C-STATUS","07-D3-Admin-Reports-Sync.dc.html","owner_approved","not_drawn",""
"REP-05-W390-ready","REP-05","الهامش والمقارنة بين الفروع","REP","W","390","ready","جاهز","مشروط","C-TABLE C-PHASE C-NOTICE","07-D3-Admin-Reports-Sync.dc.html","owner_approved","not_drawn",""
"REP-05-W390-empty","REP-05","الهامش والمقارنة بين الفروع","REP","W","390","empty","فارغ","مشروط","C-TABLE C-PHASE C-NOTICE","07-D3-Admin-Reports-Sync.dc.html","owner_approved","not_drawn",""
"REP-05-W390-permission_denied","REP-05","الهامش والمقارنة بين الفروع","REP","W","390","permission_denied","صلاحية مرفوضة","مشروط","C-TABLE C-PHASE C-NOTICE","07-D3-Admin-Reports-Sync.dc.html","owner_approved","not_drawn",""
"REP-05-W390-phase_locked","REP-05","الهامش والمقارنة بين الفروع","REP","W","390","phase_locked","مرحلة غير مفعّلة","مشروط","C-TABLE C-PHASE C-NOTICE","07-D3-Admin-Reports-Sync.dc.html","owner_approved","not_drawn",""
"REP-05-W834-ready","REP-05","الهامش والمقارنة بين الفروع","REP","W","834","ready","جاهز","مشروط","C-TABLE C-PHASE C-NOTICE","07-D3-Admin-Reports-Sync.dc.html","owner_approved","not_drawn",""
"REP-05-W834-empty","REP-05","الهامش والمقارنة بين الفروع","REP","W","834","empty","فارغ","مشروط","C-TABLE C-PHASE C-NOTICE","07-D3-Admin-Reports-Sync.dc.html","owner_approved","not_drawn",""
"REP-05-W834-permission_denied","REP-05","الهامش والمقارنة بين الفروع","REP","W","834","permission_denied","صلاحية مرفوضة","مشروط","C-TABLE C-PHASE C-NOTICE","07-D3-Admin-Reports-Sync.dc.html","owner_approved","not_drawn",""
"REP-05-W834-phase_locked","REP-05","الهامش والمقارنة بين الفروع","REP","W","834","phase_locked","مرحلة غير مفعّلة","مشروط","C-TABLE C-PHASE C-NOTICE","07-D3-Admin-Reports-Sync.dc.html","owner_approved","not_drawn",""
"REP-05-W1440-ready","REP-05","الهامش والمقارنة بين الفروع","REP","W","1440","ready","جاهز","مشروط","C-TABLE C-PHASE C-NOTICE","07-D3-Admin-Reports-Sync.dc.html","owner_approved","drawn","36-D28-Reports-Notifications-Mobile.dc.html#REP-05"
"REP-05-W1440-empty","REP-05","الهامش والمقارنة بين الفروع","REP","W","1440","empty","فارغ","مشروط","C-TABLE C-PHASE C-NOTICE","07-D3-Admin-Reports-Sync.dc.html","owner_approved","drawn","16-D11-System-Reports.dc.html#REP-05"
"REP-05-W1440-permission_denied","REP-05","الهامش والمقارنة بين الفروع","REP","W","1440","permission_denied","صلاحية مرفوضة","مشروط","C-TABLE C-PHASE C-NOTICE","07-D3-Admin-Reports-Sync.dc.html","owner_approved","drawn","36-D28-Reports-Notifications-Mobile.dc.html#REP-05"
"REP-05-W1440-phase_locked","REP-05","الهامش والمقارنة بين الفروع","REP","W","1440","phase_locked","مرحلة غير مفعّلة","مشروط","C-TABLE C-PHASE C-NOTICE","07-D3-Admin-Reports-Sync.dc.html","owner_approved","drawn","07-D3-Admin-Reports-Sync.dc.html#REP-05"
"REP-05-M390-ready","REP-05","الهامش والمقارنة بين الفروع","REP","M","390","ready","جاهز","مشروط","C-TABLE C-PHASE C-NOTICE","07-D3-Admin-Reports-Sync.dc.html","owner_approved","not_drawn",""
"REP-05-M390-empty","REP-05","الهامش والمقارنة بين الفروع","REP","M","390","empty","فارغ","مشروط","C-TABLE C-PHASE C-NOTICE","07-D3-Admin-Reports-Sync.dc.html","owner_approved","not_drawn",""
"REP-05-M390-permission_denied","REP-05","الهامش والمقارنة بين الفروع","REP","M","390","permission_denied","صلاحية مرفوضة","مشروط","C-TABLE C-PHASE C-NOTICE","07-D3-Admin-Reports-Sync.dc.html","owner_approved","not_drawn",""
"REP-05-M390-phase_locked","REP-05","الهامش والمقارنة بين الفروع","REP","M","390","phase_locked","مرحلة غير مفعّلة","مشروط","C-TABLE C-PHASE C-NOTICE","07-D3-Admin-Reports-Sync.dc.html","owner_approved","not_drawn",""
"REP-05-D1366-ready","REP-05","الهامش والمقارنة بين الفروع","REP","D","1366","ready","جاهز","مشروط","C-TABLE C-PHASE C-NOTICE","07-D3-Admin-Reports-Sync.dc.html","owner_approved","not_drawn",""
"REP-05-D1366-empty","REP-05","الهامش والمقارنة بين الفروع","REP","D","1366","empty","فارغ","مشروط","C-TABLE C-PHASE C-NOTICE","07-D3-Admin-Reports-Sync.dc.html","owner_approved","not_drawn",""
"REP-05-D1366-permission_denied","REP-05","الهامش والمقارنة بين الفروع","REP","D","1366","permission_denied","صلاحية مرفوضة","مشروط","C-TABLE C-PHASE C-NOTICE","07-D3-Admin-Reports-Sync.dc.html","owner_approved","not_drawn",""
"REP-05-D1366-phase_locked","REP-05","الهامش والمقارنة بين الفروع","REP","D","1366","phase_locked","مرحلة غير مفعّلة","مشروط","C-TABLE C-PHASE C-NOTICE","07-D3-Admin-Reports-Sync.dc.html","owner_approved","not_drawn",""
"REP-05-D1920-ready","REP-05","الهامش والمقارنة بين الفروع","REP","D","1920","ready","جاهز","مشروط","C-TABLE C-PHASE C-NOTICE","07-D3-Admin-Reports-Sync.dc.html","owner_approved","not_drawn",""
"REP-05-D1920-empty","REP-05","الهامش والمقارنة بين الفروع","REP","D","1920","empty","فارغ","مشروط","C-TABLE C-PHASE C-NOTICE","07-D3-Admin-Reports-Sync.dc.html","owner_approved","not_drawn",""
"REP-05-D1920-permission_denied","REP-05","الهامش والمقارنة بين الفروع","REP","D","1920","permission_denied","صلاحية مرفوضة","مشروط","C-TABLE C-PHASE C-NOTICE","07-D3-Admin-Reports-Sync.dc.html","owner_approved","not_drawn",""
"REP-05-D1920-phase_locked","REP-05","الهامش والمقارنة بين الفروع","REP","D","1920","phase_locked","مرحلة غير مفعّلة","مشروط","C-TABLE C-PHASE C-NOTICE","07-D3-Admin-Reports-Sync.dc.html","owner_approved","not_drawn",""
"REP-06-W390-ready","REP-06","تصدير تقرير ومعاينته","REP","W","390","ready","جاهز","أساسي","C-DOCPRV C-UPLOAD C-FIELD","07-D3-Admin-Reports-Sync.dc.html","owner_approved","not_drawn",""
"REP-06-W390-loading","REP-06","تصدير تقرير ومعاينته","REP","W","390","loading","تحميل","أساسي","C-DOCPRV C-UPLOAD C-FIELD","07-D3-Admin-Reports-Sync.dc.html","owner_approved","not_drawn",""
"REP-06-W390-validation_error","REP-06","تصدير تقرير ومعاينته","REP","W","390","validation_error","خطأ تحقق","أساسي","C-DOCPRV C-UPLOAD C-FIELD","07-D3-Admin-Reports-Sync.dc.html","owner_approved","not_drawn",""
"REP-06-W390-success","REP-06","تصدير تقرير ومعاينته","REP","W","390","success","نجاح","أساسي","C-DOCPRV C-UPLOAD C-FIELD","07-D3-Admin-Reports-Sync.dc.html","owner_approved","not_drawn",""
"REP-06-W390-server_error","REP-06","تصدير تقرير ومعاينته","REP","W","390","server_error","خطأ خادم","أساسي","C-DOCPRV C-UPLOAD C-FIELD","07-D3-Admin-Reports-Sync.dc.html","owner_approved","not_drawn",""
"REP-06-W834-ready","REP-06","تصدير تقرير ومعاينته","REP","W","834","ready","جاهز","أساسي","C-DOCPRV C-UPLOAD C-FIELD","07-D3-Admin-Reports-Sync.dc.html","owner_approved","not_drawn",""
"REP-06-W834-loading","REP-06","تصدير تقرير ومعاينته","REP","W","834","loading","تحميل","أساسي","C-DOCPRV C-UPLOAD C-FIELD","07-D3-Admin-Reports-Sync.dc.html","owner_approved","not_drawn",""
"REP-06-W834-validation_error","REP-06","تصدير تقرير ومعاينته","REP","W","834","validation_error","خطأ تحقق","أساسي","C-DOCPRV C-UPLOAD C-FIELD","07-D3-Admin-Reports-Sync.dc.html","owner_approved","not_drawn",""
"REP-06-W834-success","REP-06","تصدير تقرير ومعاينته","REP","W","834","success","نجاح","أساسي","C-DOCPRV C-UPLOAD C-FIELD","07-D3-Admin-Reports-Sync.dc.html","owner_approved","not_drawn",""
"REP-06-W834-server_error","REP-06","تصدير تقرير ومعاينته","REP","W","834","server_error","خطأ خادم","أساسي","C-DOCPRV C-UPLOAD C-FIELD","07-D3-Admin-Reports-Sync.dc.html","owner_approved","not_drawn",""
"REP-06-W1440-ready","REP-06","تصدير تقرير ومعاينته","REP","W","1440","ready","جاهز","أساسي","C-DOCPRV C-UPLOAD C-FIELD","07-D3-Admin-Reports-Sync.dc.html","owner_approved","drawn","36-D28-Reports-Notifications-Mobile.dc.html#REP-06"
"REP-06-W1440-loading","REP-06","تصدير تقرير ومعاينته","REP","W","1440","loading","تحميل","أساسي","C-DOCPRV C-UPLOAD C-FIELD","07-D3-Admin-Reports-Sync.dc.html","owner_approved","drawn","36-D28-Reports-Notifications-Mobile.dc.html#REP-06"
"REP-06-W1440-validation_error","REP-06","تصدير تقرير ومعاينته","REP","W","1440","validation_error","خطأ تحقق","أساسي","C-DOCPRV C-UPLOAD C-FIELD","07-D3-Admin-Reports-Sync.dc.html","owner_approved","drawn","19-D14-Sync-Recovery-Reports.dc.html#REP-06"
"REP-06-W1440-success","REP-06","تصدير تقرير ومعاينته","REP","W","1440","success","نجاح","أساسي","C-DOCPRV C-UPLOAD C-FIELD","07-D3-Admin-Reports-Sync.dc.html","owner_approved","drawn","36-D28-Reports-Notifications-Mobile.dc.html#REP-06"
"REP-06-W1440-server_error","REP-06","تصدير تقرير ومعاينته","REP","W","1440","server_error","خطأ خادم","أساسي","C-DOCPRV C-UPLOAD C-FIELD","07-D3-Admin-Reports-Sync.dc.html","owner_approved","drawn","36-D28-Reports-Notifications-Mobile.dc.html#REP-06"
"REP-06-M390-ready","REP-06","تصدير تقرير ومعاينته","REP","M","390","ready","جاهز","أساسي","C-DOCPRV C-UPLOAD C-FIELD","07-D3-Admin-Reports-Sync.dc.html","owner_approved","not_drawn",""
"REP-06-M390-loading","REP-06","تصدير تقرير ومعاينته","REP","M","390","loading","تحميل","أساسي","C-DOCPRV C-UPLOAD C-FIELD","07-D3-Admin-Reports-Sync.dc.html","owner_approved","not_drawn",""
"REP-06-M390-validation_error","REP-06","تصدير تقرير ومعاينته","REP","M","390","validation_error","خطأ تحقق","أساسي","C-DOCPRV C-UPLOAD C-FIELD","07-D3-Admin-Reports-Sync.dc.html","owner_approved","not_drawn",""
"REP-06-M390-success","REP-06","تصدير تقرير ومعاينته","REP","M","390","success","نجاح","أساسي","C-DOCPRV C-UPLOAD C-FIELD","07-D3-Admin-Reports-Sync.dc.html","owner_approved","not_drawn",""
"REP-06-M390-server_error","REP-06","تصدير تقرير ومعاينته","REP","M","390","server_error","خطأ خادم","أساسي","C-DOCPRV C-UPLOAD C-FIELD","07-D3-Admin-Reports-Sync.dc.html","owner_approved","not_drawn",""
"REP-06-D1366-ready","REP-06","تصدير تقرير ومعاينته","REP","D","1366","ready","جاهز","أساسي","C-DOCPRV C-UPLOAD C-FIELD","07-D3-Admin-Reports-Sync.dc.html","owner_approved","not_drawn",""
"REP-06-D1366-loading","REP-06","تصدير تقرير ومعاينته","REP","D","1366","loading","تحميل","أساسي","C-DOCPRV C-UPLOAD C-FIELD","07-D3-Admin-Reports-Sync.dc.html","owner_approved","not_drawn",""
"REP-06-D1366-validation_error","REP-06","تصدير تقرير ومعاينته","REP","D","1366","validation_error","خطأ تحقق","أساسي","C-DOCPRV C-UPLOAD C-FIELD","07-D3-Admin-Reports-Sync.dc.html","owner_approved","not_drawn",""
"REP-06-D1366-success","REP-06","تصدير تقرير ومعاينته","REP","D","1366","success","نجاح","أساسي","C-DOCPRV C-UPLOAD C-FIELD","07-D3-Admin-Reports-Sync.dc.html","owner_approved","not_drawn",""
"REP-06-D1366-server_error","REP-06","تصدير تقرير ومعاينته","REP","D","1366","server_error","خطأ خادم","أساسي","C-DOCPRV C-UPLOAD C-FIELD","07-D3-Admin-Reports-Sync.dc.html","owner_approved","not_drawn",""
"REP-06-D1920-ready","REP-06","تصدير تقرير ومعاينته","REP","D","1920","ready","جاهز","أساسي","C-DOCPRV C-UPLOAD C-FIELD","07-D3-Admin-Reports-Sync.dc.html","owner_approved","not_drawn",""
"REP-06-D1920-loading","REP-06","تصدير تقرير ومعاينته","REP","D","1920","loading","تحميل","أساسي","C-DOCPRV C-UPLOAD C-FIELD","07-D3-Admin-Reports-Sync.dc.html","owner_approved","not_drawn",""
"REP-06-D1920-validation_error","REP-06","تصدير تقرير ومعاينته","REP","D","1920","validation_error","خطأ تحقق","أساسي","C-DOCPRV C-UPLOAD C-FIELD","07-D3-Admin-Reports-Sync.dc.html","owner_approved","not_drawn",""
"REP-06-D1920-success","REP-06","تصدير تقرير ومعاينته","REP","D","1920","success","نجاح","أساسي","C-DOCPRV C-UPLOAD C-FIELD","07-D3-Admin-Reports-Sync.dc.html","owner_approved","not_drawn",""
"REP-06-D1920-server_error","REP-06","تصدير تقرير ومعاينته","REP","D","1920","server_error","خطأ خادم","أساسي","C-DOCPRV C-UPLOAD C-FIELD","07-D3-Admin-Reports-Sync.dc.html","owner_approved","not_drawn",""
"SYS-01-W390-ready","SYS-01","مركز الاتصال والمزامنة","SYS","W","390","ready","جاهز","أساسي","C-SYNC C-TABLE C-NOTICE","07-D3-Admin-Reports-Sync.dc.html","owner_approved","not_drawn",""
"SYS-01-W390-offline","SYS-01","مركز الاتصال والمزامنة","SYS","W","390","offline","بلا اتصال","أساسي","C-SYNC C-TABLE C-NOTICE","07-D3-Admin-Reports-Sync.dc.html","owner_approved","not_drawn",""
"SYS-01-W390-pending_sync","SYS-01","مركز الاتصال والمزامنة","SYS","W","390","pending_sync","معلّق المزامنة","أساسي","C-SYNC C-TABLE C-NOTICE","07-D3-Admin-Reports-Sync.dc.html","owner_approved","not_drawn",""
"SYS-01-W390-synced","SYS-01","مركز الاتصال والمزامنة","SYS","W","390","synced","مؤكد خادمياً","أساسي","C-SYNC C-TABLE C-NOTICE","07-D3-Admin-Reports-Sync.dc.html","owner_approved","not_drawn",""
"SYS-01-W390-stale","SYS-01","مركز الاتصال والمزامنة","SYS","W","390","stale","بيانات قديمة","أساسي","C-SYNC C-TABLE C-NOTICE","07-D3-Admin-Reports-Sync.dc.html","owner_approved","not_drawn",""
"SYS-01-W390-server_error","SYS-01","مركز الاتصال والمزامنة","SYS","W","390","server_error","خطأ خادم","أساسي","C-SYNC C-TABLE C-NOTICE","07-D3-Admin-Reports-Sync.dc.html","owner_approved","not_drawn",""
"SYS-01-W834-ready","SYS-01","مركز الاتصال والمزامنة","SYS","W","834","ready","جاهز","أساسي","C-SYNC C-TABLE C-NOTICE","07-D3-Admin-Reports-Sync.dc.html","owner_approved","not_drawn",""
"SYS-01-W834-offline","SYS-01","مركز الاتصال والمزامنة","SYS","W","834","offline","بلا اتصال","أساسي","C-SYNC C-TABLE C-NOTICE","07-D3-Admin-Reports-Sync.dc.html","owner_approved","not_drawn",""
"SYS-01-W834-pending_sync","SYS-01","مركز الاتصال والمزامنة","SYS","W","834","pending_sync","معلّق المزامنة","أساسي","C-SYNC C-TABLE C-NOTICE","07-D3-Admin-Reports-Sync.dc.html","owner_approved","not_drawn",""
"SYS-01-W834-synced","SYS-01","مركز الاتصال والمزامنة","SYS","W","834","synced","مؤكد خادمياً","أساسي","C-SYNC C-TABLE C-NOTICE","07-D3-Admin-Reports-Sync.dc.html","owner_approved","not_drawn",""
"SYS-01-W834-stale","SYS-01","مركز الاتصال والمزامنة","SYS","W","834","stale","بيانات قديمة","أساسي","C-SYNC C-TABLE C-NOTICE","07-D3-Admin-Reports-Sync.dc.html","owner_approved","not_drawn",""
"SYS-01-W834-server_error","SYS-01","مركز الاتصال والمزامنة","SYS","W","834","server_error","خطأ خادم","أساسي","C-SYNC C-TABLE C-NOTICE","07-D3-Admin-Reports-Sync.dc.html","owner_approved","not_drawn",""
"SYS-01-W1440-ready","SYS-01","مركز الاتصال والمزامنة","SYS","W","1440","ready","جاهز","أساسي","C-SYNC C-TABLE C-NOTICE","07-D3-Admin-Reports-Sync.dc.html","owner_approved","drawn","35-D27-Sync-All-States.dc.html#SYS-01"
"SYS-01-W1440-offline","SYS-01","مركز الاتصال والمزامنة","SYS","W","1440","offline","بلا اتصال","أساسي","C-SYNC C-TABLE C-NOTICE","07-D3-Admin-Reports-Sync.dc.html","owner_approved","not_drawn",""
"SYS-01-W1440-pending_sync","SYS-01","مركز الاتصال والمزامنة","SYS","W","1440","pending_sync","معلّق المزامنة","أساسي","C-SYNC C-TABLE C-NOTICE","07-D3-Admin-Reports-Sync.dc.html","owner_approved","drawn","07-D3-Admin-Reports-Sync.dc.html#SYS-01"
"SYS-01-W1440-synced","SYS-01","مركز الاتصال والمزامنة","SYS","W","1440","synced","مؤكد خادمياً","أساسي","C-SYNC C-TABLE C-NOTICE","07-D3-Admin-Reports-Sync.dc.html","owner_approved","drawn","35-D27-Sync-All-States.dc.html#SYS-01"
"SYS-01-W1440-stale","SYS-01","مركز الاتصال والمزامنة","SYS","W","1440","stale","بيانات قديمة","أساسي","C-SYNC C-TABLE C-NOTICE","07-D3-Admin-Reports-Sync.dc.html","owner_approved","drawn","35-D27-Sync-All-States.dc.html#SYS-01"
"SYS-01-W1440-server_error","SYS-01","مركز الاتصال والمزامنة","SYS","W","1440","server_error","خطأ خادم","أساسي","C-SYNC C-TABLE C-NOTICE","07-D3-Admin-Reports-Sync.dc.html","owner_approved","drawn","35-D27-Sync-All-States.dc.html#SYS-01"
"SYS-01-M390-ready","SYS-01","مركز الاتصال والمزامنة","SYS","M","390","ready","جاهز","أساسي","C-SYNC C-TABLE C-NOTICE","07-D3-Admin-Reports-Sync.dc.html","owner_approved","not_drawn",""
"SYS-01-M390-offline","SYS-01","مركز الاتصال والمزامنة","SYS","M","390","offline","بلا اتصال","أساسي","C-SYNC C-TABLE C-NOTICE","07-D3-Admin-Reports-Sync.dc.html","owner_approved","drawn","16-D11-System-Reports.dc.html#SYS-01"
"SYS-01-M390-pending_sync","SYS-01","مركز الاتصال والمزامنة","SYS","M","390","pending_sync","معلّق المزامنة","أساسي","C-SYNC C-TABLE C-NOTICE","07-D3-Admin-Reports-Sync.dc.html","owner_approved","not_drawn",""
"SYS-01-M390-synced","SYS-01","مركز الاتصال والمزامنة","SYS","M","390","synced","مؤكد خادمياً","أساسي","C-SYNC C-TABLE C-NOTICE","07-D3-Admin-Reports-Sync.dc.html","owner_approved","not_drawn",""
"SYS-01-M390-stale","SYS-01","مركز الاتصال والمزامنة","SYS","M","390","stale","بيانات قديمة","أساسي","C-SYNC C-TABLE C-NOTICE","07-D3-Admin-Reports-Sync.dc.html","owner_approved","not_drawn",""
"SYS-01-M390-server_error","SYS-01","مركز الاتصال والمزامنة","SYS","M","390","server_error","خطأ خادم","أساسي","C-SYNC C-TABLE C-NOTICE","07-D3-Admin-Reports-Sync.dc.html","owner_approved","not_drawn",""
"SYS-01-D1366-ready","SYS-01","مركز الاتصال والمزامنة","SYS","D","1366","ready","جاهز","أساسي","C-SYNC C-TABLE C-NOTICE","07-D3-Admin-Reports-Sync.dc.html","owner_approved","not_drawn",""
"SYS-01-D1366-offline","SYS-01","مركز الاتصال والمزامنة","SYS","D","1366","offline","بلا اتصال","أساسي","C-SYNC C-TABLE C-NOTICE","07-D3-Admin-Reports-Sync.dc.html","owner_approved","not_drawn",""
"SYS-01-D1366-pending_sync","SYS-01","مركز الاتصال والمزامنة","SYS","D","1366","pending_sync","معلّق المزامنة","أساسي","C-SYNC C-TABLE C-NOTICE","07-D3-Admin-Reports-Sync.dc.html","owner_approved","not_drawn",""
"SYS-01-D1366-synced","SYS-01","مركز الاتصال والمزامنة","SYS","D","1366","synced","مؤكد خادمياً","أساسي","C-SYNC C-TABLE C-NOTICE","07-D3-Admin-Reports-Sync.dc.html","owner_approved","not_drawn",""
"SYS-01-D1366-stale","SYS-01","مركز الاتصال والمزامنة","SYS","D","1366","stale","بيانات قديمة","أساسي","C-SYNC C-TABLE C-NOTICE","07-D3-Admin-Reports-Sync.dc.html","owner_approved","not_drawn",""
"SYS-01-D1366-server_error","SYS-01","مركز الاتصال والمزامنة","SYS","D","1366","server_error","خطأ خادم","أساسي","C-SYNC C-TABLE C-NOTICE","07-D3-Admin-Reports-Sync.dc.html","owner_approved","not_drawn",""
"SYS-01-D1920-ready","SYS-01","مركز الاتصال والمزامنة","SYS","D","1920","ready","جاهز","أساسي","C-SYNC C-TABLE C-NOTICE","07-D3-Admin-Reports-Sync.dc.html","owner_approved","not_drawn",""
"SYS-01-D1920-offline","SYS-01","مركز الاتصال والمزامنة","SYS","D","1920","offline","بلا اتصال","أساسي","C-SYNC C-TABLE C-NOTICE","07-D3-Admin-Reports-Sync.dc.html","owner_approved","not_drawn",""
"SYS-01-D1920-pending_sync","SYS-01","مركز الاتصال والمزامنة","SYS","D","1920","pending_sync","معلّق المزامنة","أساسي","C-SYNC C-TABLE C-NOTICE","07-D3-Admin-Reports-Sync.dc.html","owner_approved","not_drawn",""
"SYS-01-D1920-synced","SYS-01","مركز الاتصال والمزامنة","SYS","D","1920","synced","مؤكد خادمياً","أساسي","C-SYNC C-TABLE C-NOTICE","07-D3-Admin-Reports-Sync.dc.html","owner_approved","not_drawn",""
"SYS-01-D1920-stale","SYS-01","مركز الاتصال والمزامنة","SYS","D","1920","stale","بيانات قديمة","أساسي","C-SYNC C-TABLE C-NOTICE","07-D3-Admin-Reports-Sync.dc.html","owner_approved","not_drawn",""
"SYS-01-D1920-server_error","SYS-01","مركز الاتصال والمزامنة","SYS","D","1920","server_error","خطأ خادم","أساسي","C-SYNC C-TABLE C-NOTICE","07-D3-Admin-Reports-Sync.dc.html","owner_approved","not_drawn",""
"SYS-02-W390-ready","SYS-02","تفاصيل عملية متعثرة","SYS","W","390","ready","جاهز","أساسي","C-TIMELIST C-NOTICE C-STATUS","07-D3-Admin-Reports-Sync.dc.html","owner_approved","not_drawn",""
"SYS-02-W390-empty","SYS-02","تفاصيل عملية متعثرة","SYS","W","390","empty","فارغ","أساسي","C-TIMELIST C-NOTICE C-STATUS","07-D3-Admin-Reports-Sync.dc.html","owner_approved","not_drawn",""
"SYS-02-W390-server_error","SYS-02","تفاصيل عملية متعثرة","SYS","W","390","server_error","خطأ خادم","أساسي","C-TIMELIST C-NOTICE C-STATUS","07-D3-Admin-Reports-Sync.dc.html","owner_approved","not_drawn",""
"SYS-02-W390-conflict","SYS-02","تفاصيل عملية متعثرة","SYS","W","390","conflict","تعارض","أساسي","C-TIMELIST C-NOTICE C-STATUS","07-D3-Admin-Reports-Sync.dc.html","owner_approved","not_drawn",""
"SYS-02-W390-pending_sync","SYS-02","تفاصيل عملية متعثرة","SYS","W","390","pending_sync","معلّق المزامنة","أساسي","C-TIMELIST C-NOTICE C-STATUS","07-D3-Admin-Reports-Sync.dc.html","owner_approved","not_drawn",""
"SYS-02-W834-ready","SYS-02","تفاصيل عملية متعثرة","SYS","W","834","ready","جاهز","أساسي","C-TIMELIST C-NOTICE C-STATUS","07-D3-Admin-Reports-Sync.dc.html","owner_approved","not_drawn",""
"SYS-02-W834-empty","SYS-02","تفاصيل عملية متعثرة","SYS","W","834","empty","فارغ","أساسي","C-TIMELIST C-NOTICE C-STATUS","07-D3-Admin-Reports-Sync.dc.html","owner_approved","not_drawn",""
"SYS-02-W834-server_error","SYS-02","تفاصيل عملية متعثرة","SYS","W","834","server_error","خطأ خادم","أساسي","C-TIMELIST C-NOTICE C-STATUS","07-D3-Admin-Reports-Sync.dc.html","owner_approved","not_drawn",""
"SYS-02-W834-conflict","SYS-02","تفاصيل عملية متعثرة","SYS","W","834","conflict","تعارض","أساسي","C-TIMELIST C-NOTICE C-STATUS","07-D3-Admin-Reports-Sync.dc.html","owner_approved","not_drawn",""
"SYS-02-W834-pending_sync","SYS-02","تفاصيل عملية متعثرة","SYS","W","834","pending_sync","معلّق المزامنة","أساسي","C-TIMELIST C-NOTICE C-STATUS","07-D3-Admin-Reports-Sync.dc.html","owner_approved","not_drawn",""
"SYS-02-W1440-ready","SYS-02","تفاصيل عملية متعثرة","SYS","W","1440","ready","جاهز","أساسي","C-TIMELIST C-NOTICE C-STATUS","07-D3-Admin-Reports-Sync.dc.html","owner_approved","drawn","35-D27-Sync-All-States.dc.html#SYS-02"
"SYS-02-W1440-empty","SYS-02","تفاصيل عملية متعثرة","SYS","W","1440","empty","فارغ","أساسي","C-TIMELIST C-NOTICE C-STATUS","07-D3-Admin-Reports-Sync.dc.html","owner_approved","drawn","35-D27-Sync-All-States.dc.html#SYS-02"
"SYS-02-W1440-server_error","SYS-02","تفاصيل عملية متعثرة","SYS","W","1440","server_error","خطأ خادم","أساسي","C-TIMELIST C-NOTICE C-STATUS","07-D3-Admin-Reports-Sync.dc.html","owner_approved","drawn","16-D11-System-Reports.dc.html#SYS-02"
"SYS-02-W1440-conflict","SYS-02","تفاصيل عملية متعثرة","SYS","W","1440","conflict","تعارض","أساسي","C-TIMELIST C-NOTICE C-STATUS","07-D3-Admin-Reports-Sync.dc.html","owner_approved","drawn","35-D27-Sync-All-States.dc.html#SYS-02"
"SYS-02-W1440-pending_sync","SYS-02","تفاصيل عملية متعثرة","SYS","W","1440","pending_sync","معلّق المزامنة","أساسي","C-TIMELIST C-NOTICE C-STATUS","07-D3-Admin-Reports-Sync.dc.html","owner_approved","drawn","35-D27-Sync-All-States.dc.html#SYS-02"
"SYS-02-M390-ready","SYS-02","تفاصيل عملية متعثرة","SYS","M","390","ready","جاهز","أساسي","C-TIMELIST C-NOTICE C-STATUS","07-D3-Admin-Reports-Sync.dc.html","owner_approved","not_drawn",""
"SYS-02-M390-empty","SYS-02","تفاصيل عملية متعثرة","SYS","M","390","empty","فارغ","أساسي","C-TIMELIST C-NOTICE C-STATUS","07-D3-Admin-Reports-Sync.dc.html","owner_approved","not_drawn",""
"SYS-02-M390-server_error","SYS-02","تفاصيل عملية متعثرة","SYS","M","390","server_error","خطأ خادم","أساسي","C-TIMELIST C-NOTICE C-STATUS","07-D3-Admin-Reports-Sync.dc.html","owner_approved","not_drawn",""
"SYS-02-M390-conflict","SYS-02","تفاصيل عملية متعثرة","SYS","M","390","conflict","تعارض","أساسي","C-TIMELIST C-NOTICE C-STATUS","07-D3-Admin-Reports-Sync.dc.html","owner_approved","not_drawn",""
"SYS-02-M390-pending_sync","SYS-02","تفاصيل عملية متعثرة","SYS","M","390","pending_sync","معلّق المزامنة","أساسي","C-TIMELIST C-NOTICE C-STATUS","07-D3-Admin-Reports-Sync.dc.html","owner_approved","not_drawn",""
"SYS-02-D1366-ready","SYS-02","تفاصيل عملية متعثرة","SYS","D","1366","ready","جاهز","أساسي","C-TIMELIST C-NOTICE C-STATUS","07-D3-Admin-Reports-Sync.dc.html","owner_approved","not_drawn",""
"SYS-02-D1366-empty","SYS-02","تفاصيل عملية متعثرة","SYS","D","1366","empty","فارغ","أساسي","C-TIMELIST C-NOTICE C-STATUS","07-D3-Admin-Reports-Sync.dc.html","owner_approved","not_drawn",""
"SYS-02-D1366-server_error","SYS-02","تفاصيل عملية متعثرة","SYS","D","1366","server_error","خطأ خادم","أساسي","C-TIMELIST C-NOTICE C-STATUS","07-D3-Admin-Reports-Sync.dc.html","owner_approved","not_drawn",""
"SYS-02-D1366-conflict","SYS-02","تفاصيل عملية متعثرة","SYS","D","1366","conflict","تعارض","أساسي","C-TIMELIST C-NOTICE C-STATUS","07-D3-Admin-Reports-Sync.dc.html","owner_approved","not_drawn",""
"SYS-02-D1366-pending_sync","SYS-02","تفاصيل عملية متعثرة","SYS","D","1366","pending_sync","معلّق المزامنة","أساسي","C-TIMELIST C-NOTICE C-STATUS","07-D3-Admin-Reports-Sync.dc.html","owner_approved","not_drawn",""
"SYS-02-D1920-ready","SYS-02","تفاصيل عملية متعثرة","SYS","D","1920","ready","جاهز","أساسي","C-TIMELIST C-NOTICE C-STATUS","07-D3-Admin-Reports-Sync.dc.html","owner_approved","not_drawn",""
"SYS-02-D1920-empty","SYS-02","تفاصيل عملية متعثرة","SYS","D","1920","empty","فارغ","أساسي","C-TIMELIST C-NOTICE C-STATUS","07-D3-Admin-Reports-Sync.dc.html","owner_approved","not_drawn",""
"SYS-02-D1920-server_error","SYS-02","تفاصيل عملية متعثرة","SYS","D","1920","server_error","خطأ خادم","أساسي","C-TIMELIST C-NOTICE C-STATUS","07-D3-Admin-Reports-Sync.dc.html","owner_approved","not_drawn",""
"SYS-02-D1920-conflict","SYS-02","تفاصيل عملية متعثرة","SYS","D","1920","conflict","تعارض","أساسي","C-TIMELIST C-NOTICE C-STATUS","07-D3-Admin-Reports-Sync.dc.html","owner_approved","not_drawn",""
"SYS-02-D1920-pending_sync","SYS-02","تفاصيل عملية متعثرة","SYS","D","1920","pending_sync","معلّق المزامنة","أساسي","C-TIMELIST C-NOTICE C-STATUS","07-D3-Admin-Reports-Sync.dc.html","owner_approved","not_drawn",""
"SYS-03-W390-ready","SYS-03","تعارض وحجر ومراجعة مالك","SYS","W","390","ready","جاهز","أساسي","C-DOCPRV C-DIALOG C-STATUS","07-D3-Admin-Reports-Sync.dc.html","owner_approved","not_drawn",""
"SYS-03-W390-conflict","SYS-03","تعارض وحجر ومراجعة مالك","SYS","W","390","conflict","تعارض","أساسي","C-DOCPRV C-DIALOG C-STATUS","07-D3-Admin-Reports-Sync.dc.html","owner_approved","not_drawn",""
"SYS-03-W390-permission_denied","SYS-03","تعارض وحجر ومراجعة مالك","SYS","W","390","permission_denied","صلاحية مرفوضة","أساسي","C-DOCPRV C-DIALOG C-STATUS","07-D3-Admin-Reports-Sync.dc.html","owner_approved","not_drawn",""
"SYS-03-W390-success","SYS-03","تعارض وحجر ومراجعة مالك","SYS","W","390","success","نجاح","أساسي","C-DOCPRV C-DIALOG C-STATUS","07-D3-Admin-Reports-Sync.dc.html","owner_approved","not_drawn",""
"SYS-03-W834-ready","SYS-03","تعارض وحجر ومراجعة مالك","SYS","W","834","ready","جاهز","أساسي","C-DOCPRV C-DIALOG C-STATUS","07-D3-Admin-Reports-Sync.dc.html","owner_approved","not_drawn",""
"SYS-03-W834-conflict","SYS-03","تعارض وحجر ومراجعة مالك","SYS","W","834","conflict","تعارض","أساسي","C-DOCPRV C-DIALOG C-STATUS","07-D3-Admin-Reports-Sync.dc.html","owner_approved","not_drawn",""
"SYS-03-W834-permission_denied","SYS-03","تعارض وحجر ومراجعة مالك","SYS","W","834","permission_denied","صلاحية مرفوضة","أساسي","C-DOCPRV C-DIALOG C-STATUS","07-D3-Admin-Reports-Sync.dc.html","owner_approved","not_drawn",""
"SYS-03-W834-success","SYS-03","تعارض وحجر ومراجعة مالك","SYS","W","834","success","نجاح","أساسي","C-DOCPRV C-DIALOG C-STATUS","07-D3-Admin-Reports-Sync.dc.html","owner_approved","not_drawn",""
"SYS-03-W1440-ready","SYS-03","تعارض وحجر ومراجعة مالك","SYS","W","1440","ready","جاهز","أساسي","C-DOCPRV C-DIALOG C-STATUS","07-D3-Admin-Reports-Sync.dc.html","owner_approved","drawn","35-D27-Sync-All-States.dc.html#SYS-03"
"SYS-03-W1440-conflict","SYS-03","تعارض وحجر ومراجعة مالك","SYS","W","1440","conflict","تعارض","أساسي","C-DOCPRV C-DIALOG C-STATUS","07-D3-Admin-Reports-Sync.dc.html","owner_approved","drawn","07-D3-Admin-Reports-Sync.dc.html#SYS-03"
"SYS-03-W1440-permission_denied","SYS-03","تعارض وحجر ومراجعة مالك","SYS","W","1440","permission_denied","صلاحية مرفوضة","أساسي","C-DOCPRV C-DIALOG C-STATUS","07-D3-Admin-Reports-Sync.dc.html","owner_approved","drawn","19-D14-Sync-Recovery-Reports.dc.html#SYS-03"
"SYS-03-W1440-success","SYS-03","تعارض وحجر ومراجعة مالك","SYS","W","1440","success","نجاح","أساسي","C-DOCPRV C-DIALOG C-STATUS","07-D3-Admin-Reports-Sync.dc.html","owner_approved","drawn","35-D27-Sync-All-States.dc.html#SYS-03"
"SYS-03-M390-ready","SYS-03","تعارض وحجر ومراجعة مالك","SYS","M","390","ready","جاهز","أساسي","C-DOCPRV C-DIALOG C-STATUS","07-D3-Admin-Reports-Sync.dc.html","owner_approved","not_drawn",""
"SYS-03-M390-conflict","SYS-03","تعارض وحجر ومراجعة مالك","SYS","M","390","conflict","تعارض","أساسي","C-DOCPRV C-DIALOG C-STATUS","07-D3-Admin-Reports-Sync.dc.html","owner_approved","not_drawn",""
"SYS-03-M390-permission_denied","SYS-03","تعارض وحجر ومراجعة مالك","SYS","M","390","permission_denied","صلاحية مرفوضة","أساسي","C-DOCPRV C-DIALOG C-STATUS","07-D3-Admin-Reports-Sync.dc.html","owner_approved","not_drawn",""
"SYS-03-M390-success","SYS-03","تعارض وحجر ومراجعة مالك","SYS","M","390","success","نجاح","أساسي","C-DOCPRV C-DIALOG C-STATUS","07-D3-Admin-Reports-Sync.dc.html","owner_approved","not_drawn",""
"SYS-03-D1366-ready","SYS-03","تعارض وحجر ومراجعة مالك","SYS","D","1366","ready","جاهز","أساسي","C-DOCPRV C-DIALOG C-STATUS","07-D3-Admin-Reports-Sync.dc.html","owner_approved","not_drawn",""
"SYS-03-D1366-conflict","SYS-03","تعارض وحجر ومراجعة مالك","SYS","D","1366","conflict","تعارض","أساسي","C-DOCPRV C-DIALOG C-STATUS","07-D3-Admin-Reports-Sync.dc.html","owner_approved","not_drawn",""
"SYS-03-D1366-permission_denied","SYS-03","تعارض وحجر ومراجعة مالك","SYS","D","1366","permission_denied","صلاحية مرفوضة","أساسي","C-DOCPRV C-DIALOG C-STATUS","07-D3-Admin-Reports-Sync.dc.html","owner_approved","not_drawn",""
"SYS-03-D1366-success","SYS-03","تعارض وحجر ومراجعة مالك","SYS","D","1366","success","نجاح","أساسي","C-DOCPRV C-DIALOG C-STATUS","07-D3-Admin-Reports-Sync.dc.html","owner_approved","not_drawn",""
"SYS-03-D1920-ready","SYS-03","تعارض وحجر ومراجعة مالك","SYS","D","1920","ready","جاهز","أساسي","C-DOCPRV C-DIALOG C-STATUS","07-D3-Admin-Reports-Sync.dc.html","owner_approved","not_drawn",""
"SYS-03-D1920-conflict","SYS-03","تعارض وحجر ومراجعة مالك","SYS","D","1920","conflict","تعارض","أساسي","C-DOCPRV C-DIALOG C-STATUS","07-D3-Admin-Reports-Sync.dc.html","owner_approved","not_drawn",""
"SYS-03-D1920-permission_denied","SYS-03","تعارض وحجر ومراجعة مالك","SYS","D","1920","permission_denied","صلاحية مرفوضة","أساسي","C-DOCPRV C-DIALOG C-STATUS","07-D3-Admin-Reports-Sync.dc.html","owner_approved","not_drawn",""
"SYS-03-D1920-success","SYS-03","تعارض وحجر ومراجعة مالك","SYS","D","1920","success","نجاح","أساسي","C-DOCPRV C-DIALOG C-STATUS","07-D3-Admin-Reports-Sync.dc.html","owner_approved","not_drawn",""
"SYS-04-W390-ready","SYS-04","انخفاض التخزين أو فشل استدامته","SYS","W","390","ready","جاهز","أساسي","C-NOTICE C-BTN C-SYNC","07-D3-Admin-Reports-Sync.dc.html","owner_approved","not_drawn",""
"SYS-04-W390-validation_error","SYS-04","انخفاض التخزين أو فشل استدامته","SYS","W","390","validation_error","خطأ تحقق","أساسي","C-NOTICE C-BTN C-SYNC","07-D3-Admin-Reports-Sync.dc.html","owner_approved","not_drawn",""
"SYS-04-W390-server_error","SYS-04","انخفاض التخزين أو فشل استدامته","SYS","W","390","server_error","خطأ خادم","أساسي","C-NOTICE C-BTN C-SYNC","07-D3-Admin-Reports-Sync.dc.html","owner_approved","not_drawn",""
"SYS-04-W834-ready","SYS-04","انخفاض التخزين أو فشل استدامته","SYS","W","834","ready","جاهز","أساسي","C-NOTICE C-BTN C-SYNC","07-D3-Admin-Reports-Sync.dc.html","owner_approved","not_drawn",""
"SYS-04-W834-validation_error","SYS-04","انخفاض التخزين أو فشل استدامته","SYS","W","834","validation_error","خطأ تحقق","أساسي","C-NOTICE C-BTN C-SYNC","07-D3-Admin-Reports-Sync.dc.html","owner_approved","not_drawn",""
"SYS-04-W834-server_error","SYS-04","انخفاض التخزين أو فشل استدامته","SYS","W","834","server_error","خطأ خادم","أساسي","C-NOTICE C-BTN C-SYNC","07-D3-Admin-Reports-Sync.dc.html","owner_approved","not_drawn",""
"SYS-04-W1440-ready","SYS-04","انخفاض التخزين أو فشل استدامته","SYS","W","1440","ready","جاهز","أساسي","C-NOTICE C-BTN C-SYNC","07-D3-Admin-Reports-Sync.dc.html","owner_approved","drawn","35-D27-Sync-All-States.dc.html#SYS-04"
"SYS-04-W1440-validation_error","SYS-04","انخفاض التخزين أو فشل استدامته","SYS","W","1440","validation_error","خطأ تحقق","أساسي","C-NOTICE C-BTN C-SYNC","07-D3-Admin-Reports-Sync.dc.html","owner_approved","drawn","35-D27-Sync-All-States.dc.html#SYS-04"
"SYS-04-W1440-server_error","SYS-04","انخفاض التخزين أو فشل استدامته","SYS","W","1440","server_error","خطأ خادم","أساسي","C-NOTICE C-BTN C-SYNC","07-D3-Admin-Reports-Sync.dc.html","owner_approved","drawn","16-D11-System-Reports.dc.html#SYS-04"
"SYS-04-M390-ready","SYS-04","انخفاض التخزين أو فشل استدامته","SYS","M","390","ready","جاهز","أساسي","C-NOTICE C-BTN C-SYNC","07-D3-Admin-Reports-Sync.dc.html","owner_approved","not_drawn",""
"SYS-04-M390-validation_error","SYS-04","انخفاض التخزين أو فشل استدامته","SYS","M","390","validation_error","خطأ تحقق","أساسي","C-NOTICE C-BTN C-SYNC","07-D3-Admin-Reports-Sync.dc.html","owner_approved","not_drawn",""
"SYS-04-M390-server_error","SYS-04","انخفاض التخزين أو فشل استدامته","SYS","M","390","server_error","خطأ خادم","أساسي","C-NOTICE C-BTN C-SYNC","07-D3-Admin-Reports-Sync.dc.html","owner_approved","not_drawn",""
"SYS-04-D1366-ready","SYS-04","انخفاض التخزين أو فشل استدامته","SYS","D","1366","ready","جاهز","أساسي","C-NOTICE C-BTN C-SYNC","07-D3-Admin-Reports-Sync.dc.html","owner_approved","not_drawn",""
"SYS-04-D1366-validation_error","SYS-04","انخفاض التخزين أو فشل استدامته","SYS","D","1366","validation_error","خطأ تحقق","أساسي","C-NOTICE C-BTN C-SYNC","07-D3-Admin-Reports-Sync.dc.html","owner_approved","not_drawn",""
"SYS-04-D1366-server_error","SYS-04","انخفاض التخزين أو فشل استدامته","SYS","D","1366","server_error","خطأ خادم","أساسي","C-NOTICE C-BTN C-SYNC","07-D3-Admin-Reports-Sync.dc.html","owner_approved","not_drawn",""
"SYS-04-D1920-ready","SYS-04","انخفاض التخزين أو فشل استدامته","SYS","D","1920","ready","جاهز","أساسي","C-NOTICE C-BTN C-SYNC","07-D3-Admin-Reports-Sync.dc.html","owner_approved","not_drawn",""
"SYS-04-D1920-validation_error","SYS-04","انخفاض التخزين أو فشل استدامته","SYS","D","1920","validation_error","خطأ تحقق","أساسي","C-NOTICE C-BTN C-SYNC","07-D3-Admin-Reports-Sync.dc.html","owner_approved","not_drawn",""
"SYS-04-D1920-server_error","SYS-04","انخفاض التخزين أو فشل استدامته","SYS","D","1920","server_error","خطأ خادم","أساسي","C-NOTICE C-BTN C-SYNC","07-D3-Admin-Reports-Sync.dc.html","owner_approved","not_drawn",""
"SYS-05-W390-ready","SYS-05","تصدير نسخة محلية","SYS","W","390","ready","جاهز","أساسي","C-DOCPRV C-NOTICE C-BTN","07-D3-Admin-Reports-Sync.dc.html","owner_approved","not_drawn",""
"SYS-05-W390-saving","SYS-05","تصدير نسخة محلية","SYS","W","390","saving","جارٍ الحفظ","أساسي","C-DOCPRV C-NOTICE C-BTN","07-D3-Admin-Reports-Sync.dc.html","owner_approved","not_drawn",""
"SYS-05-W390-validation_error","SYS-05","تصدير نسخة محلية","SYS","W","390","validation_error","خطأ تحقق","أساسي","C-DOCPRV C-NOTICE C-BTN","07-D3-Admin-Reports-Sync.dc.html","owner_approved","not_drawn",""
"SYS-05-W390-success","SYS-05","تصدير نسخة محلية","SYS","W","390","success","نجاح","أساسي","C-DOCPRV C-NOTICE C-BTN","07-D3-Admin-Reports-Sync.dc.html","owner_approved","not_drawn",""
"SYS-05-W390-server_error","SYS-05","تصدير نسخة محلية","SYS","W","390","server_error","خطأ خادم","أساسي","C-DOCPRV C-NOTICE C-BTN","07-D3-Admin-Reports-Sync.dc.html","owner_approved","not_drawn",""
"SYS-05-W834-ready","SYS-05","تصدير نسخة محلية","SYS","W","834","ready","جاهز","أساسي","C-DOCPRV C-NOTICE C-BTN","07-D3-Admin-Reports-Sync.dc.html","owner_approved","not_drawn",""
"SYS-05-W834-saving","SYS-05","تصدير نسخة محلية","SYS","W","834","saving","جارٍ الحفظ","أساسي","C-DOCPRV C-NOTICE C-BTN","07-D3-Admin-Reports-Sync.dc.html","owner_approved","not_drawn",""
"SYS-05-W834-validation_error","SYS-05","تصدير نسخة محلية","SYS","W","834","validation_error","خطأ تحقق","أساسي","C-DOCPRV C-NOTICE C-BTN","07-D3-Admin-Reports-Sync.dc.html","owner_approved","not_drawn",""
"SYS-05-W834-success","SYS-05","تصدير نسخة محلية","SYS","W","834","success","نجاح","أساسي","C-DOCPRV C-NOTICE C-BTN","07-D3-Admin-Reports-Sync.dc.html","owner_approved","not_drawn",""
"SYS-05-W834-server_error","SYS-05","تصدير نسخة محلية","SYS","W","834","server_error","خطأ خادم","أساسي","C-DOCPRV C-NOTICE C-BTN","07-D3-Admin-Reports-Sync.dc.html","owner_approved","not_drawn",""
"SYS-05-W1440-ready","SYS-05","تصدير نسخة محلية","SYS","W","1440","ready","جاهز","أساسي","C-DOCPRV C-NOTICE C-BTN","07-D3-Admin-Reports-Sync.dc.html","owner_approved","drawn","35-D27-Sync-All-States.dc.html#SYS-05"
"SYS-05-W1440-saving","SYS-05","تصدير نسخة محلية","SYS","W","1440","saving","جارٍ الحفظ","أساسي","C-DOCPRV C-NOTICE C-BTN","07-D3-Admin-Reports-Sync.dc.html","owner_approved","drawn","16-D11-System-Reports.dc.html#SYS-05"
"SYS-05-W1440-validation_error","SYS-05","تصدير نسخة محلية","SYS","W","1440","validation_error","خطأ تحقق","أساسي","C-DOCPRV C-NOTICE C-BTN","07-D3-Admin-Reports-Sync.dc.html","owner_approved","drawn","35-D27-Sync-All-States.dc.html#SYS-05"
"SYS-05-W1440-success","SYS-05","تصدير نسخة محلية","SYS","W","1440","success","نجاح","أساسي","C-DOCPRV C-NOTICE C-BTN","07-D3-Admin-Reports-Sync.dc.html","owner_approved","drawn","35-D27-Sync-All-States.dc.html#SYS-05"
"SYS-05-W1440-server_error","SYS-05","تصدير نسخة محلية","SYS","W","1440","server_error","خطأ خادم","أساسي","C-DOCPRV C-NOTICE C-BTN","07-D3-Admin-Reports-Sync.dc.html","owner_approved","drawn","35-D27-Sync-All-States.dc.html#SYS-05"
"SYS-05-M390-ready","SYS-05","تصدير نسخة محلية","SYS","M","390","ready","جاهز","أساسي","C-DOCPRV C-NOTICE C-BTN","07-D3-Admin-Reports-Sync.dc.html","owner_approved","not_drawn",""
"SYS-05-M390-saving","SYS-05","تصدير نسخة محلية","SYS","M","390","saving","جارٍ الحفظ","أساسي","C-DOCPRV C-NOTICE C-BTN","07-D3-Admin-Reports-Sync.dc.html","owner_approved","not_drawn",""
"SYS-05-M390-validation_error","SYS-05","تصدير نسخة محلية","SYS","M","390","validation_error","خطأ تحقق","أساسي","C-DOCPRV C-NOTICE C-BTN","07-D3-Admin-Reports-Sync.dc.html","owner_approved","not_drawn",""
"SYS-05-M390-success","SYS-05","تصدير نسخة محلية","SYS","M","390","success","نجاح","أساسي","C-DOCPRV C-NOTICE C-BTN","07-D3-Admin-Reports-Sync.dc.html","owner_approved","not_drawn",""
"SYS-05-M390-server_error","SYS-05","تصدير نسخة محلية","SYS","M","390","server_error","خطأ خادم","أساسي","C-DOCPRV C-NOTICE C-BTN","07-D3-Admin-Reports-Sync.dc.html","owner_approved","not_drawn",""
"SYS-05-D1366-ready","SYS-05","تصدير نسخة محلية","SYS","D","1366","ready","جاهز","أساسي","C-DOCPRV C-NOTICE C-BTN","07-D3-Admin-Reports-Sync.dc.html","owner_approved","not_drawn",""
"SYS-05-D1366-saving","SYS-05","تصدير نسخة محلية","SYS","D","1366","saving","جارٍ الحفظ","أساسي","C-DOCPRV C-NOTICE C-BTN","07-D3-Admin-Reports-Sync.dc.html","owner_approved","not_drawn",""
"SYS-05-D1366-validation_error","SYS-05","تصدير نسخة محلية","SYS","D","1366","validation_error","خطأ تحقق","أساسي","C-DOCPRV C-NOTICE C-BTN","07-D3-Admin-Reports-Sync.dc.html","owner_approved","not_drawn",""
"SYS-05-D1366-success","SYS-05","تصدير نسخة محلية","SYS","D","1366","success","نجاح","أساسي","C-DOCPRV C-NOTICE C-BTN","07-D3-Admin-Reports-Sync.dc.html","owner_approved","not_drawn",""
"SYS-05-D1366-server_error","SYS-05","تصدير نسخة محلية","SYS","D","1366","server_error","خطأ خادم","أساسي","C-DOCPRV C-NOTICE C-BTN","07-D3-Admin-Reports-Sync.dc.html","owner_approved","not_drawn",""
"SYS-05-D1920-ready","SYS-05","تصدير نسخة محلية","SYS","D","1920","ready","جاهز","أساسي","C-DOCPRV C-NOTICE C-BTN","07-D3-Admin-Reports-Sync.dc.html","owner_approved","not_drawn",""
"SYS-05-D1920-saving","SYS-05","تصدير نسخة محلية","SYS","D","1920","saving","جارٍ الحفظ","أساسي","C-DOCPRV C-NOTICE C-BTN","07-D3-Admin-Reports-Sync.dc.html","owner_approved","not_drawn",""
"SYS-05-D1920-validation_error","SYS-05","تصدير نسخة محلية","SYS","D","1920","validation_error","خطأ تحقق","أساسي","C-DOCPRV C-NOTICE C-BTN","07-D3-Admin-Reports-Sync.dc.html","owner_approved","not_drawn",""
"SYS-05-D1920-success","SYS-05","تصدير نسخة محلية","SYS","D","1920","success","نجاح","أساسي","C-DOCPRV C-NOTICE C-BTN","07-D3-Admin-Reports-Sync.dc.html","owner_approved","not_drawn",""
"SYS-05-D1920-server_error","SYS-05","تصدير نسخة محلية","SYS","D","1920","server_error","خطأ خادم","أساسي","C-DOCPRV C-NOTICE C-BTN","07-D3-Admin-Reports-Sync.dc.html","owner_approved","not_drawn",""
"SYS-06-W390-ready","SYS-06","استعادة نسخة ومعاينتها","SYS","W","390","ready","جاهز","أساسي","C-UPLOAD C-DOCPRV C-DIALOG","07-D3-Admin-Reports-Sync.dc.html","owner_approved","not_drawn",""
"SYS-06-W390-validation_error","SYS-06","استعادة نسخة ومعاينتها","SYS","W","390","validation_error","خطأ تحقق","أساسي","C-UPLOAD C-DOCPRV C-DIALOG","07-D3-Admin-Reports-Sync.dc.html","owner_approved","not_drawn",""
"SYS-06-W390-conflict","SYS-06","استعادة نسخة ومعاينتها","SYS","W","390","conflict","تعارض","أساسي","C-UPLOAD C-DOCPRV C-DIALOG","07-D3-Admin-Reports-Sync.dc.html","owner_approved","not_drawn",""
"SYS-06-W390-partial","SYS-06","استعادة نسخة ومعاينتها","SYS","W","390","partial","جزئي","أساسي","C-UPLOAD C-DOCPRV C-DIALOG","07-D3-Admin-Reports-Sync.dc.html","owner_approved","not_drawn",""
"SYS-06-W390-success","SYS-06","استعادة نسخة ومعاينتها","SYS","W","390","success","نجاح","أساسي","C-UPLOAD C-DOCPRV C-DIALOG","07-D3-Admin-Reports-Sync.dc.html","owner_approved","not_drawn",""
"SYS-06-W390-server_error","SYS-06","استعادة نسخة ومعاينتها","SYS","W","390","server_error","خطأ خادم","أساسي","C-UPLOAD C-DOCPRV C-DIALOG","07-D3-Admin-Reports-Sync.dc.html","owner_approved","not_drawn",""
"SYS-06-W834-ready","SYS-06","استعادة نسخة ومعاينتها","SYS","W","834","ready","جاهز","أساسي","C-UPLOAD C-DOCPRV C-DIALOG","07-D3-Admin-Reports-Sync.dc.html","owner_approved","not_drawn",""
"SYS-06-W834-validation_error","SYS-06","استعادة نسخة ومعاينتها","SYS","W","834","validation_error","خطأ تحقق","أساسي","C-UPLOAD C-DOCPRV C-DIALOG","07-D3-Admin-Reports-Sync.dc.html","owner_approved","not_drawn",""
"SYS-06-W834-conflict","SYS-06","استعادة نسخة ومعاينتها","SYS","W","834","conflict","تعارض","أساسي","C-UPLOAD C-DOCPRV C-DIALOG","07-D3-Admin-Reports-Sync.dc.html","owner_approved","not_drawn",""
"SYS-06-W834-partial","SYS-06","استعادة نسخة ومعاينتها","SYS","W","834","partial","جزئي","أساسي","C-UPLOAD C-DOCPRV C-DIALOG","07-D3-Admin-Reports-Sync.dc.html","owner_approved","not_drawn",""
"SYS-06-W834-success","SYS-06","استعادة نسخة ومعاينتها","SYS","W","834","success","نجاح","أساسي","C-UPLOAD C-DOCPRV C-DIALOG","07-D3-Admin-Reports-Sync.dc.html","owner_approved","not_drawn",""
"SYS-06-W834-server_error","SYS-06","استعادة نسخة ومعاينتها","SYS","W","834","server_error","خطأ خادم","أساسي","C-UPLOAD C-DOCPRV C-DIALOG","07-D3-Admin-Reports-Sync.dc.html","owner_approved","not_drawn",""
"SYS-06-W1440-ready","SYS-06","استعادة نسخة ومعاينتها","SYS","W","1440","ready","جاهز","أساسي","C-UPLOAD C-DOCPRV C-DIALOG","07-D3-Admin-Reports-Sync.dc.html","owner_approved","drawn","35-D27-Sync-All-States.dc.html#SYS-06"
"SYS-06-W1440-validation_error","SYS-06","استعادة نسخة ومعاينتها","SYS","W","1440","validation_error","خطأ تحقق","أساسي","C-UPLOAD C-DOCPRV C-DIALOG","07-D3-Admin-Reports-Sync.dc.html","owner_approved","drawn","35-D27-Sync-All-States.dc.html#SYS-06"
"SYS-06-W1440-conflict","SYS-06","استعادة نسخة ومعاينتها","SYS","W","1440","conflict","تعارض","أساسي","C-UPLOAD C-DOCPRV C-DIALOG","07-D3-Admin-Reports-Sync.dc.html","owner_approved","drawn","16-D11-System-Reports.dc.html#SYS-06"
"SYS-06-W1440-partial","SYS-06","استعادة نسخة ومعاينتها","SYS","W","1440","partial","جزئي","أساسي","C-UPLOAD C-DOCPRV C-DIALOG","07-D3-Admin-Reports-Sync.dc.html","owner_approved","drawn","35-D27-Sync-All-States.dc.html#SYS-06"
"SYS-06-W1440-success","SYS-06","استعادة نسخة ومعاينتها","SYS","W","1440","success","نجاح","أساسي","C-UPLOAD C-DOCPRV C-DIALOG","07-D3-Admin-Reports-Sync.dc.html","owner_approved","drawn","35-D27-Sync-All-States.dc.html#SYS-06"
"SYS-06-W1440-server_error","SYS-06","استعادة نسخة ومعاينتها","SYS","W","1440","server_error","خطأ خادم","أساسي","C-UPLOAD C-DOCPRV C-DIALOG","07-D3-Admin-Reports-Sync.dc.html","owner_approved","drawn","35-D27-Sync-All-States.dc.html#SYS-06"
"SYS-06-M390-ready","SYS-06","استعادة نسخة ومعاينتها","SYS","M","390","ready","جاهز","أساسي","C-UPLOAD C-DOCPRV C-DIALOG","07-D3-Admin-Reports-Sync.dc.html","owner_approved","not_drawn",""
"SYS-06-M390-validation_error","SYS-06","استعادة نسخة ومعاينتها","SYS","M","390","validation_error","خطأ تحقق","أساسي","C-UPLOAD C-DOCPRV C-DIALOG","07-D3-Admin-Reports-Sync.dc.html","owner_approved","not_drawn",""
"SYS-06-M390-conflict","SYS-06","استعادة نسخة ومعاينتها","SYS","M","390","conflict","تعارض","أساسي","C-UPLOAD C-DOCPRV C-DIALOG","07-D3-Admin-Reports-Sync.dc.html","owner_approved","not_drawn",""
"SYS-06-M390-partial","SYS-06","استعادة نسخة ومعاينتها","SYS","M","390","partial","جزئي","أساسي","C-UPLOAD C-DOCPRV C-DIALOG","07-D3-Admin-Reports-Sync.dc.html","owner_approved","not_drawn",""
"SYS-06-M390-success","SYS-06","استعادة نسخة ومعاينتها","SYS","M","390","success","نجاح","أساسي","C-UPLOAD C-DOCPRV C-DIALOG","07-D3-Admin-Reports-Sync.dc.html","owner_approved","not_drawn",""
"SYS-06-M390-server_error","SYS-06","استعادة نسخة ومعاينتها","SYS","M","390","server_error","خطأ خادم","أساسي","C-UPLOAD C-DOCPRV C-DIALOG","07-D3-Admin-Reports-Sync.dc.html","owner_approved","not_drawn",""
"SYS-06-D1366-ready","SYS-06","استعادة نسخة ومعاينتها","SYS","D","1366","ready","جاهز","أساسي","C-UPLOAD C-DOCPRV C-DIALOG","07-D3-Admin-Reports-Sync.dc.html","owner_approved","not_drawn",""
"SYS-06-D1366-validation_error","SYS-06","استعادة نسخة ومعاينتها","SYS","D","1366","validation_error","خطأ تحقق","أساسي","C-UPLOAD C-DOCPRV C-DIALOG","07-D3-Admin-Reports-Sync.dc.html","owner_approved","not_drawn",""
"SYS-06-D1366-conflict","SYS-06","استعادة نسخة ومعاينتها","SYS","D","1366","conflict","تعارض","أساسي","C-UPLOAD C-DOCPRV C-DIALOG","07-D3-Admin-Reports-Sync.dc.html","owner_approved","not_drawn",""
"SYS-06-D1366-partial","SYS-06","استعادة نسخة ومعاينتها","SYS","D","1366","partial","جزئي","أساسي","C-UPLOAD C-DOCPRV C-DIALOG","07-D3-Admin-Reports-Sync.dc.html","owner_approved","not_drawn",""
"SYS-06-D1366-success","SYS-06","استعادة نسخة ومعاينتها","SYS","D","1366","success","نجاح","أساسي","C-UPLOAD C-DOCPRV C-DIALOG","07-D3-Admin-Reports-Sync.dc.html","owner_approved","not_drawn",""
"SYS-06-D1366-server_error","SYS-06","استعادة نسخة ومعاينتها","SYS","D","1366","server_error","خطأ خادم","أساسي","C-UPLOAD C-DOCPRV C-DIALOG","07-D3-Admin-Reports-Sync.dc.html","owner_approved","not_drawn",""
"SYS-06-D1920-ready","SYS-06","استعادة نسخة ومعاينتها","SYS","D","1920","ready","جاهز","أساسي","C-UPLOAD C-DOCPRV C-DIALOG","07-D3-Admin-Reports-Sync.dc.html","owner_approved","not_drawn",""
"SYS-06-D1920-validation_error","SYS-06","استعادة نسخة ومعاينتها","SYS","D","1920","validation_error","خطأ تحقق","أساسي","C-UPLOAD C-DOCPRV C-DIALOG","07-D3-Admin-Reports-Sync.dc.html","owner_approved","not_drawn",""
"SYS-06-D1920-conflict","SYS-06","استعادة نسخة ومعاينتها","SYS","D","1920","conflict","تعارض","أساسي","C-UPLOAD C-DOCPRV C-DIALOG","07-D3-Admin-Reports-Sync.dc.html","owner_approved","not_drawn",""
"SYS-06-D1920-partial","SYS-06","استعادة نسخة ومعاينتها","SYS","D","1920","partial","جزئي","أساسي","C-UPLOAD C-DOCPRV C-DIALOG","07-D3-Admin-Reports-Sync.dc.html","owner_approved","not_drawn",""
"SYS-06-D1920-success","SYS-06","استعادة نسخة ومعاينتها","SYS","D","1920","success","نجاح","أساسي","C-UPLOAD C-DOCPRV C-DIALOG","07-D3-Admin-Reports-Sync.dc.html","owner_approved","not_drawn",""
"SYS-06-D1920-server_error","SYS-06","استعادة نسخة ومعاينتها","SYS","D","1920","server_error","خطأ خادم","أساسي","C-UPLOAD C-DOCPRV C-DIALOG","07-D3-Admin-Reports-Sync.dc.html","owner_approved","not_drawn",""
"SYS-07-W390-ready","SYS-07","استرداد جهاز مسحوب","SYS","W","390","ready","جاهز","أساسي","C-DIALOG C-SYNC C-STATUS","07-D3-Admin-Reports-Sync.dc.html","owner_approved","not_drawn",""
"SYS-07-W390-permission_denied","SYS-07","استرداد جهاز مسحوب","SYS","W","390","permission_denied","صلاحية مرفوضة","أساسي","C-DIALOG C-SYNC C-STATUS","07-D3-Admin-Reports-Sync.dc.html","owner_approved","not_drawn",""
"SYS-07-W390-pending_sync","SYS-07","استرداد جهاز مسحوب","SYS","W","390","pending_sync","معلّق المزامنة","أساسي","C-DIALOG C-SYNC C-STATUS","07-D3-Admin-Reports-Sync.dc.html","owner_approved","not_drawn",""
"SYS-07-W390-conflict","SYS-07","استرداد جهاز مسحوب","SYS","W","390","conflict","تعارض","أساسي","C-DIALOG C-SYNC C-STATUS","07-D3-Admin-Reports-Sync.dc.html","owner_approved","not_drawn",""
"SYS-07-W390-success","SYS-07","استرداد جهاز مسحوب","SYS","W","390","success","نجاح","أساسي","C-DIALOG C-SYNC C-STATUS","07-D3-Admin-Reports-Sync.dc.html","owner_approved","not_drawn",""
"SYS-07-W834-ready","SYS-07","استرداد جهاز مسحوب","SYS","W","834","ready","جاهز","أساسي","C-DIALOG C-SYNC C-STATUS","07-D3-Admin-Reports-Sync.dc.html","owner_approved","not_drawn",""
"SYS-07-W834-permission_denied","SYS-07","استرداد جهاز مسحوب","SYS","W","834","permission_denied","صلاحية مرفوضة","أساسي","C-DIALOG C-SYNC C-STATUS","07-D3-Admin-Reports-Sync.dc.html","owner_approved","not_drawn",""
"SYS-07-W834-pending_sync","SYS-07","استرداد جهاز مسحوب","SYS","W","834","pending_sync","معلّق المزامنة","أساسي","C-DIALOG C-SYNC C-STATUS","07-D3-Admin-Reports-Sync.dc.html","owner_approved","not_drawn",""
"SYS-07-W834-conflict","SYS-07","استرداد جهاز مسحوب","SYS","W","834","conflict","تعارض","أساسي","C-DIALOG C-SYNC C-STATUS","07-D3-Admin-Reports-Sync.dc.html","owner_approved","not_drawn",""
"SYS-07-W834-success","SYS-07","استرداد جهاز مسحوب","SYS","W","834","success","نجاح","أساسي","C-DIALOG C-SYNC C-STATUS","07-D3-Admin-Reports-Sync.dc.html","owner_approved","not_drawn",""
"SYS-07-W1440-ready","SYS-07","استرداد جهاز مسحوب","SYS","W","1440","ready","جاهز","أساسي","C-DIALOG C-SYNC C-STATUS","07-D3-Admin-Reports-Sync.dc.html","owner_approved","drawn","35-D27-Sync-All-States.dc.html#SYS-07"
"SYS-07-W1440-permission_denied","SYS-07","استرداد جهاز مسحوب","SYS","W","1440","permission_denied","صلاحية مرفوضة","أساسي","C-DIALOG C-SYNC C-STATUS","07-D3-Admin-Reports-Sync.dc.html","owner_approved","drawn","35-D27-Sync-All-States.dc.html#SYS-07"
"SYS-07-W1440-pending_sync","SYS-07","استرداد جهاز مسحوب","SYS","W","1440","pending_sync","معلّق المزامنة","أساسي","C-DIALOG C-SYNC C-STATUS","07-D3-Admin-Reports-Sync.dc.html","owner_approved","drawn","19-D14-Sync-Recovery-Reports.dc.html#SYS-07"
"SYS-07-W1440-conflict","SYS-07","استرداد جهاز مسحوب","SYS","W","1440","conflict","تعارض","أساسي","C-DIALOG C-SYNC C-STATUS","07-D3-Admin-Reports-Sync.dc.html","owner_approved","drawn","35-D27-Sync-All-States.dc.html#SYS-07"
"SYS-07-W1440-success","SYS-07","استرداد جهاز مسحوب","SYS","W","1440","success","نجاح","أساسي","C-DIALOG C-SYNC C-STATUS","07-D3-Admin-Reports-Sync.dc.html","owner_approved","drawn","35-D27-Sync-All-States.dc.html#SYS-07"
"SYS-07-M390-ready","SYS-07","استرداد جهاز مسحوب","SYS","M","390","ready","جاهز","أساسي","C-DIALOG C-SYNC C-STATUS","07-D3-Admin-Reports-Sync.dc.html","owner_approved","not_drawn",""
"SYS-07-M390-permission_denied","SYS-07","استرداد جهاز مسحوب","SYS","M","390","permission_denied","صلاحية مرفوضة","أساسي","C-DIALOG C-SYNC C-STATUS","07-D3-Admin-Reports-Sync.dc.html","owner_approved","not_drawn",""
"SYS-07-M390-pending_sync","SYS-07","استرداد جهاز مسحوب","SYS","M","390","pending_sync","معلّق المزامنة","أساسي","C-DIALOG C-SYNC C-STATUS","07-D3-Admin-Reports-Sync.dc.html","owner_approved","not_drawn",""
"SYS-07-M390-conflict","SYS-07","استرداد جهاز مسحوب","SYS","M","390","conflict","تعارض","أساسي","C-DIALOG C-SYNC C-STATUS","07-D3-Admin-Reports-Sync.dc.html","owner_approved","not_drawn",""
"SYS-07-M390-success","SYS-07","استرداد جهاز مسحوب","SYS","M","390","success","نجاح","أساسي","C-DIALOG C-SYNC C-STATUS","07-D3-Admin-Reports-Sync.dc.html","owner_approved","not_drawn",""
"SYS-07-D1366-ready","SYS-07","استرداد جهاز مسحوب","SYS","D","1366","ready","جاهز","أساسي","C-DIALOG C-SYNC C-STATUS","07-D3-Admin-Reports-Sync.dc.html","owner_approved","not_drawn",""
"SYS-07-D1366-permission_denied","SYS-07","استرداد جهاز مسحوب","SYS","D","1366","permission_denied","صلاحية مرفوضة","أساسي","C-DIALOG C-SYNC C-STATUS","07-D3-Admin-Reports-Sync.dc.html","owner_approved","not_drawn",""
"SYS-07-D1366-pending_sync","SYS-07","استرداد جهاز مسحوب","SYS","D","1366","pending_sync","معلّق المزامنة","أساسي","C-DIALOG C-SYNC C-STATUS","07-D3-Admin-Reports-Sync.dc.html","owner_approved","not_drawn",""
"SYS-07-D1366-conflict","SYS-07","استرداد جهاز مسحوب","SYS","D","1366","conflict","تعارض","أساسي","C-DIALOG C-SYNC C-STATUS","07-D3-Admin-Reports-Sync.dc.html","owner_approved","not_drawn",""
"SYS-07-D1366-success","SYS-07","استرداد جهاز مسحوب","SYS","D","1366","success","نجاح","أساسي","C-DIALOG C-SYNC C-STATUS","07-D3-Admin-Reports-Sync.dc.html","owner_approved","not_drawn",""
"SYS-07-D1920-ready","SYS-07","استرداد جهاز مسحوب","SYS","D","1920","ready","جاهز","أساسي","C-DIALOG C-SYNC C-STATUS","07-D3-Admin-Reports-Sync.dc.html","owner_approved","not_drawn",""
"SYS-07-D1920-permission_denied","SYS-07","استرداد جهاز مسحوب","SYS","D","1920","permission_denied","صلاحية مرفوضة","أساسي","C-DIALOG C-SYNC C-STATUS","07-D3-Admin-Reports-Sync.dc.html","owner_approved","not_drawn",""
"SYS-07-D1920-pending_sync","SYS-07","استرداد جهاز مسحوب","SYS","D","1920","pending_sync","معلّق المزامنة","أساسي","C-DIALOG C-SYNC C-STATUS","07-D3-Admin-Reports-Sync.dc.html","owner_approved","not_drawn",""
"SYS-07-D1920-conflict","SYS-07","استرداد جهاز مسحوب","SYS","D","1920","conflict","تعارض","أساسي","C-DIALOG C-SYNC C-STATUS","07-D3-Admin-Reports-Sync.dc.html","owner_approved","not_drawn",""
"SYS-07-D1920-success","SYS-07","استرداد جهاز مسحوب","SYS","D","1920","success","نجاح","أساسي","C-DIALOG C-SYNC C-STATUS","07-D3-Admin-Reports-Sync.dc.html","owner_approved","not_drawn",""
"SYS-08-W390-conflict","SYS-08","تغير جيل الخادم والمصالحة","SYS","W","390","conflict","تعارض","أساسي","C-NOTICE C-SYNC C-TIMELIST","07-D3-Admin-Reports-Sync.dc.html","owner_approved","not_drawn",""
"SYS-08-W390-stale","SYS-08","تغير جيل الخادم والمصالحة","SYS","W","390","stale","بيانات قديمة","أساسي","C-NOTICE C-SYNC C-TIMELIST","07-D3-Admin-Reports-Sync.dc.html","owner_approved","not_drawn",""
"SYS-08-W390-pending_sync","SYS-08","تغير جيل الخادم والمصالحة","SYS","W","390","pending_sync","معلّق المزامنة","أساسي","C-NOTICE C-SYNC C-TIMELIST","07-D3-Admin-Reports-Sync.dc.html","owner_approved","not_drawn",""
"SYS-08-W390-success","SYS-08","تغير جيل الخادم والمصالحة","SYS","W","390","success","نجاح","أساسي","C-NOTICE C-SYNC C-TIMELIST","07-D3-Admin-Reports-Sync.dc.html","owner_approved","not_drawn",""
"SYS-08-W834-conflict","SYS-08","تغير جيل الخادم والمصالحة","SYS","W","834","conflict","تعارض","أساسي","C-NOTICE C-SYNC C-TIMELIST","07-D3-Admin-Reports-Sync.dc.html","owner_approved","not_drawn",""
"SYS-08-W834-stale","SYS-08","تغير جيل الخادم والمصالحة","SYS","W","834","stale","بيانات قديمة","أساسي","C-NOTICE C-SYNC C-TIMELIST","07-D3-Admin-Reports-Sync.dc.html","owner_approved","not_drawn",""
"SYS-08-W834-pending_sync","SYS-08","تغير جيل الخادم والمصالحة","SYS","W","834","pending_sync","معلّق المزامنة","أساسي","C-NOTICE C-SYNC C-TIMELIST","07-D3-Admin-Reports-Sync.dc.html","owner_approved","not_drawn",""
"SYS-08-W834-success","SYS-08","تغير جيل الخادم والمصالحة","SYS","W","834","success","نجاح","أساسي","C-NOTICE C-SYNC C-TIMELIST","07-D3-Admin-Reports-Sync.dc.html","owner_approved","not_drawn",""
"SYS-08-W1440-conflict","SYS-08","تغير جيل الخادم والمصالحة","SYS","W","1440","conflict","تعارض","أساسي","C-NOTICE C-SYNC C-TIMELIST","07-D3-Admin-Reports-Sync.dc.html","owner_approved","drawn","35-D27-Sync-All-States.dc.html#SYS-08"
"SYS-08-W1440-stale","SYS-08","تغير جيل الخادم والمصالحة","SYS","W","1440","stale","بيانات قديمة","أساسي","C-NOTICE C-SYNC C-TIMELIST","07-D3-Admin-Reports-Sync.dc.html","owner_approved","drawn","19-D14-Sync-Recovery-Reports.dc.html#SYS-08"
"SYS-08-W1440-pending_sync","SYS-08","تغير جيل الخادم والمصالحة","SYS","W","1440","pending_sync","معلّق المزامنة","أساسي","C-NOTICE C-SYNC C-TIMELIST","07-D3-Admin-Reports-Sync.dc.html","owner_approved","drawn","35-D27-Sync-All-States.dc.html#SYS-08"
"SYS-08-W1440-success","SYS-08","تغير جيل الخادم والمصالحة","SYS","W","1440","success","نجاح","أساسي","C-NOTICE C-SYNC C-TIMELIST","07-D3-Admin-Reports-Sync.dc.html","owner_approved","drawn","35-D27-Sync-All-States.dc.html#SYS-08"
"SYS-08-M390-conflict","SYS-08","تغير جيل الخادم والمصالحة","SYS","M","390","conflict","تعارض","أساسي","C-NOTICE C-SYNC C-TIMELIST","07-D3-Admin-Reports-Sync.dc.html","owner_approved","not_drawn",""
"SYS-08-M390-stale","SYS-08","تغير جيل الخادم والمصالحة","SYS","M","390","stale","بيانات قديمة","أساسي","C-NOTICE C-SYNC C-TIMELIST","07-D3-Admin-Reports-Sync.dc.html","owner_approved","not_drawn",""
"SYS-08-M390-pending_sync","SYS-08","تغير جيل الخادم والمصالحة","SYS","M","390","pending_sync","معلّق المزامنة","أساسي","C-NOTICE C-SYNC C-TIMELIST","07-D3-Admin-Reports-Sync.dc.html","owner_approved","not_drawn",""
"SYS-08-M390-success","SYS-08","تغير جيل الخادم والمصالحة","SYS","M","390","success","نجاح","أساسي","C-NOTICE C-SYNC C-TIMELIST","07-D3-Admin-Reports-Sync.dc.html","owner_approved","not_drawn",""
"SYS-08-D1366-conflict","SYS-08","تغير جيل الخادم والمصالحة","SYS","D","1366","conflict","تعارض","أساسي","C-NOTICE C-SYNC C-TIMELIST","07-D3-Admin-Reports-Sync.dc.html","owner_approved","not_drawn",""
"SYS-08-D1366-stale","SYS-08","تغير جيل الخادم والمصالحة","SYS","D","1366","stale","بيانات قديمة","أساسي","C-NOTICE C-SYNC C-TIMELIST","07-D3-Admin-Reports-Sync.dc.html","owner_approved","not_drawn",""
"SYS-08-D1366-pending_sync","SYS-08","تغير جيل الخادم والمصالحة","SYS","D","1366","pending_sync","معلّق المزامنة","أساسي","C-NOTICE C-SYNC C-TIMELIST","07-D3-Admin-Reports-Sync.dc.html","owner_approved","not_drawn",""
"SYS-08-D1366-success","SYS-08","تغير جيل الخادم والمصالحة","SYS","D","1366","success","نجاح","أساسي","C-NOTICE C-SYNC C-TIMELIST","07-D3-Admin-Reports-Sync.dc.html","owner_approved","not_drawn",""
"SYS-08-D1920-conflict","SYS-08","تغير جيل الخادم والمصالحة","SYS","D","1920","conflict","تعارض","أساسي","C-NOTICE C-SYNC C-TIMELIST","07-D3-Admin-Reports-Sync.dc.html","owner_approved","not_drawn",""
"SYS-08-D1920-stale","SYS-08","تغير جيل الخادم والمصالحة","SYS","D","1920","stale","بيانات قديمة","أساسي","C-NOTICE C-SYNC C-TIMELIST","07-D3-Admin-Reports-Sync.dc.html","owner_approved","not_drawn",""
"SYS-08-D1920-pending_sync","SYS-08","تغير جيل الخادم والمصالحة","SYS","D","1920","pending_sync","معلّق المزامنة","أساسي","C-NOTICE C-SYNC C-TIMELIST","07-D3-Admin-Reports-Sync.dc.html","owner_approved","not_drawn",""
"SYS-08-D1920-success","SYS-08","تغير جيل الخادم والمصالحة","SYS","D","1920","success","نجاح","أساسي","C-NOTICE C-SYNC C-TIMELIST","07-D3-Admin-Reports-Sync.dc.html","owner_approved","not_drawn",""
"SYS-09-W390-ready","SYS-09","تحديث التطبيق مع عمليات معلقة","SYS","W","390","ready","جاهز","أساسي","C-DIALOG C-SYNC C-NOTICE","07-D3-Admin-Reports-Sync.dc.html","owner_approved","not_drawn",""
"SYS-09-W390-pending_sync","SYS-09","تحديث التطبيق مع عمليات معلقة","SYS","W","390","pending_sync","معلّق المزامنة","أساسي","C-DIALOG C-SYNC C-NOTICE","07-D3-Admin-Reports-Sync.dc.html","owner_approved","not_drawn",""
"SYS-09-W390-validation_error","SYS-09","تحديث التطبيق مع عمليات معلقة","SYS","W","390","validation_error","خطأ تحقق","أساسي","C-DIALOG C-SYNC C-NOTICE","07-D3-Admin-Reports-Sync.dc.html","owner_approved","not_drawn",""
"SYS-09-W390-success","SYS-09","تحديث التطبيق مع عمليات معلقة","SYS","W","390","success","نجاح","أساسي","C-DIALOG C-SYNC C-NOTICE","07-D3-Admin-Reports-Sync.dc.html","owner_approved","not_drawn",""
"SYS-09-W390-server_error","SYS-09","تحديث التطبيق مع عمليات معلقة","SYS","W","390","server_error","خطأ خادم","أساسي","C-DIALOG C-SYNC C-NOTICE","07-D3-Admin-Reports-Sync.dc.html","owner_approved","not_drawn",""
"SYS-09-W834-ready","SYS-09","تحديث التطبيق مع عمليات معلقة","SYS","W","834","ready","جاهز","أساسي","C-DIALOG C-SYNC C-NOTICE","07-D3-Admin-Reports-Sync.dc.html","owner_approved","not_drawn",""
"SYS-09-W834-pending_sync","SYS-09","تحديث التطبيق مع عمليات معلقة","SYS","W","834","pending_sync","معلّق المزامنة","أساسي","C-DIALOG C-SYNC C-NOTICE","07-D3-Admin-Reports-Sync.dc.html","owner_approved","not_drawn",""
"SYS-09-W834-validation_error","SYS-09","تحديث التطبيق مع عمليات معلقة","SYS","W","834","validation_error","خطأ تحقق","أساسي","C-DIALOG C-SYNC C-NOTICE","07-D3-Admin-Reports-Sync.dc.html","owner_approved","not_drawn",""
"SYS-09-W834-success","SYS-09","تحديث التطبيق مع عمليات معلقة","SYS","W","834","success","نجاح","أساسي","C-DIALOG C-SYNC C-NOTICE","07-D3-Admin-Reports-Sync.dc.html","owner_approved","not_drawn",""
"SYS-09-W834-server_error","SYS-09","تحديث التطبيق مع عمليات معلقة","SYS","W","834","server_error","خطأ خادم","أساسي","C-DIALOG C-SYNC C-NOTICE","07-D3-Admin-Reports-Sync.dc.html","owner_approved","not_drawn",""
"SYS-09-W1440-ready","SYS-09","تحديث التطبيق مع عمليات معلقة","SYS","W","1440","ready","جاهز","أساسي","C-DIALOG C-SYNC C-NOTICE","07-D3-Admin-Reports-Sync.dc.html","owner_approved","drawn","35-D27-Sync-All-States.dc.html#SYS-09"
"SYS-09-W1440-pending_sync","SYS-09","تحديث التطبيق مع عمليات معلقة","SYS","W","1440","pending_sync","معلّق المزامنة","أساسي","C-DIALOG C-SYNC C-NOTICE","07-D3-Admin-Reports-Sync.dc.html","owner_approved","drawn","35-D27-Sync-All-States.dc.html#SYS-09"
"SYS-09-W1440-validation_error","SYS-09","تحديث التطبيق مع عمليات معلقة","SYS","W","1440","validation_error","خطأ تحقق","أساسي","C-DIALOG C-SYNC C-NOTICE","07-D3-Admin-Reports-Sync.dc.html","owner_approved","drawn","19-D14-Sync-Recovery-Reports.dc.html#SYS-09"
"SYS-09-W1440-success","SYS-09","تحديث التطبيق مع عمليات معلقة","SYS","W","1440","success","نجاح","أساسي","C-DIALOG C-SYNC C-NOTICE","07-D3-Admin-Reports-Sync.dc.html","owner_approved","drawn","35-D27-Sync-All-States.dc.html#SYS-09"
"SYS-09-W1440-server_error","SYS-09","تحديث التطبيق مع عمليات معلقة","SYS","W","1440","server_error","خطأ خادم","أساسي","C-DIALOG C-SYNC C-NOTICE","07-D3-Admin-Reports-Sync.dc.html","owner_approved","drawn","35-D27-Sync-All-States.dc.html#SYS-09"
"SYS-09-M390-ready","SYS-09","تحديث التطبيق مع عمليات معلقة","SYS","M","390","ready","جاهز","أساسي","C-DIALOG C-SYNC C-NOTICE","07-D3-Admin-Reports-Sync.dc.html","owner_approved","not_drawn",""
"SYS-09-M390-pending_sync","SYS-09","تحديث التطبيق مع عمليات معلقة","SYS","M","390","pending_sync","معلّق المزامنة","أساسي","C-DIALOG C-SYNC C-NOTICE","07-D3-Admin-Reports-Sync.dc.html","owner_approved","not_drawn",""
"SYS-09-M390-validation_error","SYS-09","تحديث التطبيق مع عمليات معلقة","SYS","M","390","validation_error","خطأ تحقق","أساسي","C-DIALOG C-SYNC C-NOTICE","07-D3-Admin-Reports-Sync.dc.html","owner_approved","not_drawn",""
"SYS-09-M390-success","SYS-09","تحديث التطبيق مع عمليات معلقة","SYS","M","390","success","نجاح","أساسي","C-DIALOG C-SYNC C-NOTICE","07-D3-Admin-Reports-Sync.dc.html","owner_approved","not_drawn",""
"SYS-09-M390-server_error","SYS-09","تحديث التطبيق مع عمليات معلقة","SYS","M","390","server_error","خطأ خادم","أساسي","C-DIALOG C-SYNC C-NOTICE","07-D3-Admin-Reports-Sync.dc.html","owner_approved","not_drawn",""
"SYS-09-D1366-ready","SYS-09","تحديث التطبيق مع عمليات معلقة","SYS","D","1366","ready","جاهز","أساسي","C-DIALOG C-SYNC C-NOTICE","07-D3-Admin-Reports-Sync.dc.html","owner_approved","not_drawn",""
"SYS-09-D1366-pending_sync","SYS-09","تحديث التطبيق مع عمليات معلقة","SYS","D","1366","pending_sync","معلّق المزامنة","أساسي","C-DIALOG C-SYNC C-NOTICE","07-D3-Admin-Reports-Sync.dc.html","owner_approved","not_drawn",""
"SYS-09-D1366-validation_error","SYS-09","تحديث التطبيق مع عمليات معلقة","SYS","D","1366","validation_error","خطأ تحقق","أساسي","C-DIALOG C-SYNC C-NOTICE","07-D3-Admin-Reports-Sync.dc.html","owner_approved","not_drawn",""
"SYS-09-D1366-success","SYS-09","تحديث التطبيق مع عمليات معلقة","SYS","D","1366","success","نجاح","أساسي","C-DIALOG C-SYNC C-NOTICE","07-D3-Admin-Reports-Sync.dc.html","owner_approved","not_drawn",""
"SYS-09-D1366-server_error","SYS-09","تحديث التطبيق مع عمليات معلقة","SYS","D","1366","server_error","خطأ خادم","أساسي","C-DIALOG C-SYNC C-NOTICE","07-D3-Admin-Reports-Sync.dc.html","owner_approved","not_drawn",""
"SYS-09-D1920-ready","SYS-09","تحديث التطبيق مع عمليات معلقة","SYS","D","1920","ready","جاهز","أساسي","C-DIALOG C-SYNC C-NOTICE","07-D3-Admin-Reports-Sync.dc.html","owner_approved","not_drawn",""
"SYS-09-D1920-pending_sync","SYS-09","تحديث التطبيق مع عمليات معلقة","SYS","D","1920","pending_sync","معلّق المزامنة","أساسي","C-DIALOG C-SYNC C-NOTICE","07-D3-Admin-Reports-Sync.dc.html","owner_approved","not_drawn",""
"SYS-09-D1920-validation_error","SYS-09","تحديث التطبيق مع عمليات معلقة","SYS","D","1920","validation_error","خطأ تحقق","أساسي","C-DIALOG C-SYNC C-NOTICE","07-D3-Admin-Reports-Sync.dc.html","owner_approved","not_drawn",""
"SYS-09-D1920-success","SYS-09","تحديث التطبيق مع عمليات معلقة","SYS","D","1920","success","نجاح","أساسي","C-DIALOG C-SYNC C-NOTICE","07-D3-Admin-Reports-Sync.dc.html","owner_approved","not_drawn",""
"SYS-09-D1920-server_error","SYS-09","تحديث التطبيق مع عمليات معلقة","SYS","D","1920","server_error","خطأ خادم","أساسي","C-DIALOG C-SYNC C-NOTICE","07-D3-Admin-Reports-Sync.dc.html","owner_approved","not_drawn",""
"SYS-10-W390-ready","SYS-10","استيراد بيانات","SYS","W","390","ready","جاهز","أساسي","C-UPLOAD C-TABLE C-DOCPRV","07-D3-Admin-Reports-Sync.dc.html","owner_approved","not_drawn",""
"SYS-10-W390-loading","SYS-10","استيراد بيانات","SYS","W","390","loading","تحميل","أساسي","C-UPLOAD C-TABLE C-DOCPRV","07-D3-Admin-Reports-Sync.dc.html","owner_approved","not_drawn",""
"SYS-10-W390-validation_error","SYS-10","استيراد بيانات","SYS","W","390","validation_error","خطأ تحقق","أساسي","C-UPLOAD C-TABLE C-DOCPRV","07-D3-Admin-Reports-Sync.dc.html","owner_approved","not_drawn",""
"SYS-10-W390-partial","SYS-10","استيراد بيانات","SYS","W","390","partial","جزئي","أساسي","C-UPLOAD C-TABLE C-DOCPRV","07-D3-Admin-Reports-Sync.dc.html","owner_approved","not_drawn",""
"SYS-10-W390-success","SYS-10","استيراد بيانات","SYS","W","390","success","نجاح","أساسي","C-UPLOAD C-TABLE C-DOCPRV","07-D3-Admin-Reports-Sync.dc.html","owner_approved","not_drawn",""
"SYS-10-W390-server_error","SYS-10","استيراد بيانات","SYS","W","390","server_error","خطأ خادم","أساسي","C-UPLOAD C-TABLE C-DOCPRV","07-D3-Admin-Reports-Sync.dc.html","owner_approved","not_drawn",""
"SYS-10-W834-ready","SYS-10","استيراد بيانات","SYS","W","834","ready","جاهز","أساسي","C-UPLOAD C-TABLE C-DOCPRV","07-D3-Admin-Reports-Sync.dc.html","owner_approved","not_drawn",""
"SYS-10-W834-loading","SYS-10","استيراد بيانات","SYS","W","834","loading","تحميل","أساسي","C-UPLOAD C-TABLE C-DOCPRV","07-D3-Admin-Reports-Sync.dc.html","owner_approved","not_drawn",""
"SYS-10-W834-validation_error","SYS-10","استيراد بيانات","SYS","W","834","validation_error","خطأ تحقق","أساسي","C-UPLOAD C-TABLE C-DOCPRV","07-D3-Admin-Reports-Sync.dc.html","owner_approved","not_drawn",""
"SYS-10-W834-partial","SYS-10","استيراد بيانات","SYS","W","834","partial","جزئي","أساسي","C-UPLOAD C-TABLE C-DOCPRV","07-D3-Admin-Reports-Sync.dc.html","owner_approved","not_drawn",""
"SYS-10-W834-success","SYS-10","استيراد بيانات","SYS","W","834","success","نجاح","أساسي","C-UPLOAD C-TABLE C-DOCPRV","07-D3-Admin-Reports-Sync.dc.html","owner_approved","not_drawn",""
"SYS-10-W834-server_error","SYS-10","استيراد بيانات","SYS","W","834","server_error","خطأ خادم","أساسي","C-UPLOAD C-TABLE C-DOCPRV","07-D3-Admin-Reports-Sync.dc.html","owner_approved","not_drawn",""
"SYS-10-W1440-ready","SYS-10","استيراد بيانات","SYS","W","1440","ready","جاهز","أساسي","C-UPLOAD C-TABLE C-DOCPRV","07-D3-Admin-Reports-Sync.dc.html","owner_approved","drawn","35-D27-Sync-All-States.dc.html#SYS-10"
"SYS-10-W1440-loading","SYS-10","استيراد بيانات","SYS","W","1440","loading","تحميل","أساسي","C-UPLOAD C-TABLE C-DOCPRV","07-D3-Admin-Reports-Sync.dc.html","owner_approved","drawn","35-D27-Sync-All-States.dc.html#SYS-10"
"SYS-10-W1440-validation_error","SYS-10","استيراد بيانات","SYS","W","1440","validation_error","خطأ تحقق","أساسي","C-UPLOAD C-TABLE C-DOCPRV","07-D3-Admin-Reports-Sync.dc.html","owner_approved","drawn","35-D27-Sync-All-States.dc.html#SYS-10"
"SYS-10-W1440-partial","SYS-10","استيراد بيانات","SYS","W","1440","partial","جزئي","أساسي","C-UPLOAD C-TABLE C-DOCPRV","07-D3-Admin-Reports-Sync.dc.html","owner_approved","drawn","16-D11-System-Reports.dc.html#SYS-10"
"SYS-10-W1440-success","SYS-10","استيراد بيانات","SYS","W","1440","success","نجاح","أساسي","C-UPLOAD C-TABLE C-DOCPRV","07-D3-Admin-Reports-Sync.dc.html","owner_approved","drawn","35-D27-Sync-All-States.dc.html#SYS-10"
"SYS-10-W1440-server_error","SYS-10","استيراد بيانات","SYS","W","1440","server_error","خطأ خادم","أساسي","C-UPLOAD C-TABLE C-DOCPRV","07-D3-Admin-Reports-Sync.dc.html","owner_approved","drawn","35-D27-Sync-All-States.dc.html#SYS-10"
"SYS-10-M390-ready","SYS-10","استيراد بيانات","SYS","M","390","ready","جاهز","أساسي","C-UPLOAD C-TABLE C-DOCPRV","07-D3-Admin-Reports-Sync.dc.html","owner_approved","not_drawn",""
"SYS-10-M390-loading","SYS-10","استيراد بيانات","SYS","M","390","loading","تحميل","أساسي","C-UPLOAD C-TABLE C-DOCPRV","07-D3-Admin-Reports-Sync.dc.html","owner_approved","not_drawn",""
"SYS-10-M390-validation_error","SYS-10","استيراد بيانات","SYS","M","390","validation_error","خطأ تحقق","أساسي","C-UPLOAD C-TABLE C-DOCPRV","07-D3-Admin-Reports-Sync.dc.html","owner_approved","not_drawn",""
"SYS-10-M390-partial","SYS-10","استيراد بيانات","SYS","M","390","partial","جزئي","أساسي","C-UPLOAD C-TABLE C-DOCPRV","07-D3-Admin-Reports-Sync.dc.html","owner_approved","not_drawn",""
"SYS-10-M390-success","SYS-10","استيراد بيانات","SYS","M","390","success","نجاح","أساسي","C-UPLOAD C-TABLE C-DOCPRV","07-D3-Admin-Reports-Sync.dc.html","owner_approved","not_drawn",""
"SYS-10-M390-server_error","SYS-10","استيراد بيانات","SYS","M","390","server_error","خطأ خادم","أساسي","C-UPLOAD C-TABLE C-DOCPRV","07-D3-Admin-Reports-Sync.dc.html","owner_approved","not_drawn",""
"SYS-10-D1366-ready","SYS-10","استيراد بيانات","SYS","D","1366","ready","جاهز","أساسي","C-UPLOAD C-TABLE C-DOCPRV","07-D3-Admin-Reports-Sync.dc.html","owner_approved","not_drawn",""
"SYS-10-D1366-loading","SYS-10","استيراد بيانات","SYS","D","1366","loading","تحميل","أساسي","C-UPLOAD C-TABLE C-DOCPRV","07-D3-Admin-Reports-Sync.dc.html","owner_approved","not_drawn",""
"SYS-10-D1366-validation_error","SYS-10","استيراد بيانات","SYS","D","1366","validation_error","خطأ تحقق","أساسي","C-UPLOAD C-TABLE C-DOCPRV","07-D3-Admin-Reports-Sync.dc.html","owner_approved","not_drawn",""
"SYS-10-D1366-partial","SYS-10","استيراد بيانات","SYS","D","1366","partial","جزئي","أساسي","C-UPLOAD C-TABLE C-DOCPRV","07-D3-Admin-Reports-Sync.dc.html","owner_approved","not_drawn",""
"SYS-10-D1366-success","SYS-10","استيراد بيانات","SYS","D","1366","success","نجاح","أساسي","C-UPLOAD C-TABLE C-DOCPRV","07-D3-Admin-Reports-Sync.dc.html","owner_approved","not_drawn",""
"SYS-10-D1366-server_error","SYS-10","استيراد بيانات","SYS","D","1366","server_error","خطأ خادم","أساسي","C-UPLOAD C-TABLE C-DOCPRV","07-D3-Admin-Reports-Sync.dc.html","owner_approved","not_drawn",""
"SYS-10-D1920-ready","SYS-10","استيراد بيانات","SYS","D","1920","ready","جاهز","أساسي","C-UPLOAD C-TABLE C-DOCPRV","07-D3-Admin-Reports-Sync.dc.html","owner_approved","not_drawn",""
"SYS-10-D1920-loading","SYS-10","استيراد بيانات","SYS","D","1920","loading","تحميل","أساسي","C-UPLOAD C-TABLE C-DOCPRV","07-D3-Admin-Reports-Sync.dc.html","owner_approved","not_drawn",""
"SYS-10-D1920-validation_error","SYS-10","استيراد بيانات","SYS","D","1920","validation_error","خطأ تحقق","أساسي","C-UPLOAD C-TABLE C-DOCPRV","07-D3-Admin-Reports-Sync.dc.html","owner_approved","not_drawn",""
"SYS-10-D1920-partial","SYS-10","استيراد بيانات","SYS","D","1920","partial","جزئي","أساسي","C-UPLOAD C-TABLE C-DOCPRV","07-D3-Admin-Reports-Sync.dc.html","owner_approved","not_drawn",""
"SYS-10-D1920-success","SYS-10","استيراد بيانات","SYS","D","1920","success","نجاح","أساسي","C-UPLOAD C-TABLE C-DOCPRV","07-D3-Admin-Reports-Sync.dc.html","owner_approved","not_drawn",""
"SYS-10-D1920-server_error","SYS-10","استيراد بيانات","SYS","D","1920","server_error","خطأ خادم","أساسي","C-UPLOAD C-TABLE C-DOCPRV","07-D3-Admin-Reports-Sync.dc.html","owner_approved","not_drawn",""
"SYS-11-W390-ready","SYS-11","الدعم والتشخيص","SYS","W","390","ready","جاهز","أساسي","C-DOCPRV C-NOTICE C-BTN","07-D3-Admin-Reports-Sync.dc.html","owner_approved","not_drawn",""
"SYS-11-W390-empty","SYS-11","الدعم والتشخيص","SYS","W","390","empty","فارغ","أساسي","C-DOCPRV C-NOTICE C-BTN","07-D3-Admin-Reports-Sync.dc.html","owner_approved","not_drawn",""
"SYS-11-W390-permission_denied","SYS-11","الدعم والتشخيص","SYS","W","390","permission_denied","صلاحية مرفوضة","أساسي","C-DOCPRV C-NOTICE C-BTN","07-D3-Admin-Reports-Sync.dc.html","owner_approved","not_drawn",""
"SYS-11-W390-success","SYS-11","الدعم والتشخيص","SYS","W","390","success","نجاح","أساسي","C-DOCPRV C-NOTICE C-BTN","07-D3-Admin-Reports-Sync.dc.html","owner_approved","not_drawn",""
"SYS-11-W834-ready","SYS-11","الدعم والتشخيص","SYS","W","834","ready","جاهز","أساسي","C-DOCPRV C-NOTICE C-BTN","07-D3-Admin-Reports-Sync.dc.html","owner_approved","not_drawn",""
"SYS-11-W834-empty","SYS-11","الدعم والتشخيص","SYS","W","834","empty","فارغ","أساسي","C-DOCPRV C-NOTICE C-BTN","07-D3-Admin-Reports-Sync.dc.html","owner_approved","not_drawn",""
"SYS-11-W834-permission_denied","SYS-11","الدعم والتشخيص","SYS","W","834","permission_denied","صلاحية مرفوضة","أساسي","C-DOCPRV C-NOTICE C-BTN","07-D3-Admin-Reports-Sync.dc.html","owner_approved","not_drawn",""
"SYS-11-W834-success","SYS-11","الدعم والتشخيص","SYS","W","834","success","نجاح","أساسي","C-DOCPRV C-NOTICE C-BTN","07-D3-Admin-Reports-Sync.dc.html","owner_approved","not_drawn",""
"SYS-11-W1440-ready","SYS-11","الدعم والتشخيص","SYS","W","1440","ready","جاهز","أساسي","C-DOCPRV C-NOTICE C-BTN","07-D3-Admin-Reports-Sync.dc.html","owner_approved","drawn","19-D14-Sync-Recovery-Reports.dc.html#SYS-11"
"SYS-11-W1440-empty","SYS-11","الدعم والتشخيص","SYS","W","1440","empty","فارغ","أساسي","C-DOCPRV C-NOTICE C-BTN","07-D3-Admin-Reports-Sync.dc.html","owner_approved","drawn","35-D27-Sync-All-States.dc.html#SYS-11"
"SYS-11-W1440-permission_denied","SYS-11","الدعم والتشخيص","SYS","W","1440","permission_denied","صلاحية مرفوضة","أساسي","C-DOCPRV C-NOTICE C-BTN","07-D3-Admin-Reports-Sync.dc.html","owner_approved","drawn","35-D27-Sync-All-States.dc.html#SYS-11"
"SYS-11-W1440-success","SYS-11","الدعم والتشخيص","SYS","W","1440","success","نجاح","أساسي","C-DOCPRV C-NOTICE C-BTN","07-D3-Admin-Reports-Sync.dc.html","owner_approved","drawn","35-D27-Sync-All-States.dc.html#SYS-11"
"SYS-11-M390-ready","SYS-11","الدعم والتشخيص","SYS","M","390","ready","جاهز","أساسي","C-DOCPRV C-NOTICE C-BTN","07-D3-Admin-Reports-Sync.dc.html","owner_approved","not_drawn",""
"SYS-11-M390-empty","SYS-11","الدعم والتشخيص","SYS","M","390","empty","فارغ","أساسي","C-DOCPRV C-NOTICE C-BTN","07-D3-Admin-Reports-Sync.dc.html","owner_approved","not_drawn",""
"SYS-11-M390-permission_denied","SYS-11","الدعم والتشخيص","SYS","M","390","permission_denied","صلاحية مرفوضة","أساسي","C-DOCPRV C-NOTICE C-BTN","07-D3-Admin-Reports-Sync.dc.html","owner_approved","not_drawn",""
"SYS-11-M390-success","SYS-11","الدعم والتشخيص","SYS","M","390","success","نجاح","أساسي","C-DOCPRV C-NOTICE C-BTN","07-D3-Admin-Reports-Sync.dc.html","owner_approved","not_drawn",""
"SYS-11-D1366-ready","SYS-11","الدعم والتشخيص","SYS","D","1366","ready","جاهز","أساسي","C-DOCPRV C-NOTICE C-BTN","07-D3-Admin-Reports-Sync.dc.html","owner_approved","not_drawn",""
"SYS-11-D1366-empty","SYS-11","الدعم والتشخيص","SYS","D","1366","empty","فارغ","أساسي","C-DOCPRV C-NOTICE C-BTN","07-D3-Admin-Reports-Sync.dc.html","owner_approved","not_drawn",""
"SYS-11-D1366-permission_denied","SYS-11","الدعم والتشخيص","SYS","D","1366","permission_denied","صلاحية مرفوضة","أساسي","C-DOCPRV C-NOTICE C-BTN","07-D3-Admin-Reports-Sync.dc.html","owner_approved","not_drawn",""
"SYS-11-D1366-success","SYS-11","الدعم والتشخيص","SYS","D","1366","success","نجاح","أساسي","C-DOCPRV C-NOTICE C-BTN","07-D3-Admin-Reports-Sync.dc.html","owner_approved","not_drawn",""
"SYS-11-D1920-ready","SYS-11","الدعم والتشخيص","SYS","D","1920","ready","جاهز","أساسي","C-DOCPRV C-NOTICE C-BTN","07-D3-Admin-Reports-Sync.dc.html","owner_approved","not_drawn",""
"SYS-11-D1920-empty","SYS-11","الدعم والتشخيص","SYS","D","1920","empty","فارغ","أساسي","C-DOCPRV C-NOTICE C-BTN","07-D3-Admin-Reports-Sync.dc.html","owner_approved","not_drawn",""
"SYS-11-D1920-permission_denied","SYS-11","الدعم والتشخيص","SYS","D","1920","permission_denied","صلاحية مرفوضة","أساسي","C-DOCPRV C-NOTICE C-BTN","07-D3-Admin-Reports-Sync.dc.html","owner_approved","not_drawn",""
"SYS-11-D1920-success","SYS-11","الدعم والتشخيص","SYS","D","1920","success","نجاح","أساسي","C-DOCPRV C-NOTICE C-BTN","07-D3-Admin-Reports-Sync.dc.html","owner_approved","not_drawn",""
"NOT-01-W390-ready","NOT-01","صندوق الوارد والتفاصيل","NOT","W","390","ready","جاهز","أساسي","C-TIMELIST C-STATUS C-NOTICE","17-D12-Notifications-Campaigns.dc.html","owner_approved","not_drawn",""
"NOT-01-W390-loading","NOT-01","صندوق الوارد والتفاصيل","NOT","W","390","loading","تحميل","أساسي","C-TIMELIST C-STATUS C-NOTICE","17-D12-Notifications-Campaigns.dc.html","owner_approved","not_drawn",""
"NOT-01-W390-empty","NOT-01","صندوق الوارد والتفاصيل","NOT","W","390","empty","فارغ","أساسي","C-TIMELIST C-STATUS C-NOTICE","17-D12-Notifications-Campaigns.dc.html","owner_approved","not_drawn",""
"NOT-01-W390-expired","NOT-01","صندوق الوارد والتفاصيل","NOT","W","390","expired","منتهي الصلاحية","أساسي","C-TIMELIST C-STATUS C-NOTICE","17-D12-Notifications-Campaigns.dc.html","owner_approved","not_drawn",""
"NOT-01-W390-permission_denied","NOT-01","صندوق الوارد والتفاصيل","NOT","W","390","permission_denied","صلاحية مرفوضة","أساسي","C-TIMELIST C-STATUS C-NOTICE","17-D12-Notifications-Campaigns.dc.html","owner_approved","not_drawn",""
"NOT-01-W834-ready","NOT-01","صندوق الوارد والتفاصيل","NOT","W","834","ready","جاهز","أساسي","C-TIMELIST C-STATUS C-NOTICE","17-D12-Notifications-Campaigns.dc.html","owner_approved","not_drawn",""
"NOT-01-W834-loading","NOT-01","صندوق الوارد والتفاصيل","NOT","W","834","loading","تحميل","أساسي","C-TIMELIST C-STATUS C-NOTICE","17-D12-Notifications-Campaigns.dc.html","owner_approved","not_drawn",""
"NOT-01-W834-empty","NOT-01","صندوق الوارد والتفاصيل","NOT","W","834","empty","فارغ","أساسي","C-TIMELIST C-STATUS C-NOTICE","17-D12-Notifications-Campaigns.dc.html","owner_approved","not_drawn",""
"NOT-01-W834-expired","NOT-01","صندوق الوارد والتفاصيل","NOT","W","834","expired","منتهي الصلاحية","أساسي","C-TIMELIST C-STATUS C-NOTICE","17-D12-Notifications-Campaigns.dc.html","owner_approved","not_drawn",""
"NOT-01-W834-permission_denied","NOT-01","صندوق الوارد والتفاصيل","NOT","W","834","permission_denied","صلاحية مرفوضة","أساسي","C-TIMELIST C-STATUS C-NOTICE","17-D12-Notifications-Campaigns.dc.html","owner_approved","not_drawn",""
"NOT-01-W1440-ready","NOT-01","صندوق الوارد والتفاصيل","NOT","W","1440","ready","جاهز","أساسي","C-TIMELIST C-STATUS C-NOTICE","17-D12-Notifications-Campaigns.dc.html","owner_approved","drawn","17-D12-Notifications-Campaigns.dc.html#NOT-01"
"NOT-01-W1440-loading","NOT-01","صندوق الوارد والتفاصيل","NOT","W","1440","loading","تحميل","أساسي","C-TIMELIST C-STATUS C-NOTICE","17-D12-Notifications-Campaigns.dc.html","owner_approved","drawn","36-D28-Reports-Notifications-Mobile.dc.html#NOT-01"
"NOT-01-W1440-empty","NOT-01","صندوق الوارد والتفاصيل","NOT","W","1440","empty","فارغ","أساسي","C-TIMELIST C-STATUS C-NOTICE","17-D12-Notifications-Campaigns.dc.html","owner_approved","drawn","36-D28-Reports-Notifications-Mobile.dc.html#NOT-01"
"NOT-01-W1440-expired","NOT-01","صندوق الوارد والتفاصيل","NOT","W","1440","expired","منتهي الصلاحية","أساسي","C-TIMELIST C-STATUS C-NOTICE","17-D12-Notifications-Campaigns.dc.html","owner_approved","drawn","36-D28-Reports-Notifications-Mobile.dc.html#NOT-01"
"NOT-01-W1440-permission_denied","NOT-01","صندوق الوارد والتفاصيل","NOT","W","1440","permission_denied","صلاحية مرفوضة","أساسي","C-TIMELIST C-STATUS C-NOTICE","17-D12-Notifications-Campaigns.dc.html","owner_approved","drawn","36-D28-Reports-Notifications-Mobile.dc.html#NOT-01"
"NOT-01-M390-ready","NOT-01","صندوق الوارد والتفاصيل","NOT","M","390","ready","جاهز","أساسي","C-TIMELIST C-STATUS C-NOTICE","17-D12-Notifications-Campaigns.dc.html","owner_approved","drawn","17-D12-Notifications-Campaigns.dc.html#NOT-01"
"NOT-01-M390-loading","NOT-01","صندوق الوارد والتفاصيل","NOT","M","390","loading","تحميل","أساسي","C-TIMELIST C-STATUS C-NOTICE","17-D12-Notifications-Campaigns.dc.html","owner_approved","not_drawn",""
"NOT-01-M390-empty","NOT-01","صندوق الوارد والتفاصيل","NOT","M","390","empty","فارغ","أساسي","C-TIMELIST C-STATUS C-NOTICE","17-D12-Notifications-Campaigns.dc.html","owner_approved","not_drawn",""
"NOT-01-M390-expired","NOT-01","صندوق الوارد والتفاصيل","NOT","M","390","expired","منتهي الصلاحية","أساسي","C-TIMELIST C-STATUS C-NOTICE","17-D12-Notifications-Campaigns.dc.html","owner_approved","not_drawn",""
"NOT-01-M390-permission_denied","NOT-01","صندوق الوارد والتفاصيل","NOT","M","390","permission_denied","صلاحية مرفوضة","أساسي","C-TIMELIST C-STATUS C-NOTICE","17-D12-Notifications-Campaigns.dc.html","owner_approved","not_drawn",""
"NOT-01-D1366-ready","NOT-01","صندوق الوارد والتفاصيل","NOT","D","1366","ready","جاهز","أساسي","C-TIMELIST C-STATUS C-NOTICE","17-D12-Notifications-Campaigns.dc.html","owner_approved","not_drawn",""
"NOT-01-D1366-loading","NOT-01","صندوق الوارد والتفاصيل","NOT","D","1366","loading","تحميل","أساسي","C-TIMELIST C-STATUS C-NOTICE","17-D12-Notifications-Campaigns.dc.html","owner_approved","not_drawn",""
"NOT-01-D1366-empty","NOT-01","صندوق الوارد والتفاصيل","NOT","D","1366","empty","فارغ","أساسي","C-TIMELIST C-STATUS C-NOTICE","17-D12-Notifications-Campaigns.dc.html","owner_approved","not_drawn",""
"NOT-01-D1366-expired","NOT-01","صندوق الوارد والتفاصيل","NOT","D","1366","expired","منتهي الصلاحية","أساسي","C-TIMELIST C-STATUS C-NOTICE","17-D12-Notifications-Campaigns.dc.html","owner_approved","not_drawn",""
"NOT-01-D1366-permission_denied","NOT-01","صندوق الوارد والتفاصيل","NOT","D","1366","permission_denied","صلاحية مرفوضة","أساسي","C-TIMELIST C-STATUS C-NOTICE","17-D12-Notifications-Campaigns.dc.html","owner_approved","not_drawn",""
"NOT-01-D1920-ready","NOT-01","صندوق الوارد والتفاصيل","NOT","D","1920","ready","جاهز","أساسي","C-TIMELIST C-STATUS C-NOTICE","17-D12-Notifications-Campaigns.dc.html","owner_approved","not_drawn",""
"NOT-01-D1920-loading","NOT-01","صندوق الوارد والتفاصيل","NOT","D","1920","loading","تحميل","أساسي","C-TIMELIST C-STATUS C-NOTICE","17-D12-Notifications-Campaigns.dc.html","owner_approved","not_drawn",""
"NOT-01-D1920-empty","NOT-01","صندوق الوارد والتفاصيل","NOT","D","1920","empty","فارغ","أساسي","C-TIMELIST C-STATUS C-NOTICE","17-D12-Notifications-Campaigns.dc.html","owner_approved","not_drawn",""
"NOT-01-D1920-expired","NOT-01","صندوق الوارد والتفاصيل","NOT","D","1920","expired","منتهي الصلاحية","أساسي","C-TIMELIST C-STATUS C-NOTICE","17-D12-Notifications-Campaigns.dc.html","owner_approved","not_drawn",""
"NOT-01-D1920-permission_denied","NOT-01","صندوق الوارد والتفاصيل","NOT","D","1920","permission_denied","صلاحية مرفوضة","أساسي","C-TIMELIST C-STATUS C-NOTICE","17-D12-Notifications-Campaigns.dc.html","owner_approved","not_drawn",""
"NOT-02-W390-ready","NOT-02","تفضيلات التنبيه","NOT","W","390","ready","جاهز","أساسي","C-FIELD C-STATUS C-NOTICE","17-D12-Notifications-Campaigns.dc.html","owner_approved","not_drawn",""
"NOT-02-W390-validation_error","NOT-02","تفضيلات التنبيه","NOT","W","390","validation_error","خطأ تحقق","أساسي","C-FIELD C-STATUS C-NOTICE","17-D12-Notifications-Campaigns.dc.html","owner_approved","not_drawn",""
"NOT-02-W390-offline","NOT-02","تفضيلات التنبيه","NOT","W","390","offline","بلا اتصال","أساسي","C-FIELD C-STATUS C-NOTICE","17-D12-Notifications-Campaigns.dc.html","owner_approved","not_drawn",""
"NOT-02-W390-success","NOT-02","تفضيلات التنبيه","NOT","W","390","success","نجاح","أساسي","C-FIELD C-STATUS C-NOTICE","17-D12-Notifications-Campaigns.dc.html","owner_approved","not_drawn",""
"NOT-02-W834-ready","NOT-02","تفضيلات التنبيه","NOT","W","834","ready","جاهز","أساسي","C-FIELD C-STATUS C-NOTICE","17-D12-Notifications-Campaigns.dc.html","owner_approved","not_drawn",""
"NOT-02-W834-validation_error","NOT-02","تفضيلات التنبيه","NOT","W","834","validation_error","خطأ تحقق","أساسي","C-FIELD C-STATUS C-NOTICE","17-D12-Notifications-Campaigns.dc.html","owner_approved","not_drawn",""
"NOT-02-W834-offline","NOT-02","تفضيلات التنبيه","NOT","W","834","offline","بلا اتصال","أساسي","C-FIELD C-STATUS C-NOTICE","17-D12-Notifications-Campaigns.dc.html","owner_approved","not_drawn",""
"NOT-02-W834-success","NOT-02","تفضيلات التنبيه","NOT","W","834","success","نجاح","أساسي","C-FIELD C-STATUS C-NOTICE","17-D12-Notifications-Campaigns.dc.html","owner_approved","not_drawn",""
"NOT-02-W1440-ready","NOT-02","تفضيلات التنبيه","NOT","W","1440","ready","جاهز","أساسي","C-FIELD C-STATUS C-NOTICE","17-D12-Notifications-Campaigns.dc.html","owner_approved","drawn","17-D12-Notifications-Campaigns.dc.html#NOT-02"
"NOT-02-W1440-validation_error","NOT-02","تفضيلات التنبيه","NOT","W","1440","validation_error","خطأ تحقق","أساسي","C-FIELD C-STATUS C-NOTICE","17-D12-Notifications-Campaigns.dc.html","owner_approved","drawn","36-D28-Reports-Notifications-Mobile.dc.html#NOT-02"
"NOT-02-W1440-offline","NOT-02","تفضيلات التنبيه","NOT","W","1440","offline","بلا اتصال","أساسي","C-FIELD C-STATUS C-NOTICE","17-D12-Notifications-Campaigns.dc.html","owner_approved","drawn","36-D28-Reports-Notifications-Mobile.dc.html#NOT-02"
"NOT-02-W1440-success","NOT-02","تفضيلات التنبيه","NOT","W","1440","success","نجاح","أساسي","C-FIELD C-STATUS C-NOTICE","17-D12-Notifications-Campaigns.dc.html","owner_approved","drawn","36-D28-Reports-Notifications-Mobile.dc.html#NOT-02"
"NOT-02-M390-ready","NOT-02","تفضيلات التنبيه","NOT","M","390","ready","جاهز","أساسي","C-FIELD C-STATUS C-NOTICE","17-D12-Notifications-Campaigns.dc.html","owner_approved","not_drawn",""
"NOT-02-M390-validation_error","NOT-02","تفضيلات التنبيه","NOT","M","390","validation_error","خطأ تحقق","أساسي","C-FIELD C-STATUS C-NOTICE","17-D12-Notifications-Campaigns.dc.html","owner_approved","not_drawn",""
"NOT-02-M390-offline","NOT-02","تفضيلات التنبيه","NOT","M","390","offline","بلا اتصال","أساسي","C-FIELD C-STATUS C-NOTICE","17-D12-Notifications-Campaigns.dc.html","owner_approved","not_drawn",""
"NOT-02-M390-success","NOT-02","تفضيلات التنبيه","NOT","M","390","success","نجاح","أساسي","C-FIELD C-STATUS C-NOTICE","17-D12-Notifications-Campaigns.dc.html","owner_approved","not_drawn",""
"NOT-02-D1366-ready","NOT-02","تفضيلات التنبيه","NOT","D","1366","ready","جاهز","أساسي","C-FIELD C-STATUS C-NOTICE","17-D12-Notifications-Campaigns.dc.html","owner_approved","not_drawn",""
"NOT-02-D1366-validation_error","NOT-02","تفضيلات التنبيه","NOT","D","1366","validation_error","خطأ تحقق","أساسي","C-FIELD C-STATUS C-NOTICE","17-D12-Notifications-Campaigns.dc.html","owner_approved","not_drawn",""
"NOT-02-D1366-offline","NOT-02","تفضيلات التنبيه","NOT","D","1366","offline","بلا اتصال","أساسي","C-FIELD C-STATUS C-NOTICE","17-D12-Notifications-Campaigns.dc.html","owner_approved","not_drawn",""
"NOT-02-D1366-success","NOT-02","تفضيلات التنبيه","NOT","D","1366","success","نجاح","أساسي","C-FIELD C-STATUS C-NOTICE","17-D12-Notifications-Campaigns.dc.html","owner_approved","not_drawn",""
"NOT-02-D1920-ready","NOT-02","تفضيلات التنبيه","NOT","D","1920","ready","جاهز","أساسي","C-FIELD C-STATUS C-NOTICE","17-D12-Notifications-Campaigns.dc.html","owner_approved","not_drawn",""
"NOT-02-D1920-validation_error","NOT-02","تفضيلات التنبيه","NOT","D","1920","validation_error","خطأ تحقق","أساسي","C-FIELD C-STATUS C-NOTICE","17-D12-Notifications-Campaigns.dc.html","owner_approved","not_drawn",""
"NOT-02-D1920-offline","NOT-02","تفضيلات التنبيه","NOT","D","1920","offline","بلا اتصال","أساسي","C-FIELD C-STATUS C-NOTICE","17-D12-Notifications-Campaigns.dc.html","owner_approved","not_drawn",""
"NOT-02-D1920-success","NOT-02","تفضيلات التنبيه","NOT","D","1920","success","نجاح","أساسي","C-FIELD C-STATUS C-NOTICE","17-D12-Notifications-Campaigns.dc.html","owner_approved","not_drawn",""
"NOT-03-W390-ready","NOT-03","قائمة الحملات","NOT","W","390","ready","جاهز","أساسي","C-TABLE C-STATUS C-FILTER","17-D12-Notifications-Campaigns.dc.html","owner_approved","not_drawn",""
"NOT-03-W390-loading","NOT-03","قائمة الحملات","NOT","W","390","loading","تحميل","أساسي","C-TABLE C-STATUS C-FILTER","17-D12-Notifications-Campaigns.dc.html","owner_approved","not_drawn",""
"NOT-03-W390-empty","NOT-03","قائمة الحملات","NOT","W","390","empty","فارغ","أساسي","C-TABLE C-STATUS C-FILTER","17-D12-Notifications-Campaigns.dc.html","owner_approved","not_drawn",""
"NOT-03-W390-permission_denied","NOT-03","قائمة الحملات","NOT","W","390","permission_denied","صلاحية مرفوضة","أساسي","C-TABLE C-STATUS C-FILTER","17-D12-Notifications-Campaigns.dc.html","owner_approved","not_drawn",""
"NOT-03-W834-ready","NOT-03","قائمة الحملات","NOT","W","834","ready","جاهز","أساسي","C-TABLE C-STATUS C-FILTER","17-D12-Notifications-Campaigns.dc.html","owner_approved","not_drawn",""
"NOT-03-W834-loading","NOT-03","قائمة الحملات","NOT","W","834","loading","تحميل","أساسي","C-TABLE C-STATUS C-FILTER","17-D12-Notifications-Campaigns.dc.html","owner_approved","not_drawn",""
"NOT-03-W834-empty","NOT-03","قائمة الحملات","NOT","W","834","empty","فارغ","أساسي","C-TABLE C-STATUS C-FILTER","17-D12-Notifications-Campaigns.dc.html","owner_approved","not_drawn",""
"NOT-03-W834-permission_denied","NOT-03","قائمة الحملات","NOT","W","834","permission_denied","صلاحية مرفوضة","أساسي","C-TABLE C-STATUS C-FILTER","17-D12-Notifications-Campaigns.dc.html","owner_approved","not_drawn",""
"NOT-03-W1440-ready","NOT-03","قائمة الحملات","NOT","W","1440","ready","جاهز","أساسي","C-TABLE C-STATUS C-FILTER","17-D12-Notifications-Campaigns.dc.html","owner_approved","drawn","17-D12-Notifications-Campaigns.dc.html#NOT-03"
"NOT-03-W1440-loading","NOT-03","قائمة الحملات","NOT","W","1440","loading","تحميل","أساسي","C-TABLE C-STATUS C-FILTER","17-D12-Notifications-Campaigns.dc.html","owner_approved","drawn","36-D28-Reports-Notifications-Mobile.dc.html#NOT-03"
"NOT-03-W1440-empty","NOT-03","قائمة الحملات","NOT","W","1440","empty","فارغ","أساسي","C-TABLE C-STATUS C-FILTER","17-D12-Notifications-Campaigns.dc.html","owner_approved","drawn","36-D28-Reports-Notifications-Mobile.dc.html#NOT-03"
"NOT-03-W1440-permission_denied","NOT-03","قائمة الحملات","NOT","W","1440","permission_denied","صلاحية مرفوضة","أساسي","C-TABLE C-STATUS C-FILTER","17-D12-Notifications-Campaigns.dc.html","owner_approved","drawn","36-D28-Reports-Notifications-Mobile.dc.html#NOT-03"
"NOT-03-M390-ready","NOT-03","قائمة الحملات","NOT","M","390","ready","جاهز","أساسي","C-TABLE C-STATUS C-FILTER","17-D12-Notifications-Campaigns.dc.html","owner_approved","not_drawn",""
"NOT-03-M390-loading","NOT-03","قائمة الحملات","NOT","M","390","loading","تحميل","أساسي","C-TABLE C-STATUS C-FILTER","17-D12-Notifications-Campaigns.dc.html","owner_approved","not_drawn",""
"NOT-03-M390-empty","NOT-03","قائمة الحملات","NOT","M","390","empty","فارغ","أساسي","C-TABLE C-STATUS C-FILTER","17-D12-Notifications-Campaigns.dc.html","owner_approved","not_drawn",""
"NOT-03-M390-permission_denied","NOT-03","قائمة الحملات","NOT","M","390","permission_denied","صلاحية مرفوضة","أساسي","C-TABLE C-STATUS C-FILTER","17-D12-Notifications-Campaigns.dc.html","owner_approved","not_drawn",""
"NOT-03-D1366-ready","NOT-03","قائمة الحملات","NOT","D","1366","ready","جاهز","أساسي","C-TABLE C-STATUS C-FILTER","17-D12-Notifications-Campaigns.dc.html","owner_approved","not_drawn",""
"NOT-03-D1366-loading","NOT-03","قائمة الحملات","NOT","D","1366","loading","تحميل","أساسي","C-TABLE C-STATUS C-FILTER","17-D12-Notifications-Campaigns.dc.html","owner_approved","not_drawn",""
"NOT-03-D1366-empty","NOT-03","قائمة الحملات","NOT","D","1366","empty","فارغ","أساسي","C-TABLE C-STATUS C-FILTER","17-D12-Notifications-Campaigns.dc.html","owner_approved","not_drawn",""
"NOT-03-D1366-permission_denied","NOT-03","قائمة الحملات","NOT","D","1366","permission_denied","صلاحية مرفوضة","أساسي","C-TABLE C-STATUS C-FILTER","17-D12-Notifications-Campaigns.dc.html","owner_approved","not_drawn",""
"NOT-03-D1920-ready","NOT-03","قائمة الحملات","NOT","D","1920","ready","جاهز","أساسي","C-TABLE C-STATUS C-FILTER","17-D12-Notifications-Campaigns.dc.html","owner_approved","not_drawn",""
"NOT-03-D1920-loading","NOT-03","قائمة الحملات","NOT","D","1920","loading","تحميل","أساسي","C-TABLE C-STATUS C-FILTER","17-D12-Notifications-Campaigns.dc.html","owner_approved","not_drawn",""
"NOT-03-D1920-empty","NOT-03","قائمة الحملات","NOT","D","1920","empty","فارغ","أساسي","C-TABLE C-STATUS C-FILTER","17-D12-Notifications-Campaigns.dc.html","owner_approved","not_drawn",""
"NOT-03-D1920-permission_denied","NOT-03","قائمة الحملات","NOT","D","1920","permission_denied","صلاحية مرفوضة","أساسي","C-TABLE C-STATUS C-FILTER","17-D12-Notifications-Campaigns.dc.html","owner_approved","not_drawn",""
"NOT-04-W390-ready","NOT-04","إنشاء حملة واختيار الجمهور","NOT","W","390","ready","جاهز","أساسي","C-CAMP C-AUD C-FIELD","17-D12-Notifications-Campaigns.dc.html","owner_approved","not_drawn",""
"NOT-04-W390-empty","NOT-04","إنشاء حملة واختيار الجمهور","NOT","W","390","empty","فارغ","أساسي","C-CAMP C-AUD C-FIELD","17-D12-Notifications-Campaigns.dc.html","owner_approved","not_drawn",""
"NOT-04-W390-validation_error","NOT-04","إنشاء حملة واختيار الجمهور","NOT","W","390","validation_error","خطأ تحقق","أساسي","C-CAMP C-AUD C-FIELD","17-D12-Notifications-Campaigns.dc.html","owner_approved","not_drawn",""
"NOT-04-W390-permission_denied","NOT-04","إنشاء حملة واختيار الجمهور","NOT","W","390","permission_denied","صلاحية مرفوضة","أساسي","C-CAMP C-AUD C-FIELD","17-D12-Notifications-Campaigns.dc.html","owner_approved","not_drawn",""
"NOT-04-W834-ready","NOT-04","إنشاء حملة واختيار الجمهور","NOT","W","834","ready","جاهز","أساسي","C-CAMP C-AUD C-FIELD","17-D12-Notifications-Campaigns.dc.html","owner_approved","not_drawn",""
"NOT-04-W834-empty","NOT-04","إنشاء حملة واختيار الجمهور","NOT","W","834","empty","فارغ","أساسي","C-CAMP C-AUD C-FIELD","17-D12-Notifications-Campaigns.dc.html","owner_approved","not_drawn",""
"NOT-04-W834-validation_error","NOT-04","إنشاء حملة واختيار الجمهور","NOT","W","834","validation_error","خطأ تحقق","أساسي","C-CAMP C-AUD C-FIELD","17-D12-Notifications-Campaigns.dc.html","owner_approved","not_drawn",""
"NOT-04-W834-permission_denied","NOT-04","إنشاء حملة واختيار الجمهور","NOT","W","834","permission_denied","صلاحية مرفوضة","أساسي","C-CAMP C-AUD C-FIELD","17-D12-Notifications-Campaigns.dc.html","owner_approved","not_drawn",""
"NOT-04-W1440-ready","NOT-04","إنشاء حملة واختيار الجمهور","NOT","W","1440","ready","جاهز","أساسي","C-CAMP C-AUD C-FIELD","17-D12-Notifications-Campaigns.dc.html","owner_approved","drawn","07-D3-Admin-Reports-Sync.dc.html#NOT-04"
"NOT-04-W1440-empty","NOT-04","إنشاء حملة واختيار الجمهور","NOT","W","1440","empty","فارغ","أساسي","C-CAMP C-AUD C-FIELD","17-D12-Notifications-Campaigns.dc.html","owner_approved","drawn","36-D28-Reports-Notifications-Mobile.dc.html#NOT-04"
"NOT-04-W1440-validation_error","NOT-04","إنشاء حملة واختيار الجمهور","NOT","W","1440","validation_error","خطأ تحقق","أساسي","C-CAMP C-AUD C-FIELD","17-D12-Notifications-Campaigns.dc.html","owner_approved","drawn","36-D28-Reports-Notifications-Mobile.dc.html#NOT-04"
"NOT-04-W1440-permission_denied","NOT-04","إنشاء حملة واختيار الجمهور","NOT","W","1440","permission_denied","صلاحية مرفوضة","أساسي","C-CAMP C-AUD C-FIELD","17-D12-Notifications-Campaigns.dc.html","owner_approved","drawn","36-D28-Reports-Notifications-Mobile.dc.html#NOT-04"
"NOT-04-M390-ready","NOT-04","إنشاء حملة واختيار الجمهور","NOT","M","390","ready","جاهز","أساسي","C-CAMP C-AUD C-FIELD","17-D12-Notifications-Campaigns.dc.html","owner_approved","not_drawn",""
"NOT-04-M390-empty","NOT-04","إنشاء حملة واختيار الجمهور","NOT","M","390","empty","فارغ","أساسي","C-CAMP C-AUD C-FIELD","17-D12-Notifications-Campaigns.dc.html","owner_approved","not_drawn",""
"NOT-04-M390-validation_error","NOT-04","إنشاء حملة واختيار الجمهور","NOT","M","390","validation_error","خطأ تحقق","أساسي","C-CAMP C-AUD C-FIELD","17-D12-Notifications-Campaigns.dc.html","owner_approved","not_drawn",""
"NOT-04-M390-permission_denied","NOT-04","إنشاء حملة واختيار الجمهور","NOT","M","390","permission_denied","صلاحية مرفوضة","أساسي","C-CAMP C-AUD C-FIELD","17-D12-Notifications-Campaigns.dc.html","owner_approved","not_drawn",""
"NOT-04-D1366-ready","NOT-04","إنشاء حملة واختيار الجمهور","NOT","D","1366","ready","جاهز","أساسي","C-CAMP C-AUD C-FIELD","17-D12-Notifications-Campaigns.dc.html","owner_approved","not_drawn",""
"NOT-04-D1366-empty","NOT-04","إنشاء حملة واختيار الجمهور","NOT","D","1366","empty","فارغ","أساسي","C-CAMP C-AUD C-FIELD","17-D12-Notifications-Campaigns.dc.html","owner_approved","not_drawn",""
"NOT-04-D1366-validation_error","NOT-04","إنشاء حملة واختيار الجمهور","NOT","D","1366","validation_error","خطأ تحقق","أساسي","C-CAMP C-AUD C-FIELD","17-D12-Notifications-Campaigns.dc.html","owner_approved","not_drawn",""
"NOT-04-D1366-permission_denied","NOT-04","إنشاء حملة واختيار الجمهور","NOT","D","1366","permission_denied","صلاحية مرفوضة","أساسي","C-CAMP C-AUD C-FIELD","17-D12-Notifications-Campaigns.dc.html","owner_approved","not_drawn",""
"NOT-04-D1920-ready","NOT-04","إنشاء حملة واختيار الجمهور","NOT","D","1920","ready","جاهز","أساسي","C-CAMP C-AUD C-FIELD","17-D12-Notifications-Campaigns.dc.html","owner_approved","not_drawn",""
"NOT-04-D1920-empty","NOT-04","إنشاء حملة واختيار الجمهور","NOT","D","1920","empty","فارغ","أساسي","C-CAMP C-AUD C-FIELD","17-D12-Notifications-Campaigns.dc.html","owner_approved","not_drawn",""
"NOT-04-D1920-validation_error","NOT-04","إنشاء حملة واختيار الجمهور","NOT","D","1920","validation_error","خطأ تحقق","أساسي","C-CAMP C-AUD C-FIELD","17-D12-Notifications-Campaigns.dc.html","owner_approved","not_drawn",""
"NOT-04-D1920-permission_denied","NOT-04","إنشاء حملة واختيار الجمهور","NOT","D","1920","permission_denied","صلاحية مرفوضة","أساسي","C-CAMP C-AUD C-FIELD","17-D12-Notifications-Campaigns.dc.html","owner_approved","not_drawn",""
"NOT-05-W390-ready","NOT-05","معاينة واعتماد وجدولة","NOT","W","390","ready","جاهز","أساسي","C-DOCPRV C-CAMP C-DIALOG","17-D12-Notifications-Campaigns.dc.html","owner_approved","not_drawn",""
"NOT-05-W390-validation_error","NOT-05","معاينة واعتماد وجدولة","NOT","W","390","validation_error","خطأ تحقق","أساسي","C-DOCPRV C-CAMP C-DIALOG","17-D12-Notifications-Campaigns.dc.html","owner_approved","not_drawn",""
"NOT-05-W390-saving","NOT-05","معاينة واعتماد وجدولة","NOT","W","390","saving","جارٍ الحفظ","أساسي","C-DOCPRV C-CAMP C-DIALOG","17-D12-Notifications-Campaigns.dc.html","owner_approved","not_drawn",""
"NOT-05-W390-expired","NOT-05","معاينة واعتماد وجدولة","NOT","W","390","expired","منتهي الصلاحية","أساسي","C-DOCPRV C-CAMP C-DIALOG","17-D12-Notifications-Campaigns.dc.html","owner_approved","not_drawn",""
"NOT-05-W390-success","NOT-05","معاينة واعتماد وجدولة","NOT","W","390","success","نجاح","أساسي","C-DOCPRV C-CAMP C-DIALOG","17-D12-Notifications-Campaigns.dc.html","owner_approved","not_drawn",""
"NOT-05-W834-ready","NOT-05","معاينة واعتماد وجدولة","NOT","W","834","ready","جاهز","أساسي","C-DOCPRV C-CAMP C-DIALOG","17-D12-Notifications-Campaigns.dc.html","owner_approved","not_drawn",""
"NOT-05-W834-validation_error","NOT-05","معاينة واعتماد وجدولة","NOT","W","834","validation_error","خطأ تحقق","أساسي","C-DOCPRV C-CAMP C-DIALOG","17-D12-Notifications-Campaigns.dc.html","owner_approved","not_drawn",""
"NOT-05-W834-saving","NOT-05","معاينة واعتماد وجدولة","NOT","W","834","saving","جارٍ الحفظ","أساسي","C-DOCPRV C-CAMP C-DIALOG","17-D12-Notifications-Campaigns.dc.html","owner_approved","not_drawn",""
"NOT-05-W834-expired","NOT-05","معاينة واعتماد وجدولة","NOT","W","834","expired","منتهي الصلاحية","أساسي","C-DOCPRV C-CAMP C-DIALOG","17-D12-Notifications-Campaigns.dc.html","owner_approved","not_drawn",""
"NOT-05-W834-success","NOT-05","معاينة واعتماد وجدولة","NOT","W","834","success","نجاح","أساسي","C-DOCPRV C-CAMP C-DIALOG","17-D12-Notifications-Campaigns.dc.html","owner_approved","not_drawn",""
"NOT-05-W1440-ready","NOT-05","معاينة واعتماد وجدولة","NOT","W","1440","ready","جاهز","أساسي","C-DOCPRV C-CAMP C-DIALOG","17-D12-Notifications-Campaigns.dc.html","owner_approved","drawn","36-D28-Reports-Notifications-Mobile.dc.html#NOT-05"
"NOT-05-W1440-validation_error","NOT-05","معاينة واعتماد وجدولة","NOT","W","1440","validation_error","خطأ تحقق","أساسي","C-DOCPRV C-CAMP C-DIALOG","17-D12-Notifications-Campaigns.dc.html","owner_approved","drawn","17-D12-Notifications-Campaigns.dc.html#NOT-05"
"NOT-05-W1440-saving","NOT-05","معاينة واعتماد وجدولة","NOT","W","1440","saving","جارٍ الحفظ","أساسي","C-DOCPRV C-CAMP C-DIALOG","17-D12-Notifications-Campaigns.dc.html","owner_approved","drawn","36-D28-Reports-Notifications-Mobile.dc.html#NOT-05"
"NOT-05-W1440-expired","NOT-05","معاينة واعتماد وجدولة","NOT","W","1440","expired","منتهي الصلاحية","أساسي","C-DOCPRV C-CAMP C-DIALOG","17-D12-Notifications-Campaigns.dc.html","owner_approved","drawn","36-D28-Reports-Notifications-Mobile.dc.html#NOT-05"
"NOT-05-W1440-success","NOT-05","معاينة واعتماد وجدولة","NOT","W","1440","success","نجاح","أساسي","C-DOCPRV C-CAMP C-DIALOG","17-D12-Notifications-Campaigns.dc.html","owner_approved","drawn","36-D28-Reports-Notifications-Mobile.dc.html#NOT-05"
"NOT-05-M390-ready","NOT-05","معاينة واعتماد وجدولة","NOT","M","390","ready","جاهز","أساسي","C-DOCPRV C-CAMP C-DIALOG","17-D12-Notifications-Campaigns.dc.html","owner_approved","not_drawn",""
"NOT-05-M390-validation_error","NOT-05","معاينة واعتماد وجدولة","NOT","M","390","validation_error","خطأ تحقق","أساسي","C-DOCPRV C-CAMP C-DIALOG","17-D12-Notifications-Campaigns.dc.html","owner_approved","not_drawn",""
"NOT-05-M390-saving","NOT-05","معاينة واعتماد وجدولة","NOT","M","390","saving","جارٍ الحفظ","أساسي","C-DOCPRV C-CAMP C-DIALOG","17-D12-Notifications-Campaigns.dc.html","owner_approved","not_drawn",""
"NOT-05-M390-expired","NOT-05","معاينة واعتماد وجدولة","NOT","M","390","expired","منتهي الصلاحية","أساسي","C-DOCPRV C-CAMP C-DIALOG","17-D12-Notifications-Campaigns.dc.html","owner_approved","not_drawn",""
"NOT-05-M390-success","NOT-05","معاينة واعتماد وجدولة","NOT","M","390","success","نجاح","أساسي","C-DOCPRV C-CAMP C-DIALOG","17-D12-Notifications-Campaigns.dc.html","owner_approved","not_drawn",""
"NOT-05-D1366-ready","NOT-05","معاينة واعتماد وجدولة","NOT","D","1366","ready","جاهز","أساسي","C-DOCPRV C-CAMP C-DIALOG","17-D12-Notifications-Campaigns.dc.html","owner_approved","not_drawn",""
"NOT-05-D1366-validation_error","NOT-05","معاينة واعتماد وجدولة","NOT","D","1366","validation_error","خطأ تحقق","أساسي","C-DOCPRV C-CAMP C-DIALOG","17-D12-Notifications-Campaigns.dc.html","owner_approved","not_drawn",""
"NOT-05-D1366-saving","NOT-05","معاينة واعتماد وجدولة","NOT","D","1366","saving","جارٍ الحفظ","أساسي","C-DOCPRV C-CAMP C-DIALOG","17-D12-Notifications-Campaigns.dc.html","owner_approved","not_drawn",""
"NOT-05-D1366-expired","NOT-05","معاينة واعتماد وجدولة","NOT","D","1366","expired","منتهي الصلاحية","أساسي","C-DOCPRV C-CAMP C-DIALOG","17-D12-Notifications-Campaigns.dc.html","owner_approved","not_drawn",""
"NOT-05-D1366-success","NOT-05","معاينة واعتماد وجدولة","NOT","D","1366","success","نجاح","أساسي","C-DOCPRV C-CAMP C-DIALOG","17-D12-Notifications-Campaigns.dc.html","owner_approved","not_drawn",""
"NOT-05-D1920-ready","NOT-05","معاينة واعتماد وجدولة","NOT","D","1920","ready","جاهز","أساسي","C-DOCPRV C-CAMP C-DIALOG","17-D12-Notifications-Campaigns.dc.html","owner_approved","not_drawn",""
"NOT-05-D1920-validation_error","NOT-05","معاينة واعتماد وجدولة","NOT","D","1920","validation_error","خطأ تحقق","أساسي","C-DOCPRV C-CAMP C-DIALOG","17-D12-Notifications-Campaigns.dc.html","owner_approved","not_drawn",""
"NOT-05-D1920-saving","NOT-05","معاينة واعتماد وجدولة","NOT","D","1920","saving","جارٍ الحفظ","أساسي","C-DOCPRV C-CAMP C-DIALOG","17-D12-Notifications-Campaigns.dc.html","owner_approved","not_drawn",""
"NOT-05-D1920-expired","NOT-05","معاينة واعتماد وجدولة","NOT","D","1920","expired","منتهي الصلاحية","أساسي","C-DOCPRV C-CAMP C-DIALOG","17-D12-Notifications-Campaigns.dc.html","owner_approved","not_drawn",""
"NOT-05-D1920-success","NOT-05","معاينة واعتماد وجدولة","NOT","D","1920","success","نجاح","أساسي","C-DOCPRV C-CAMP C-DIALOG","17-D12-Notifications-Campaigns.dc.html","owner_approved","not_drawn",""
"NOT-06-W390-ready","NOT-06","نتائج حملة وإلغاؤها","NOT","W","390","ready","جاهز","أساسي","C-TABLE C-STATUS C-NOTICE","17-D12-Notifications-Campaigns.dc.html","owner_approved","not_drawn",""
"NOT-06-W390-empty","NOT-06","نتائج حملة وإلغاؤها","NOT","W","390","empty","فارغ","أساسي","C-TABLE C-STATUS C-NOTICE","17-D12-Notifications-Campaigns.dc.html","owner_approved","not_drawn",""
"NOT-06-W390-partial","NOT-06","نتائج حملة وإلغاؤها","NOT","W","390","partial","جزئي","أساسي","C-TABLE C-STATUS C-NOTICE","17-D12-Notifications-Campaigns.dc.html","owner_approved","not_drawn",""
"NOT-06-W390-server_error","NOT-06","نتائج حملة وإلغاؤها","NOT","W","390","server_error","خطأ خادم","أساسي","C-TABLE C-STATUS C-NOTICE","17-D12-Notifications-Campaigns.dc.html","owner_approved","not_drawn",""
"NOT-06-W390-success","NOT-06","نتائج حملة وإلغاؤها","NOT","W","390","success","نجاح","أساسي","C-TABLE C-STATUS C-NOTICE","17-D12-Notifications-Campaigns.dc.html","owner_approved","not_drawn",""
"NOT-06-W834-ready","NOT-06","نتائج حملة وإلغاؤها","NOT","W","834","ready","جاهز","أساسي","C-TABLE C-STATUS C-NOTICE","17-D12-Notifications-Campaigns.dc.html","owner_approved","not_drawn",""
"NOT-06-W834-empty","NOT-06","نتائج حملة وإلغاؤها","NOT","W","834","empty","فارغ","أساسي","C-TABLE C-STATUS C-NOTICE","17-D12-Notifications-Campaigns.dc.html","owner_approved","not_drawn",""
"NOT-06-W834-partial","NOT-06","نتائج حملة وإلغاؤها","NOT","W","834","partial","جزئي","أساسي","C-TABLE C-STATUS C-NOTICE","17-D12-Notifications-Campaigns.dc.html","owner_approved","not_drawn",""
"NOT-06-W834-server_error","NOT-06","نتائج حملة وإلغاؤها","NOT","W","834","server_error","خطأ خادم","أساسي","C-TABLE C-STATUS C-NOTICE","17-D12-Notifications-Campaigns.dc.html","owner_approved","not_drawn",""
"NOT-06-W834-success","NOT-06","نتائج حملة وإلغاؤها","NOT","W","834","success","نجاح","أساسي","C-TABLE C-STATUS C-NOTICE","17-D12-Notifications-Campaigns.dc.html","owner_approved","not_drawn",""
"NOT-06-W1440-ready","NOT-06","نتائج حملة وإلغاؤها","NOT","W","1440","ready","جاهز","أساسي","C-TABLE C-STATUS C-NOTICE","17-D12-Notifications-Campaigns.dc.html","owner_approved","drawn","36-D28-Reports-Notifications-Mobile.dc.html#NOT-06"
"NOT-06-W1440-empty","NOT-06","نتائج حملة وإلغاؤها","NOT","W","1440","empty","فارغ","أساسي","C-TABLE C-STATUS C-NOTICE","17-D12-Notifications-Campaigns.dc.html","owner_approved","drawn","36-D28-Reports-Notifications-Mobile.dc.html#NOT-06"
"NOT-06-W1440-partial","NOT-06","نتائج حملة وإلغاؤها","NOT","W","1440","partial","جزئي","أساسي","C-TABLE C-STATUS C-NOTICE","17-D12-Notifications-Campaigns.dc.html","owner_approved","drawn","07-D3-Admin-Reports-Sync.dc.html#NOT-06"
"NOT-06-W1440-server_error","NOT-06","نتائج حملة وإلغاؤها","NOT","W","1440","server_error","خطأ خادم","أساسي","C-TABLE C-STATUS C-NOTICE","17-D12-Notifications-Campaigns.dc.html","owner_approved","drawn","36-D28-Reports-Notifications-Mobile.dc.html#NOT-06"
"NOT-06-W1440-success","NOT-06","نتائج حملة وإلغاؤها","NOT","W","1440","success","نجاح","أساسي","C-TABLE C-STATUS C-NOTICE","17-D12-Notifications-Campaigns.dc.html","owner_approved","drawn","36-D28-Reports-Notifications-Mobile.dc.html#NOT-06"
"NOT-06-M390-ready","NOT-06","نتائج حملة وإلغاؤها","NOT","M","390","ready","جاهز","أساسي","C-TABLE C-STATUS C-NOTICE","17-D12-Notifications-Campaigns.dc.html","owner_approved","not_drawn",""
"NOT-06-M390-empty","NOT-06","نتائج حملة وإلغاؤها","NOT","M","390","empty","فارغ","أساسي","C-TABLE C-STATUS C-NOTICE","17-D12-Notifications-Campaigns.dc.html","owner_approved","not_drawn",""
"NOT-06-M390-partial","NOT-06","نتائج حملة وإلغاؤها","NOT","M","390","partial","جزئي","أساسي","C-TABLE C-STATUS C-NOTICE","17-D12-Notifications-Campaigns.dc.html","owner_approved","not_drawn",""
"NOT-06-M390-server_error","NOT-06","نتائج حملة وإلغاؤها","NOT","M","390","server_error","خطأ خادم","أساسي","C-TABLE C-STATUS C-NOTICE","17-D12-Notifications-Campaigns.dc.html","owner_approved","not_drawn",""
"NOT-06-M390-success","NOT-06","نتائج حملة وإلغاؤها","NOT","M","390","success","نجاح","أساسي","C-TABLE C-STATUS C-NOTICE","17-D12-Notifications-Campaigns.dc.html","owner_approved","not_drawn",""
"NOT-06-D1366-ready","NOT-06","نتائج حملة وإلغاؤها","NOT","D","1366","ready","جاهز","أساسي","C-TABLE C-STATUS C-NOTICE","17-D12-Notifications-Campaigns.dc.html","owner_approved","not_drawn",""
"NOT-06-D1366-empty","NOT-06","نتائج حملة وإلغاؤها","NOT","D","1366","empty","فارغ","أساسي","C-TABLE C-STATUS C-NOTICE","17-D12-Notifications-Campaigns.dc.html","owner_approved","not_drawn",""
"NOT-06-D1366-partial","NOT-06","نتائج حملة وإلغاؤها","NOT","D","1366","partial","جزئي","أساسي","C-TABLE C-STATUS C-NOTICE","17-D12-Notifications-Campaigns.dc.html","owner_approved","not_drawn",""
"NOT-06-D1366-server_error","NOT-06","نتائج حملة وإلغاؤها","NOT","D","1366","server_error","خطأ خادم","أساسي","C-TABLE C-STATUS C-NOTICE","17-D12-Notifications-Campaigns.dc.html","owner_approved","not_drawn",""
"NOT-06-D1366-success","NOT-06","نتائج حملة وإلغاؤها","NOT","D","1366","success","نجاح","أساسي","C-TABLE C-STATUS C-NOTICE","17-D12-Notifications-Campaigns.dc.html","owner_approved","not_drawn",""
"NOT-06-D1920-ready","NOT-06","نتائج حملة وإلغاؤها","NOT","D","1920","ready","جاهز","أساسي","C-TABLE C-STATUS C-NOTICE","17-D12-Notifications-Campaigns.dc.html","owner_approved","not_drawn",""
"NOT-06-D1920-empty","NOT-06","نتائج حملة وإلغاؤها","NOT","D","1920","empty","فارغ","أساسي","C-TABLE C-STATUS C-NOTICE","17-D12-Notifications-Campaigns.dc.html","owner_approved","not_drawn",""
"NOT-06-D1920-partial","NOT-06","نتائج حملة وإلغاؤها","NOT","D","1920","partial","جزئي","أساسي","C-TABLE C-STATUS C-NOTICE","17-D12-Notifications-Campaigns.dc.html","owner_approved","not_drawn",""
"NOT-06-D1920-server_error","NOT-06","نتائج حملة وإلغاؤها","NOT","D","1920","server_error","خطأ خادم","أساسي","C-TABLE C-STATUS C-NOTICE","17-D12-Notifications-Campaigns.dc.html","owner_approved","not_drawn",""
"NOT-06-D1920-success","NOT-06","نتائج حملة وإلغاؤها","NOT","D","1920","success","نجاح","أساسي","C-TABLE C-STATUS C-NOTICE","17-D12-Notifications-Campaigns.dc.html","owner_approved","not_drawn",""
"MP-01-W390-ready","MP-01","رئيسية السوق","MP","W","390","ready","جاهز","M1","C-LISTING C-FILTER C-PICK","08-D4-Marketplace-Orders.dc.html","owner_approved","not_drawn",""
"MP-01-W390-loading","MP-01","رئيسية السوق","MP","W","390","loading","تحميل","M1","C-LISTING C-FILTER C-PICK","08-D4-Marketplace-Orders.dc.html","owner_approved","not_drawn",""
"MP-01-W390-empty","MP-01","رئيسية السوق","MP","W","390","empty","فارغ","M1","C-LISTING C-FILTER C-PICK","08-D4-Marketplace-Orders.dc.html","owner_approved","not_drawn",""
"MP-01-W390-offline","MP-01","رئيسية السوق","MP","W","390","offline","بلا اتصال","M1","C-LISTING C-FILTER C-PICK","08-D4-Marketplace-Orders.dc.html","owner_approved","not_drawn",""
"MP-01-W390-stale","MP-01","رئيسية السوق","MP","W","390","stale","بيانات قديمة","M1","C-LISTING C-FILTER C-PICK","08-D4-Marketplace-Orders.dc.html","owner_approved","not_drawn",""
"MP-01-W834-ready","MP-01","رئيسية السوق","MP","W","834","ready","جاهز","M1","C-LISTING C-FILTER C-PICK","08-D4-Marketplace-Orders.dc.html","owner_approved","not_drawn",""
"MP-01-W834-loading","MP-01","رئيسية السوق","MP","W","834","loading","تحميل","M1","C-LISTING C-FILTER C-PICK","08-D4-Marketplace-Orders.dc.html","owner_approved","not_drawn",""
"MP-01-W834-empty","MP-01","رئيسية السوق","MP","W","834","empty","فارغ","M1","C-LISTING C-FILTER C-PICK","08-D4-Marketplace-Orders.dc.html","owner_approved","not_drawn",""
"MP-01-W834-offline","MP-01","رئيسية السوق","MP","W","834","offline","بلا اتصال","M1","C-LISTING C-FILTER C-PICK","08-D4-Marketplace-Orders.dc.html","owner_approved","not_drawn",""
"MP-01-W834-stale","MP-01","رئيسية السوق","MP","W","834","stale","بيانات قديمة","M1","C-LISTING C-FILTER C-PICK","08-D4-Marketplace-Orders.dc.html","owner_approved","not_drawn",""
"MP-01-W1440-ready","MP-01","رئيسية السوق","MP","W","1440","ready","جاهز","M1","C-LISTING C-FILTER C-PICK","08-D4-Marketplace-Orders.dc.html","owner_approved","not_drawn",""
"MP-01-W1440-loading","MP-01","رئيسية السوق","MP","W","1440","loading","تحميل","M1","C-LISTING C-FILTER C-PICK","08-D4-Marketplace-Orders.dc.html","owner_approved","drawn","43-D35-Marketplace-Complete.dc.html#MP-01"
"MP-01-W1440-empty","MP-01","رئيسية السوق","MP","W","1440","empty","فارغ","M1","C-LISTING C-FILTER C-PICK","08-D4-Marketplace-Orders.dc.html","owner_approved","drawn","12-D7-Remaining-Screens.dc.html#MP-01"
"MP-01-W1440-offline","MP-01","رئيسية السوق","MP","W","1440","offline","بلا اتصال","M1","C-LISTING C-FILTER C-PICK","08-D4-Marketplace-Orders.dc.html","owner_approved","drawn","43-D35-Marketplace-Complete.dc.html#MP-01"
"MP-01-W1440-stale","MP-01","رئيسية السوق","MP","W","1440","stale","بيانات قديمة","M1","C-LISTING C-FILTER C-PICK","08-D4-Marketplace-Orders.dc.html","owner_approved","drawn","43-D35-Marketplace-Complete.dc.html#MP-01"
"MP-01-M390-ready","MP-01","رئيسية السوق","MP","M","390","ready","جاهز","M1","C-LISTING C-FILTER C-PICK","08-D4-Marketplace-Orders.dc.html","owner_approved","drawn","12-D7-Remaining-Screens.dc.html#MP-01"
"MP-01-M390-loading","MP-01","رئيسية السوق","MP","M","390","loading","تحميل","M1","C-LISTING C-FILTER C-PICK","08-D4-Marketplace-Orders.dc.html","owner_approved","not_drawn",""
"MP-01-M390-empty","MP-01","رئيسية السوق","MP","M","390","empty","فارغ","M1","C-LISTING C-FILTER C-PICK","08-D4-Marketplace-Orders.dc.html","owner_approved","not_drawn",""
"MP-01-M390-offline","MP-01","رئيسية السوق","MP","M","390","offline","بلا اتصال","M1","C-LISTING C-FILTER C-PICK","08-D4-Marketplace-Orders.dc.html","owner_approved","not_drawn",""
"MP-01-M390-stale","MP-01","رئيسية السوق","MP","M","390","stale","بيانات قديمة","M1","C-LISTING C-FILTER C-PICK","08-D4-Marketplace-Orders.dc.html","owner_approved","not_drawn",""
"MP-01-D1366-ready","MP-01","رئيسية السوق","MP","D","1366","ready","جاهز","M1","C-LISTING C-FILTER C-PICK","08-D4-Marketplace-Orders.dc.html","owner_approved","not_drawn",""
"MP-01-D1366-loading","MP-01","رئيسية السوق","MP","D","1366","loading","تحميل","M1","C-LISTING C-FILTER C-PICK","08-D4-Marketplace-Orders.dc.html","owner_approved","not_drawn",""
"MP-01-D1366-empty","MP-01","رئيسية السوق","MP","D","1366","empty","فارغ","M1","C-LISTING C-FILTER C-PICK","08-D4-Marketplace-Orders.dc.html","owner_approved","not_drawn",""
"MP-01-D1366-offline","MP-01","رئيسية السوق","MP","D","1366","offline","بلا اتصال","M1","C-LISTING C-FILTER C-PICK","08-D4-Marketplace-Orders.dc.html","owner_approved","not_drawn",""
"MP-01-D1366-stale","MP-01","رئيسية السوق","MP","D","1366","stale","بيانات قديمة","M1","C-LISTING C-FILTER C-PICK","08-D4-Marketplace-Orders.dc.html","owner_approved","not_drawn",""
"MP-01-D1920-ready","MP-01","رئيسية السوق","MP","D","1920","ready","جاهز","M1","C-LISTING C-FILTER C-PICK","08-D4-Marketplace-Orders.dc.html","owner_approved","not_drawn",""
"MP-01-D1920-loading","MP-01","رئيسية السوق","MP","D","1920","loading","تحميل","M1","C-LISTING C-FILTER C-PICK","08-D4-Marketplace-Orders.dc.html","owner_approved","not_drawn",""
"MP-01-D1920-empty","MP-01","رئيسية السوق","MP","D","1920","empty","فارغ","M1","C-LISTING C-FILTER C-PICK","08-D4-Marketplace-Orders.dc.html","owner_approved","not_drawn",""
"MP-01-D1920-offline","MP-01","رئيسية السوق","MP","D","1920","offline","بلا اتصال","M1","C-LISTING C-FILTER C-PICK","08-D4-Marketplace-Orders.dc.html","owner_approved","not_drawn",""
"MP-01-D1920-stale","MP-01","رئيسية السوق","MP","D","1920","stale","بيانات قديمة","M1","C-LISTING C-FILTER C-PICK","08-D4-Marketplace-Orders.dc.html","owner_approved","not_drawn",""
"MP-02-W390-ready","MP-02","دليل المخازن والمتاجر","MP","W","390","ready","جاهز","M1","C-TABLE C-FILTER C-STATUS","08-D4-Marketplace-Orders.dc.html","owner_approved","not_drawn",""
"MP-02-W390-loading","MP-02","دليل المخازن والمتاجر","MP","W","390","loading","تحميل","M1","C-TABLE C-FILTER C-STATUS","08-D4-Marketplace-Orders.dc.html","owner_approved","not_drawn",""
"MP-02-W390-empty","MP-02","دليل المخازن والمتاجر","MP","W","390","empty","فارغ","M1","C-TABLE C-FILTER C-STATUS","08-D4-Marketplace-Orders.dc.html","owner_approved","not_drawn",""
"MP-02-W390-stale","MP-02","دليل المخازن والمتاجر","MP","W","390","stale","بيانات قديمة","M1","C-TABLE C-FILTER C-STATUS","08-D4-Marketplace-Orders.dc.html","owner_approved","not_drawn",""
"MP-02-W834-ready","MP-02","دليل المخازن والمتاجر","MP","W","834","ready","جاهز","M1","C-TABLE C-FILTER C-STATUS","08-D4-Marketplace-Orders.dc.html","owner_approved","not_drawn",""
"MP-02-W834-loading","MP-02","دليل المخازن والمتاجر","MP","W","834","loading","تحميل","M1","C-TABLE C-FILTER C-STATUS","08-D4-Marketplace-Orders.dc.html","owner_approved","not_drawn",""
"MP-02-W834-empty","MP-02","دليل المخازن والمتاجر","MP","W","834","empty","فارغ","M1","C-TABLE C-FILTER C-STATUS","08-D4-Marketplace-Orders.dc.html","owner_approved","not_drawn",""
"MP-02-W834-stale","MP-02","دليل المخازن والمتاجر","MP","W","834","stale","بيانات قديمة","M1","C-TABLE C-FILTER C-STATUS","08-D4-Marketplace-Orders.dc.html","owner_approved","not_drawn",""
"MP-02-W1440-ready","MP-02","دليل المخازن والمتاجر","MP","W","1440","ready","جاهز","M1","C-TABLE C-FILTER C-STATUS","08-D4-Marketplace-Orders.dc.html","owner_approved","drawn","29-D22-Marketplace-Link-Complete.dc.html#MP-02"
"MP-02-W1440-loading","MP-02","دليل المخازن والمتاجر","MP","W","1440","loading","تحميل","M1","C-TABLE C-FILTER C-STATUS","08-D4-Marketplace-Orders.dc.html","owner_approved","drawn","43-D35-Marketplace-Complete.dc.html#MP-02"
"MP-02-W1440-empty","MP-02","دليل المخازن والمتاجر","MP","W","1440","empty","فارغ","M1","C-TABLE C-FILTER C-STATUS","08-D4-Marketplace-Orders.dc.html","owner_approved","drawn","43-D35-Marketplace-Complete.dc.html#MP-02"
"MP-02-W1440-stale","MP-02","دليل المخازن والمتاجر","MP","W","1440","stale","بيانات قديمة","M1","C-TABLE C-FILTER C-STATUS","08-D4-Marketplace-Orders.dc.html","owner_approved","drawn","29-D22-Marketplace-Link-Complete.dc.html#MP-02"
"MP-02-M390-ready","MP-02","دليل المخازن والمتاجر","MP","M","390","ready","جاهز","M1","C-TABLE C-FILTER C-STATUS","08-D4-Marketplace-Orders.dc.html","owner_approved","not_drawn",""
"MP-02-M390-loading","MP-02","دليل المخازن والمتاجر","MP","M","390","loading","تحميل","M1","C-TABLE C-FILTER C-STATUS","08-D4-Marketplace-Orders.dc.html","owner_approved","not_drawn",""
"MP-02-M390-empty","MP-02","دليل المخازن والمتاجر","MP","M","390","empty","فارغ","M1","C-TABLE C-FILTER C-STATUS","08-D4-Marketplace-Orders.dc.html","owner_approved","not_drawn",""
"MP-02-M390-stale","MP-02","دليل المخازن والمتاجر","MP","M","390","stale","بيانات قديمة","M1","C-TABLE C-FILTER C-STATUS","08-D4-Marketplace-Orders.dc.html","owner_approved","not_drawn",""
"MP-02-D1366-ready","MP-02","دليل المخازن والمتاجر","MP","D","1366","ready","جاهز","M1","C-TABLE C-FILTER C-STATUS","08-D4-Marketplace-Orders.dc.html","owner_approved","not_drawn",""
"MP-02-D1366-loading","MP-02","دليل المخازن والمتاجر","MP","D","1366","loading","تحميل","M1","C-TABLE C-FILTER C-STATUS","08-D4-Marketplace-Orders.dc.html","owner_approved","not_drawn",""
"MP-02-D1366-empty","MP-02","دليل المخازن والمتاجر","MP","D","1366","empty","فارغ","M1","C-TABLE C-FILTER C-STATUS","08-D4-Marketplace-Orders.dc.html","owner_approved","not_drawn",""
"MP-02-D1366-stale","MP-02","دليل المخازن والمتاجر","MP","D","1366","stale","بيانات قديمة","M1","C-TABLE C-FILTER C-STATUS","08-D4-Marketplace-Orders.dc.html","owner_approved","not_drawn",""
"MP-02-D1920-ready","MP-02","دليل المخازن والمتاجر","MP","D","1920","ready","جاهز","M1","C-TABLE C-FILTER C-STATUS","08-D4-Marketplace-Orders.dc.html","owner_approved","not_drawn",""
"MP-02-D1920-loading","MP-02","دليل المخازن والمتاجر","MP","D","1920","loading","تحميل","M1","C-TABLE C-FILTER C-STATUS","08-D4-Marketplace-Orders.dc.html","owner_approved","not_drawn",""
"MP-02-D1920-empty","MP-02","دليل المخازن والمتاجر","MP","D","1920","empty","فارغ","M1","C-TABLE C-FILTER C-STATUS","08-D4-Marketplace-Orders.dc.html","owner_approved","not_drawn",""
"MP-02-D1920-stale","MP-02","دليل المخازن والمتاجر","MP","D","1920","stale","بيانات قديمة","M1","C-TABLE C-FILTER C-STATUS","08-D4-Marketplace-Orders.dc.html","owner_approved","not_drawn",""
"MP-03-W390-ready","MP-03","ملف منشأة منشور","MP","W","390","ready","جاهز","M1","C-LISTING C-STATUS C-NOTICE","08-D4-Marketplace-Orders.dc.html","owner_approved","not_drawn",""
"MP-03-W390-loading","MP-03","ملف منشأة منشور","MP","W","390","loading","تحميل","M1","C-LISTING C-STATUS C-NOTICE","08-D4-Marketplace-Orders.dc.html","owner_approved","not_drawn",""
"MP-03-W390-permission_denied","MP-03","ملف منشأة منشور","MP","W","390","permission_denied","صلاحية مرفوضة","M1","C-LISTING C-STATUS C-NOTICE","08-D4-Marketplace-Orders.dc.html","owner_approved","not_drawn",""
"MP-03-W390-expired","MP-03","ملف منشأة منشور","MP","W","390","expired","منتهي الصلاحية","M1","C-LISTING C-STATUS C-NOTICE","08-D4-Marketplace-Orders.dc.html","owner_approved","not_drawn",""
"MP-03-W834-ready","MP-03","ملف منشأة منشور","MP","W","834","ready","جاهز","M1","C-LISTING C-STATUS C-NOTICE","08-D4-Marketplace-Orders.dc.html","owner_approved","not_drawn",""
"MP-03-W834-loading","MP-03","ملف منشأة منشور","MP","W","834","loading","تحميل","M1","C-LISTING C-STATUS C-NOTICE","08-D4-Marketplace-Orders.dc.html","owner_approved","not_drawn",""
"MP-03-W834-permission_denied","MP-03","ملف منشأة منشور","MP","W","834","permission_denied","صلاحية مرفوضة","M1","C-LISTING C-STATUS C-NOTICE","08-D4-Marketplace-Orders.dc.html","owner_approved","not_drawn",""
"MP-03-W834-expired","MP-03","ملف منشأة منشور","MP","W","834","expired","منتهي الصلاحية","M1","C-LISTING C-STATUS C-NOTICE","08-D4-Marketplace-Orders.dc.html","owner_approved","not_drawn",""
"MP-03-W1440-ready","MP-03","ملف منشأة منشور","MP","W","1440","ready","جاهز","M1","C-LISTING C-STATUS C-NOTICE","08-D4-Marketplace-Orders.dc.html","owner_approved","drawn","12-D7-Remaining-Screens.dc.html#MP-03"
"MP-03-W1440-loading","MP-03","ملف منشأة منشور","MP","W","1440","loading","تحميل","M1","C-LISTING C-STATUS C-NOTICE","08-D4-Marketplace-Orders.dc.html","owner_approved","drawn","43-D35-Marketplace-Complete.dc.html#MP-03"
"MP-03-W1440-permission_denied","MP-03","ملف منشأة منشور","MP","W","1440","permission_denied","صلاحية مرفوضة","M1","C-LISTING C-STATUS C-NOTICE","08-D4-Marketplace-Orders.dc.html","owner_approved","drawn","43-D35-Marketplace-Complete.dc.html#MP-03"
"MP-03-W1440-expired","MP-03","ملف منشأة منشور","MP","W","1440","expired","منتهي الصلاحية","M1","C-LISTING C-STATUS C-NOTICE","08-D4-Marketplace-Orders.dc.html","owner_approved","drawn","43-D35-Marketplace-Complete.dc.html#MP-03"
"MP-03-M390-ready","MP-03","ملف منشأة منشور","MP","M","390","ready","جاهز","M1","C-LISTING C-STATUS C-NOTICE","08-D4-Marketplace-Orders.dc.html","owner_approved","not_drawn",""
"MP-03-M390-loading","MP-03","ملف منشأة منشور","MP","M","390","loading","تحميل","M1","C-LISTING C-STATUS C-NOTICE","08-D4-Marketplace-Orders.dc.html","owner_approved","not_drawn",""
"MP-03-M390-permission_denied","MP-03","ملف منشأة منشور","MP","M","390","permission_denied","صلاحية مرفوضة","M1","C-LISTING C-STATUS C-NOTICE","08-D4-Marketplace-Orders.dc.html","owner_approved","not_drawn",""
"MP-03-M390-expired","MP-03","ملف منشأة منشور","MP","M","390","expired","منتهي الصلاحية","M1","C-LISTING C-STATUS C-NOTICE","08-D4-Marketplace-Orders.dc.html","owner_approved","not_drawn",""
"MP-03-D1366-ready","MP-03","ملف منشأة منشور","MP","D","1366","ready","جاهز","M1","C-LISTING C-STATUS C-NOTICE","08-D4-Marketplace-Orders.dc.html","owner_approved","not_drawn",""
"MP-03-D1366-loading","MP-03","ملف منشأة منشور","MP","D","1366","loading","تحميل","M1","C-LISTING C-STATUS C-NOTICE","08-D4-Marketplace-Orders.dc.html","owner_approved","not_drawn",""
"MP-03-D1366-permission_denied","MP-03","ملف منشأة منشور","MP","D","1366","permission_denied","صلاحية مرفوضة","M1","C-LISTING C-STATUS C-NOTICE","08-D4-Marketplace-Orders.dc.html","owner_approved","not_drawn",""
"MP-03-D1366-expired","MP-03","ملف منشأة منشور","MP","D","1366","expired","منتهي الصلاحية","M1","C-LISTING C-STATUS C-NOTICE","08-D4-Marketplace-Orders.dc.html","owner_approved","not_drawn",""
"MP-03-D1920-ready","MP-03","ملف منشأة منشور","MP","D","1920","ready","جاهز","M1","C-LISTING C-STATUS C-NOTICE","08-D4-Marketplace-Orders.dc.html","owner_approved","not_drawn",""
"MP-03-D1920-loading","MP-03","ملف منشأة منشور","MP","D","1920","loading","تحميل","M1","C-LISTING C-STATUS C-NOTICE","08-D4-Marketplace-Orders.dc.html","owner_approved","not_drawn",""
"MP-03-D1920-permission_denied","MP-03","ملف منشأة منشور","MP","D","1920","permission_denied","صلاحية مرفوضة","M1","C-LISTING C-STATUS C-NOTICE","08-D4-Marketplace-Orders.dc.html","owner_approved","not_drawn",""
"MP-03-D1920-expired","MP-03","ملف منشأة منشور","MP","D","1920","expired","منتهي الصلاحية","M1","C-LISTING C-STATUS C-NOTICE","08-D4-Marketplace-Orders.dc.html","owner_approved","not_drawn",""
"MP-04-W390-ready","MP-04","نتائج بحث المنتجات والمقارنة","MP","W","390","ready","جاهز","M1","C-LISTING C-FILTER C-QTYUNIT","08-D4-Marketplace-Orders.dc.html","owner_approved","not_drawn",""
"MP-04-W390-loading","MP-04","نتائج بحث المنتجات والمقارنة","MP","W","390","loading","تحميل","M1","C-LISTING C-FILTER C-QTYUNIT","08-D4-Marketplace-Orders.dc.html","owner_approved","not_drawn",""
"MP-04-W390-empty","MP-04","نتائج بحث المنتجات والمقارنة","MP","W","390","empty","فارغ","M1","C-LISTING C-FILTER C-QTYUNIT","08-D4-Marketplace-Orders.dc.html","owner_approved","not_drawn",""
"MP-04-W390-stale","MP-04","نتائج بحث المنتجات والمقارنة","MP","W","390","stale","بيانات قديمة","M1","C-LISTING C-FILTER C-QTYUNIT","08-D4-Marketplace-Orders.dc.html","owner_approved","not_drawn",""
"MP-04-W390-partial","MP-04","نتائج بحث المنتجات والمقارنة","MP","W","390","partial","جزئي","M1","C-LISTING C-FILTER C-QTYUNIT","08-D4-Marketplace-Orders.dc.html","owner_approved","not_drawn",""
"MP-04-W834-ready","MP-04","نتائج بحث المنتجات والمقارنة","MP","W","834","ready","جاهز","M1","C-LISTING C-FILTER C-QTYUNIT","08-D4-Marketplace-Orders.dc.html","owner_approved","not_drawn",""
"MP-04-W834-loading","MP-04","نتائج بحث المنتجات والمقارنة","MP","W","834","loading","تحميل","M1","C-LISTING C-FILTER C-QTYUNIT","08-D4-Marketplace-Orders.dc.html","owner_approved","not_drawn",""
"MP-04-W834-empty","MP-04","نتائج بحث المنتجات والمقارنة","MP","W","834","empty","فارغ","M1","C-LISTING C-FILTER C-QTYUNIT","08-D4-Marketplace-Orders.dc.html","owner_approved","not_drawn",""
"MP-04-W834-stale","MP-04","نتائج بحث المنتجات والمقارنة","MP","W","834","stale","بيانات قديمة","M1","C-LISTING C-FILTER C-QTYUNIT","08-D4-Marketplace-Orders.dc.html","owner_approved","not_drawn",""
"MP-04-W834-partial","MP-04","نتائج بحث المنتجات والمقارنة","MP","W","834","partial","جزئي","M1","C-LISTING C-FILTER C-QTYUNIT","08-D4-Marketplace-Orders.dc.html","owner_approved","not_drawn",""
"MP-04-W1440-ready","MP-04","نتائج بحث المنتجات والمقارنة","MP","W","1440","ready","جاهز","M1","C-LISTING C-FILTER C-QTYUNIT","08-D4-Marketplace-Orders.dc.html","owner_approved","drawn","43-D35-Marketplace-Complete.dc.html#MP-04"
"MP-04-W1440-loading","MP-04","نتائج بحث المنتجات والمقارنة","MP","W","1440","loading","تحميل","M1","C-LISTING C-FILTER C-QTYUNIT","08-D4-Marketplace-Orders.dc.html","owner_approved","drawn","43-D35-Marketplace-Complete.dc.html#MP-04"
"MP-04-W1440-empty","MP-04","نتائج بحث المنتجات والمقارنة","MP","W","1440","empty","فارغ","M1","C-LISTING C-FILTER C-QTYUNIT","08-D4-Marketplace-Orders.dc.html","owner_approved","drawn","43-D35-Marketplace-Complete.dc.html#MP-04"
"MP-04-W1440-stale","MP-04","نتائج بحث المنتجات والمقارنة","MP","W","1440","stale","بيانات قديمة","M1","C-LISTING C-FILTER C-QTYUNIT","08-D4-Marketplace-Orders.dc.html","owner_approved","drawn","43-D35-Marketplace-Complete.dc.html#MP-04"
"MP-04-W1440-partial","MP-04","نتائج بحث المنتجات والمقارنة","MP","W","1440","partial","جزئي","M1","C-LISTING C-FILTER C-QTYUNIT","08-D4-Marketplace-Orders.dc.html","owner_approved","drawn","08-D4-Marketplace-Orders.dc.html#MP-04"
"MP-04-M390-ready","MP-04","نتائج بحث المنتجات والمقارنة","MP","M","390","ready","جاهز","M1","C-LISTING C-FILTER C-QTYUNIT","08-D4-Marketplace-Orders.dc.html","owner_approved","not_drawn",""
"MP-04-M390-loading","MP-04","نتائج بحث المنتجات والمقارنة","MP","M","390","loading","تحميل","M1","C-LISTING C-FILTER C-QTYUNIT","08-D4-Marketplace-Orders.dc.html","owner_approved","not_drawn",""
"MP-04-M390-empty","MP-04","نتائج بحث المنتجات والمقارنة","MP","M","390","empty","فارغ","M1","C-LISTING C-FILTER C-QTYUNIT","08-D4-Marketplace-Orders.dc.html","owner_approved","not_drawn",""
"MP-04-M390-stale","MP-04","نتائج بحث المنتجات والمقارنة","MP","M","390","stale","بيانات قديمة","M1","C-LISTING C-FILTER C-QTYUNIT","08-D4-Marketplace-Orders.dc.html","owner_approved","not_drawn",""
"MP-04-M390-partial","MP-04","نتائج بحث المنتجات والمقارنة","MP","M","390","partial","جزئي","M1","C-LISTING C-FILTER C-QTYUNIT","08-D4-Marketplace-Orders.dc.html","owner_approved","not_drawn",""
"MP-04-D1366-ready","MP-04","نتائج بحث المنتجات والمقارنة","MP","D","1366","ready","جاهز","M1","C-LISTING C-FILTER C-QTYUNIT","08-D4-Marketplace-Orders.dc.html","owner_approved","not_drawn",""
"MP-04-D1366-loading","MP-04","نتائج بحث المنتجات والمقارنة","MP","D","1366","loading","تحميل","M1","C-LISTING C-FILTER C-QTYUNIT","08-D4-Marketplace-Orders.dc.html","owner_approved","not_drawn",""
"MP-04-D1366-empty","MP-04","نتائج بحث المنتجات والمقارنة","MP","D","1366","empty","فارغ","M1","C-LISTING C-FILTER C-QTYUNIT","08-D4-Marketplace-Orders.dc.html","owner_approved","not_drawn",""
"MP-04-D1366-stale","MP-04","نتائج بحث المنتجات والمقارنة","MP","D","1366","stale","بيانات قديمة","M1","C-LISTING C-FILTER C-QTYUNIT","08-D4-Marketplace-Orders.dc.html","owner_approved","not_drawn",""
"MP-04-D1366-partial","MP-04","نتائج بحث المنتجات والمقارنة","MP","D","1366","partial","جزئي","M1","C-LISTING C-FILTER C-QTYUNIT","08-D4-Marketplace-Orders.dc.html","owner_approved","not_drawn",""
"MP-04-D1920-ready","MP-04","نتائج بحث المنتجات والمقارنة","MP","D","1920","ready","جاهز","M1","C-LISTING C-FILTER C-QTYUNIT","08-D4-Marketplace-Orders.dc.html","owner_approved","not_drawn",""
"MP-04-D1920-loading","MP-04","نتائج بحث المنتجات والمقارنة","MP","D","1920","loading","تحميل","M1","C-LISTING C-FILTER C-QTYUNIT","08-D4-Marketplace-Orders.dc.html","owner_approved","not_drawn",""
"MP-04-D1920-empty","MP-04","نتائج بحث المنتجات والمقارنة","MP","D","1920","empty","فارغ","M1","C-LISTING C-FILTER C-QTYUNIT","08-D4-Marketplace-Orders.dc.html","owner_approved","not_drawn",""
"MP-04-D1920-stale","MP-04","نتائج بحث المنتجات والمقارنة","MP","D","1920","stale","بيانات قديمة","M1","C-LISTING C-FILTER C-QTYUNIT","08-D4-Marketplace-Orders.dc.html","owner_approved","not_drawn",""
"MP-04-D1920-partial","MP-04","نتائج بحث المنتجات والمقارنة","MP","D","1920","partial","جزئي","M1","C-LISTING C-FILTER C-QTYUNIT","08-D4-Marketplace-Orders.dc.html","owner_approved","not_drawn",""
"MP-05-W390-ready","MP-05","تفاصيل عرض","MP","W","390","ready","جاهز","M1","C-LISTING C-QTYUNIT C-STATUS","08-D4-Marketplace-Orders.dc.html","owner_approved","not_drawn",""
"MP-05-W390-empty","MP-05","تفاصيل عرض","MP","W","390","empty","فارغ","M1","C-LISTING C-QTYUNIT C-STATUS","08-D4-Marketplace-Orders.dc.html","owner_approved","not_drawn",""
"MP-05-W390-expired","MP-05","تفاصيل عرض","MP","W","390","expired","منتهي الصلاحية","M1","C-LISTING C-QTYUNIT C-STATUS","08-D4-Marketplace-Orders.dc.html","owner_approved","not_drawn",""
"MP-05-W390-permission_denied","MP-05","تفاصيل عرض","MP","W","390","permission_denied","صلاحية مرفوضة","M1","C-LISTING C-QTYUNIT C-STATUS","08-D4-Marketplace-Orders.dc.html","owner_approved","not_drawn",""
"MP-05-W390-stale","MP-05","تفاصيل عرض","MP","W","390","stale","بيانات قديمة","M1","C-LISTING C-QTYUNIT C-STATUS","08-D4-Marketplace-Orders.dc.html","owner_approved","not_drawn",""
"MP-05-W834-ready","MP-05","تفاصيل عرض","MP","W","834","ready","جاهز","M1","C-LISTING C-QTYUNIT C-STATUS","08-D4-Marketplace-Orders.dc.html","owner_approved","not_drawn",""
"MP-05-W834-empty","MP-05","تفاصيل عرض","MP","W","834","empty","فارغ","M1","C-LISTING C-QTYUNIT C-STATUS","08-D4-Marketplace-Orders.dc.html","owner_approved","not_drawn",""
"MP-05-W834-expired","MP-05","تفاصيل عرض","MP","W","834","expired","منتهي الصلاحية","M1","C-LISTING C-QTYUNIT C-STATUS","08-D4-Marketplace-Orders.dc.html","owner_approved","not_drawn",""
"MP-05-W834-permission_denied","MP-05","تفاصيل عرض","MP","W","834","permission_denied","صلاحية مرفوضة","M1","C-LISTING C-QTYUNIT C-STATUS","08-D4-Marketplace-Orders.dc.html","owner_approved","not_drawn",""
"MP-05-W834-stale","MP-05","تفاصيل عرض","MP","W","834","stale","بيانات قديمة","M1","C-LISTING C-QTYUNIT C-STATUS","08-D4-Marketplace-Orders.dc.html","owner_approved","not_drawn",""
"MP-05-W1440-ready","MP-05","تفاصيل عرض","MP","W","1440","ready","جاهز","M1","C-LISTING C-QTYUNIT C-STATUS","08-D4-Marketplace-Orders.dc.html","owner_approved","drawn","43-D35-Marketplace-Complete.dc.html#MP-05"
"MP-05-W1440-empty","MP-05","تفاصيل عرض","MP","W","1440","empty","فارغ","M1","C-LISTING C-QTYUNIT C-STATUS","08-D4-Marketplace-Orders.dc.html","owner_approved","drawn","43-D35-Marketplace-Complete.dc.html#MP-05"
"MP-05-W1440-expired","MP-05","تفاصيل عرض","MP","W","1440","expired","منتهي الصلاحية","M1","C-LISTING C-QTYUNIT C-STATUS","08-D4-Marketplace-Orders.dc.html","owner_approved","drawn","08-D4-Marketplace-Orders.dc.html#MP-05"
"MP-05-W1440-permission_denied","MP-05","تفاصيل عرض","MP","W","1440","permission_denied","صلاحية مرفوضة","M1","C-LISTING C-QTYUNIT C-STATUS","08-D4-Marketplace-Orders.dc.html","owner_approved","drawn","43-D35-Marketplace-Complete.dc.html#MP-05"
"MP-05-W1440-stale","MP-05","تفاصيل عرض","MP","W","1440","stale","بيانات قديمة","M1","C-LISTING C-QTYUNIT C-STATUS","08-D4-Marketplace-Orders.dc.html","owner_approved","drawn","43-D35-Marketplace-Complete.dc.html#MP-05"
"MP-05-M390-ready","MP-05","تفاصيل عرض","MP","M","390","ready","جاهز","M1","C-LISTING C-QTYUNIT C-STATUS","08-D4-Marketplace-Orders.dc.html","owner_approved","not_drawn",""
"MP-05-M390-empty","MP-05","تفاصيل عرض","MP","M","390","empty","فارغ","M1","C-LISTING C-QTYUNIT C-STATUS","08-D4-Marketplace-Orders.dc.html","owner_approved","not_drawn",""
"MP-05-M390-expired","MP-05","تفاصيل عرض","MP","M","390","expired","منتهي الصلاحية","M1","C-LISTING C-QTYUNIT C-STATUS","08-D4-Marketplace-Orders.dc.html","owner_approved","not_drawn",""
"MP-05-M390-permission_denied","MP-05","تفاصيل عرض","MP","M","390","permission_denied","صلاحية مرفوضة","M1","C-LISTING C-QTYUNIT C-STATUS","08-D4-Marketplace-Orders.dc.html","owner_approved","not_drawn",""
"MP-05-M390-stale","MP-05","تفاصيل عرض","MP","M","390","stale","بيانات قديمة","M1","C-LISTING C-QTYUNIT C-STATUS","08-D4-Marketplace-Orders.dc.html","owner_approved","not_drawn",""
"MP-05-D1366-ready","MP-05","تفاصيل عرض","MP","D","1366","ready","جاهز","M1","C-LISTING C-QTYUNIT C-STATUS","08-D4-Marketplace-Orders.dc.html","owner_approved","not_drawn",""
"MP-05-D1366-empty","MP-05","تفاصيل عرض","MP","D","1366","empty","فارغ","M1","C-LISTING C-QTYUNIT C-STATUS","08-D4-Marketplace-Orders.dc.html","owner_approved","not_drawn",""
"MP-05-D1366-expired","MP-05","تفاصيل عرض","MP","D","1366","expired","منتهي الصلاحية","M1","C-LISTING C-QTYUNIT C-STATUS","08-D4-Marketplace-Orders.dc.html","owner_approved","not_drawn",""
"MP-05-D1366-permission_denied","MP-05","تفاصيل عرض","MP","D","1366","permission_denied","صلاحية مرفوضة","M1","C-LISTING C-QTYUNIT C-STATUS","08-D4-Marketplace-Orders.dc.html","owner_approved","not_drawn",""
"MP-05-D1366-stale","MP-05","تفاصيل عرض","MP","D","1366","stale","بيانات قديمة","M1","C-LISTING C-QTYUNIT C-STATUS","08-D4-Marketplace-Orders.dc.html","owner_approved","not_drawn",""
"MP-05-D1920-ready","MP-05","تفاصيل عرض","MP","D","1920","ready","جاهز","M1","C-LISTING C-QTYUNIT C-STATUS","08-D4-Marketplace-Orders.dc.html","owner_approved","not_drawn",""
"MP-05-D1920-empty","MP-05","تفاصيل عرض","MP","D","1920","empty","فارغ","M1","C-LISTING C-QTYUNIT C-STATUS","08-D4-Marketplace-Orders.dc.html","owner_approved","not_drawn",""
"MP-05-D1920-expired","MP-05","تفاصيل عرض","MP","D","1920","expired","منتهي الصلاحية","M1","C-LISTING C-QTYUNIT C-STATUS","08-D4-Marketplace-Orders.dc.html","owner_approved","not_drawn",""
"MP-05-D1920-permission_denied","MP-05","تفاصيل عرض","MP","D","1920","permission_denied","صلاحية مرفوضة","M1","C-LISTING C-QTYUNIT C-STATUS","08-D4-Marketplace-Orders.dc.html","owner_approved","not_drawn",""
"MP-05-D1920-stale","MP-05","تفاصيل عرض","MP","D","1920","stale","بيانات قديمة","M1","C-LISTING C-QTYUNIT C-STATUS","08-D4-Marketplace-Orders.dc.html","owner_approved","not_drawn",""
"MP-06-W390-ready","MP-06","متابعة مورد وقائمة المتابعين الخاصة","MP","W","390","ready","جاهز","M1","C-TABLE C-STATUS C-BTN","08-D4-Marketplace-Orders.dc.html","owner_approved","not_drawn",""
"MP-06-W390-empty","MP-06","متابعة مورد وقائمة المتابعين الخاصة","MP","W","390","empty","فارغ","M1","C-TABLE C-STATUS C-BTN","08-D4-Marketplace-Orders.dc.html","owner_approved","not_drawn",""
"MP-06-W390-permission_denied","MP-06","متابعة مورد وقائمة المتابعين الخاصة","MP","W","390","permission_denied","صلاحية مرفوضة","M1","C-TABLE C-STATUS C-BTN","08-D4-Marketplace-Orders.dc.html","owner_approved","not_drawn",""
"MP-06-W390-success","MP-06","متابعة مورد وقائمة المتابعين الخاصة","MP","W","390","success","نجاح","M1","C-TABLE C-STATUS C-BTN","08-D4-Marketplace-Orders.dc.html","owner_approved","not_drawn",""
"MP-06-W834-ready","MP-06","متابعة مورد وقائمة المتابعين الخاصة","MP","W","834","ready","جاهز","M1","C-TABLE C-STATUS C-BTN","08-D4-Marketplace-Orders.dc.html","owner_approved","not_drawn",""
"MP-06-W834-empty","MP-06","متابعة مورد وقائمة المتابعين الخاصة","MP","W","834","empty","فارغ","M1","C-TABLE C-STATUS C-BTN","08-D4-Marketplace-Orders.dc.html","owner_approved","not_drawn",""
"MP-06-W834-permission_denied","MP-06","متابعة مورد وقائمة المتابعين الخاصة","MP","W","834","permission_denied","صلاحية مرفوضة","M1","C-TABLE C-STATUS C-BTN","08-D4-Marketplace-Orders.dc.html","owner_approved","not_drawn",""
"MP-06-W834-success","MP-06","متابعة مورد وقائمة المتابعين الخاصة","MP","W","834","success","نجاح","M1","C-TABLE C-STATUS C-BTN","08-D4-Marketplace-Orders.dc.html","owner_approved","not_drawn",""
"MP-06-W1440-ready","MP-06","متابعة مورد وقائمة المتابعين الخاصة","MP","W","1440","ready","جاهز","M1","C-TABLE C-STATUS C-BTN","08-D4-Marketplace-Orders.dc.html","owner_approved","drawn","29-D22-Marketplace-Link-Complete.dc.html#MP-06"
"MP-06-W1440-empty","MP-06","متابعة مورد وقائمة المتابعين الخاصة","MP","W","1440","empty","فارغ","M1","C-TABLE C-STATUS C-BTN","08-D4-Marketplace-Orders.dc.html","owner_approved","drawn","29-D22-Marketplace-Link-Complete.dc.html#MP-06"
"MP-06-W1440-permission_denied","MP-06","متابعة مورد وقائمة المتابعين الخاصة","MP","W","1440","permission_denied","صلاحية مرفوضة","M1","C-TABLE C-STATUS C-BTN","08-D4-Marketplace-Orders.dc.html","owner_approved","drawn","43-D35-Marketplace-Complete.dc.html#MP-06"
"MP-06-W1440-success","MP-06","متابعة مورد وقائمة المتابعين الخاصة","MP","W","1440","success","نجاح","M1","C-TABLE C-STATUS C-BTN","08-D4-Marketplace-Orders.dc.html","owner_approved","drawn","10-D6-Marketplace-Orders-Completion.dc.html#MP-06"
"MP-06-M390-ready","MP-06","متابعة مورد وقائمة المتابعين الخاصة","MP","M","390","ready","جاهز","M1","C-TABLE C-STATUS C-BTN","08-D4-Marketplace-Orders.dc.html","owner_approved","not_drawn",""
"MP-06-M390-empty","MP-06","متابعة مورد وقائمة المتابعين الخاصة","MP","M","390","empty","فارغ","M1","C-TABLE C-STATUS C-BTN","08-D4-Marketplace-Orders.dc.html","owner_approved","not_drawn",""
"MP-06-M390-permission_denied","MP-06","متابعة مورد وقائمة المتابعين الخاصة","MP","M","390","permission_denied","صلاحية مرفوضة","M1","C-TABLE C-STATUS C-BTN","08-D4-Marketplace-Orders.dc.html","owner_approved","not_drawn",""
"MP-06-M390-success","MP-06","متابعة مورد وقائمة المتابعين الخاصة","MP","M","390","success","نجاح","M1","C-TABLE C-STATUS C-BTN","08-D4-Marketplace-Orders.dc.html","owner_approved","not_drawn",""
"MP-06-D1366-ready","MP-06","متابعة مورد وقائمة المتابعين الخاصة","MP","D","1366","ready","جاهز","M1","C-TABLE C-STATUS C-BTN","08-D4-Marketplace-Orders.dc.html","owner_approved","not_drawn",""
"MP-06-D1366-empty","MP-06","متابعة مورد وقائمة المتابعين الخاصة","MP","D","1366","empty","فارغ","M1","C-TABLE C-STATUS C-BTN","08-D4-Marketplace-Orders.dc.html","owner_approved","not_drawn",""
"MP-06-D1366-permission_denied","MP-06","متابعة مورد وقائمة المتابعين الخاصة","MP","D","1366","permission_denied","صلاحية مرفوضة","M1","C-TABLE C-STATUS C-BTN","08-D4-Marketplace-Orders.dc.html","owner_approved","not_drawn",""
"MP-06-D1366-success","MP-06","متابعة مورد وقائمة المتابعين الخاصة","MP","D","1366","success","نجاح","M1","C-TABLE C-STATUS C-BTN","08-D4-Marketplace-Orders.dc.html","owner_approved","not_drawn",""
"MP-06-D1920-ready","MP-06","متابعة مورد وقائمة المتابعين الخاصة","MP","D","1920","ready","جاهز","M1","C-TABLE C-STATUS C-BTN","08-D4-Marketplace-Orders.dc.html","owner_approved","not_drawn",""
"MP-06-D1920-empty","MP-06","متابعة مورد وقائمة المتابعين الخاصة","MP","D","1920","empty","فارغ","M1","C-TABLE C-STATUS C-BTN","08-D4-Marketplace-Orders.dc.html","owner_approved","not_drawn",""
"MP-06-D1920-permission_denied","MP-06","متابعة مورد وقائمة المتابعين الخاصة","MP","D","1920","permission_denied","صلاحية مرفوضة","M1","C-TABLE C-STATUS C-BTN","08-D4-Marketplace-Orders.dc.html","owner_approved","not_drawn",""
"MP-06-D1920-success","MP-06","متابعة مورد وقائمة المتابعين الخاصة","MP","D","1920","success","نجاح","M1","C-TABLE C-STATUS C-BTN","08-D4-Marketplace-Orders.dc.html","owner_approved","not_drawn",""
"MP-07-W390-ready","MP-07","مشاركة رابط ودعوة منشأة","MP","W","390","ready","جاهز","M1","C-DOCPRV C-DIALOG C-NOTICE","08-D4-Marketplace-Orders.dc.html","owner_approved","not_drawn",""
"MP-07-W390-expired","MP-07","مشاركة رابط ودعوة منشأة","MP","W","390","expired","منتهي الصلاحية","M1","C-DOCPRV C-DIALOG C-NOTICE","08-D4-Marketplace-Orders.dc.html","owner_approved","not_drawn",""
"MP-07-W390-permission_denied","MP-07","مشاركة رابط ودعوة منشأة","MP","W","390","permission_denied","صلاحية مرفوضة","M1","C-DOCPRV C-DIALOG C-NOTICE","08-D4-Marketplace-Orders.dc.html","owner_approved","not_drawn",""
"MP-07-W390-success","MP-07","مشاركة رابط ودعوة منشأة","MP","W","390","success","نجاح","M1","C-DOCPRV C-DIALOG C-NOTICE","08-D4-Marketplace-Orders.dc.html","owner_approved","not_drawn",""
"MP-07-W834-ready","MP-07","مشاركة رابط ودعوة منشأة","MP","W","834","ready","جاهز","M1","C-DOCPRV C-DIALOG C-NOTICE","08-D4-Marketplace-Orders.dc.html","owner_approved","not_drawn",""
"MP-07-W834-expired","MP-07","مشاركة رابط ودعوة منشأة","MP","W","834","expired","منتهي الصلاحية","M1","C-DOCPRV C-DIALOG C-NOTICE","08-D4-Marketplace-Orders.dc.html","owner_approved","not_drawn",""
"MP-07-W834-permission_denied","MP-07","مشاركة رابط ودعوة منشأة","MP","W","834","permission_denied","صلاحية مرفوضة","M1","C-DOCPRV C-DIALOG C-NOTICE","08-D4-Marketplace-Orders.dc.html","owner_approved","not_drawn",""
"MP-07-W834-success","MP-07","مشاركة رابط ودعوة منشأة","MP","W","834","success","نجاح","M1","C-DOCPRV C-DIALOG C-NOTICE","08-D4-Marketplace-Orders.dc.html","owner_approved","not_drawn",""
"MP-07-W1440-ready","MP-07","مشاركة رابط ودعوة منشأة","MP","W","1440","ready","جاهز","M1","C-DOCPRV C-DIALOG C-NOTICE","08-D4-Marketplace-Orders.dc.html","owner_approved","drawn","43-D35-Marketplace-Complete.dc.html#MP-07"
"MP-07-W1440-expired","MP-07","مشاركة رابط ودعوة منشأة","MP","W","1440","expired","منتهي الصلاحية","M1","C-DOCPRV C-DIALOG C-NOTICE","08-D4-Marketplace-Orders.dc.html","owner_approved","drawn","43-D35-Marketplace-Complete.dc.html#MP-07"
"MP-07-W1440-permission_denied","MP-07","مشاركة رابط ودعوة منشأة","MP","W","1440","permission_denied","صلاحية مرفوضة","M1","C-DOCPRV C-DIALOG C-NOTICE","08-D4-Marketplace-Orders.dc.html","owner_approved","drawn","43-D35-Marketplace-Complete.dc.html#MP-07"
"MP-07-W1440-success","MP-07","مشاركة رابط ودعوة منشأة","MP","W","1440","success","نجاح","M1","C-DOCPRV C-DIALOG C-NOTICE","08-D4-Marketplace-Orders.dc.html","owner_approved","drawn","12-D7-Remaining-Screens.dc.html#MP-07"
"MP-07-M390-ready","MP-07","مشاركة رابط ودعوة منشأة","MP","M","390","ready","جاهز","M1","C-DOCPRV C-DIALOG C-NOTICE","08-D4-Marketplace-Orders.dc.html","owner_approved","not_drawn",""
"MP-07-M390-expired","MP-07","مشاركة رابط ودعوة منشأة","MP","M","390","expired","منتهي الصلاحية","M1","C-DOCPRV C-DIALOG C-NOTICE","08-D4-Marketplace-Orders.dc.html","owner_approved","not_drawn",""
"MP-07-M390-permission_denied","MP-07","مشاركة رابط ودعوة منشأة","MP","M","390","permission_denied","صلاحية مرفوضة","M1","C-DOCPRV C-DIALOG C-NOTICE","08-D4-Marketplace-Orders.dc.html","owner_approved","not_drawn",""
"MP-07-M390-success","MP-07","مشاركة رابط ودعوة منشأة","MP","M","390","success","نجاح","M1","C-DOCPRV C-DIALOG C-NOTICE","08-D4-Marketplace-Orders.dc.html","owner_approved","not_drawn",""
"MP-07-D1366-ready","MP-07","مشاركة رابط ودعوة منشأة","MP","D","1366","ready","جاهز","M1","C-DOCPRV C-DIALOG C-NOTICE","08-D4-Marketplace-Orders.dc.html","owner_approved","not_drawn",""
"MP-07-D1366-expired","MP-07","مشاركة رابط ودعوة منشأة","MP","D","1366","expired","منتهي الصلاحية","M1","C-DOCPRV C-DIALOG C-NOTICE","08-D4-Marketplace-Orders.dc.html","owner_approved","not_drawn",""
"MP-07-D1366-permission_denied","MP-07","مشاركة رابط ودعوة منشأة","MP","D","1366","permission_denied","صلاحية مرفوضة","M1","C-DOCPRV C-DIALOG C-NOTICE","08-D4-Marketplace-Orders.dc.html","owner_approved","not_drawn",""
"MP-07-D1366-success","MP-07","مشاركة رابط ودعوة منشأة","MP","D","1366","success","نجاح","M1","C-DOCPRV C-DIALOG C-NOTICE","08-D4-Marketplace-Orders.dc.html","owner_approved","not_drawn",""
"MP-07-D1920-ready","MP-07","مشاركة رابط ودعوة منشأة","MP","D","1920","ready","جاهز","M1","C-DOCPRV C-DIALOG C-NOTICE","08-D4-Marketplace-Orders.dc.html","owner_approved","not_drawn",""
"MP-07-D1920-expired","MP-07","مشاركة رابط ودعوة منشأة","MP","D","1920","expired","منتهي الصلاحية","M1","C-DOCPRV C-DIALOG C-NOTICE","08-D4-Marketplace-Orders.dc.html","owner_approved","not_drawn",""
"MP-07-D1920-permission_denied","MP-07","مشاركة رابط ودعوة منشأة","MP","D","1920","permission_denied","صلاحية مرفوضة","M1","C-DOCPRV C-DIALOG C-NOTICE","08-D4-Marketplace-Orders.dc.html","owner_approved","not_drawn",""
"MP-07-D1920-success","MP-07","مشاركة رابط ودعوة منشأة","MP","D","1920","success","نجاح","M1","C-DOCPRV C-DIALOG C-NOTICE","08-D4-Marketplace-Orders.dc.html","owner_approved","not_drawn",""
"MP-08-W390-ready","MP-08","تهيئة بائع وتحقق الهوية","MP","W","390","ready","جاهز","M1","C-FIELD C-UPLOAD C-STATUS","08-D4-Marketplace-Orders.dc.html","owner_approved","not_drawn",""
"MP-08-W390-loading","MP-08","تهيئة بائع وتحقق الهوية","MP","W","390","loading","تحميل","M1","C-FIELD C-UPLOAD C-STATUS","08-D4-Marketplace-Orders.dc.html","owner_approved","not_drawn",""
"MP-08-W390-validation_error","MP-08","تهيئة بائع وتحقق الهوية","MP","W","390","validation_error","خطأ تحقق","M1","C-FIELD C-UPLOAD C-STATUS","08-D4-Marketplace-Orders.dc.html","owner_approved","not_drawn",""
"MP-08-W390-permission_denied","MP-08","تهيئة بائع وتحقق الهوية","MP","W","390","permission_denied","صلاحية مرفوضة","M1","C-FIELD C-UPLOAD C-STATUS","08-D4-Marketplace-Orders.dc.html","owner_approved","not_drawn",""
"MP-08-W390-success","MP-08","تهيئة بائع وتحقق الهوية","MP","W","390","success","نجاح","M1","C-FIELD C-UPLOAD C-STATUS","08-D4-Marketplace-Orders.dc.html","owner_approved","not_drawn",""
"MP-08-W834-ready","MP-08","تهيئة بائع وتحقق الهوية","MP","W","834","ready","جاهز","M1","C-FIELD C-UPLOAD C-STATUS","08-D4-Marketplace-Orders.dc.html","owner_approved","not_drawn",""
"MP-08-W834-loading","MP-08","تهيئة بائع وتحقق الهوية","MP","W","834","loading","تحميل","M1","C-FIELD C-UPLOAD C-STATUS","08-D4-Marketplace-Orders.dc.html","owner_approved","not_drawn",""
"MP-08-W834-validation_error","MP-08","تهيئة بائع وتحقق الهوية","MP","W","834","validation_error","خطأ تحقق","M1","C-FIELD C-UPLOAD C-STATUS","08-D4-Marketplace-Orders.dc.html","owner_approved","not_drawn",""
"MP-08-W834-permission_denied","MP-08","تهيئة بائع وتحقق الهوية","MP","W","834","permission_denied","صلاحية مرفوضة","M1","C-FIELD C-UPLOAD C-STATUS","08-D4-Marketplace-Orders.dc.html","owner_approved","not_drawn",""
"MP-08-W834-success","MP-08","تهيئة بائع وتحقق الهوية","MP","W","834","success","نجاح","M1","C-FIELD C-UPLOAD C-STATUS","08-D4-Marketplace-Orders.dc.html","owner_approved","not_drawn",""
"MP-08-W1440-ready","MP-08","تهيئة بائع وتحقق الهوية","MP","W","1440","ready","جاهز","M1","C-FIELD C-UPLOAD C-STATUS","08-D4-Marketplace-Orders.dc.html","owner_approved","drawn","08-D4-Marketplace-Orders.dc.html#MP-08"
"MP-08-W1440-loading","MP-08","تهيئة بائع وتحقق الهوية","MP","W","1440","loading","تحميل","M1","C-FIELD C-UPLOAD C-STATUS","08-D4-Marketplace-Orders.dc.html","owner_approved","drawn","43-D35-Marketplace-Complete.dc.html#MP-08"
"MP-08-W1440-validation_error","MP-08","تهيئة بائع وتحقق الهوية","MP","W","1440","validation_error","خطأ تحقق","M1","C-FIELD C-UPLOAD C-STATUS","08-D4-Marketplace-Orders.dc.html","owner_approved","drawn","43-D35-Marketplace-Complete.dc.html#MP-08"
"MP-08-W1440-permission_denied","MP-08","تهيئة بائع وتحقق الهوية","MP","W","1440","permission_denied","صلاحية مرفوضة","M1","C-FIELD C-UPLOAD C-STATUS","08-D4-Marketplace-Orders.dc.html","owner_approved","drawn","08-D4-Marketplace-Orders.dc.html#MP-08"
"MP-08-W1440-success","MP-08","تهيئة بائع وتحقق الهوية","MP","W","1440","success","نجاح","M1","C-FIELD C-UPLOAD C-STATUS","08-D4-Marketplace-Orders.dc.html","owner_approved","drawn","43-D35-Marketplace-Complete.dc.html#MP-08"
"MP-08-M390-ready","MP-08","تهيئة بائع وتحقق الهوية","MP","M","390","ready","جاهز","M1","C-FIELD C-UPLOAD C-STATUS","08-D4-Marketplace-Orders.dc.html","owner_approved","not_drawn",""
"MP-08-M390-loading","MP-08","تهيئة بائع وتحقق الهوية","MP","M","390","loading","تحميل","M1","C-FIELD C-UPLOAD C-STATUS","08-D4-Marketplace-Orders.dc.html","owner_approved","not_drawn",""
"MP-08-M390-validation_error","MP-08","تهيئة بائع وتحقق الهوية","MP","M","390","validation_error","خطأ تحقق","M1","C-FIELD C-UPLOAD C-STATUS","08-D4-Marketplace-Orders.dc.html","owner_approved","not_drawn",""
"MP-08-M390-permission_denied","MP-08","تهيئة بائع وتحقق الهوية","MP","M","390","permission_denied","صلاحية مرفوضة","M1","C-FIELD C-UPLOAD C-STATUS","08-D4-Marketplace-Orders.dc.html","owner_approved","not_drawn",""
"MP-08-M390-success","MP-08","تهيئة بائع وتحقق الهوية","MP","M","390","success","نجاح","M1","C-FIELD C-UPLOAD C-STATUS","08-D4-Marketplace-Orders.dc.html","owner_approved","not_drawn",""
"MP-08-D1366-ready","MP-08","تهيئة بائع وتحقق الهوية","MP","D","1366","ready","جاهز","M1","C-FIELD C-UPLOAD C-STATUS","08-D4-Marketplace-Orders.dc.html","owner_approved","not_drawn",""
"MP-08-D1366-loading","MP-08","تهيئة بائع وتحقق الهوية","MP","D","1366","loading","تحميل","M1","C-FIELD C-UPLOAD C-STATUS","08-D4-Marketplace-Orders.dc.html","owner_approved","not_drawn",""
"MP-08-D1366-validation_error","MP-08","تهيئة بائع وتحقق الهوية","MP","D","1366","validation_error","خطأ تحقق","M1","C-FIELD C-UPLOAD C-STATUS","08-D4-Marketplace-Orders.dc.html","owner_approved","not_drawn",""
"MP-08-D1366-permission_denied","MP-08","تهيئة بائع وتحقق الهوية","MP","D","1366","permission_denied","صلاحية مرفوضة","M1","C-FIELD C-UPLOAD C-STATUS","08-D4-Marketplace-Orders.dc.html","owner_approved","not_drawn",""
"MP-08-D1366-success","MP-08","تهيئة بائع وتحقق الهوية","MP","D","1366","success","نجاح","M1","C-FIELD C-UPLOAD C-STATUS","08-D4-Marketplace-Orders.dc.html","owner_approved","not_drawn",""
"MP-08-D1920-ready","MP-08","تهيئة بائع وتحقق الهوية","MP","D","1920","ready","جاهز","M1","C-FIELD C-UPLOAD C-STATUS","08-D4-Marketplace-Orders.dc.html","owner_approved","not_drawn",""
"MP-08-D1920-loading","MP-08","تهيئة بائع وتحقق الهوية","MP","D","1920","loading","تحميل","M1","C-FIELD C-UPLOAD C-STATUS","08-D4-Marketplace-Orders.dc.html","owner_approved","not_drawn",""
"MP-08-D1920-validation_error","MP-08","تهيئة بائع وتحقق الهوية","MP","D","1920","validation_error","خطأ تحقق","M1","C-FIELD C-UPLOAD C-STATUS","08-D4-Marketplace-Orders.dc.html","owner_approved","not_drawn",""
"MP-08-D1920-permission_denied","MP-08","تهيئة بائع وتحقق الهوية","MP","D","1920","permission_denied","صلاحية مرفوضة","M1","C-FIELD C-UPLOAD C-STATUS","08-D4-Marketplace-Orders.dc.html","owner_approved","not_drawn",""
"MP-08-D1920-success","MP-08","تهيئة بائع وتحقق الهوية","MP","D","1920","success","نجاح","M1","C-FIELD C-UPLOAD C-STATUS","08-D4-Marketplace-Orders.dc.html","owner_approved","not_drawn",""
"MP-09-W390-ready","MP-09","إدارة صفحة المنشأة","MP","W","390","ready","جاهز","M1","C-FIELD C-DOCPRV C-PANEL","08-D4-Marketplace-Orders.dc.html","owner_approved","not_drawn",""
"MP-09-W390-validation_error","MP-09","إدارة صفحة المنشأة","MP","W","390","validation_error","خطأ تحقق","M1","C-FIELD C-DOCPRV C-PANEL","08-D4-Marketplace-Orders.dc.html","owner_approved","not_drawn",""
"MP-09-W390-saving","MP-09","إدارة صفحة المنشأة","MP","W","390","saving","جارٍ الحفظ","M1","C-FIELD C-DOCPRV C-PANEL","08-D4-Marketplace-Orders.dc.html","owner_approved","not_drawn",""
"MP-09-W390-permission_denied","MP-09","إدارة صفحة المنشأة","MP","W","390","permission_denied","صلاحية مرفوضة","M1","C-FIELD C-DOCPRV C-PANEL","08-D4-Marketplace-Orders.dc.html","owner_approved","not_drawn",""
"MP-09-W390-success","MP-09","إدارة صفحة المنشأة","MP","W","390","success","نجاح","M1","C-FIELD C-DOCPRV C-PANEL","08-D4-Marketplace-Orders.dc.html","owner_approved","not_drawn",""
"MP-09-W834-ready","MP-09","إدارة صفحة المنشأة","MP","W","834","ready","جاهز","M1","C-FIELD C-DOCPRV C-PANEL","08-D4-Marketplace-Orders.dc.html","owner_approved","not_drawn",""
"MP-09-W834-validation_error","MP-09","إدارة صفحة المنشأة","MP","W","834","validation_error","خطأ تحقق","M1","C-FIELD C-DOCPRV C-PANEL","08-D4-Marketplace-Orders.dc.html","owner_approved","not_drawn",""
"MP-09-W834-saving","MP-09","إدارة صفحة المنشأة","MP","W","834","saving","جارٍ الحفظ","M1","C-FIELD C-DOCPRV C-PANEL","08-D4-Marketplace-Orders.dc.html","owner_approved","not_drawn",""
"MP-09-W834-permission_denied","MP-09","إدارة صفحة المنشأة","MP","W","834","permission_denied","صلاحية مرفوضة","M1","C-FIELD C-DOCPRV C-PANEL","08-D4-Marketplace-Orders.dc.html","owner_approved","not_drawn",""
"MP-09-W834-success","MP-09","إدارة صفحة المنشأة","MP","W","834","success","نجاح","M1","C-FIELD C-DOCPRV C-PANEL","08-D4-Marketplace-Orders.dc.html","owner_approved","not_drawn",""
"MP-09-W1440-ready","MP-09","إدارة صفحة المنشأة","MP","W","1440","ready","جاهز","M1","C-FIELD C-DOCPRV C-PANEL","08-D4-Marketplace-Orders.dc.html","owner_approved","drawn","29-D22-Marketplace-Link-Complete.dc.html#MP-09"
"MP-09-W1440-validation_error","MP-09","إدارة صفحة المنشأة","MP","W","1440","validation_error","خطأ تحقق","M1","C-FIELD C-DOCPRV C-PANEL","08-D4-Marketplace-Orders.dc.html","owner_approved","drawn","43-D35-Marketplace-Complete.dc.html#MP-09"
"MP-09-W1440-saving","MP-09","إدارة صفحة المنشأة","MP","W","1440","saving","جارٍ الحفظ","M1","C-FIELD C-DOCPRV C-PANEL","08-D4-Marketplace-Orders.dc.html","owner_approved","drawn","43-D35-Marketplace-Complete.dc.html#MP-09"
"MP-09-W1440-permission_denied","MP-09","إدارة صفحة المنشأة","MP","W","1440","permission_denied","صلاحية مرفوضة","M1","C-FIELD C-DOCPRV C-PANEL","08-D4-Marketplace-Orders.dc.html","owner_approved","drawn","29-D22-Marketplace-Link-Complete.dc.html#MP-09"
"MP-09-W1440-success","MP-09","إدارة صفحة المنشأة","MP","W","1440","success","نجاح","M1","C-FIELD C-DOCPRV C-PANEL","08-D4-Marketplace-Orders.dc.html","owner_approved","drawn","43-D35-Marketplace-Complete.dc.html#MP-09"
"MP-09-M390-ready","MP-09","إدارة صفحة المنشأة","MP","M","390","ready","جاهز","M1","C-FIELD C-DOCPRV C-PANEL","08-D4-Marketplace-Orders.dc.html","owner_approved","not_drawn",""
"MP-09-M390-validation_error","MP-09","إدارة صفحة المنشأة","MP","M","390","validation_error","خطأ تحقق","M1","C-FIELD C-DOCPRV C-PANEL","08-D4-Marketplace-Orders.dc.html","owner_approved","not_drawn",""
"MP-09-M390-saving","MP-09","إدارة صفحة المنشأة","MP","M","390","saving","جارٍ الحفظ","M1","C-FIELD C-DOCPRV C-PANEL","08-D4-Marketplace-Orders.dc.html","owner_approved","not_drawn",""
"MP-09-M390-permission_denied","MP-09","إدارة صفحة المنشأة","MP","M","390","permission_denied","صلاحية مرفوضة","M1","C-FIELD C-DOCPRV C-PANEL","08-D4-Marketplace-Orders.dc.html","owner_approved","not_drawn",""
"MP-09-M390-success","MP-09","إدارة صفحة المنشأة","MP","M","390","success","نجاح","M1","C-FIELD C-DOCPRV C-PANEL","08-D4-Marketplace-Orders.dc.html","owner_approved","not_drawn",""
"MP-09-D1366-ready","MP-09","إدارة صفحة المنشأة","MP","D","1366","ready","جاهز","M1","C-FIELD C-DOCPRV C-PANEL","08-D4-Marketplace-Orders.dc.html","owner_approved","not_drawn",""
"MP-09-D1366-validation_error","MP-09","إدارة صفحة المنشأة","MP","D","1366","validation_error","خطأ تحقق","M1","C-FIELD C-DOCPRV C-PANEL","08-D4-Marketplace-Orders.dc.html","owner_approved","not_drawn",""
"MP-09-D1366-saving","MP-09","إدارة صفحة المنشأة","MP","D","1366","saving","جارٍ الحفظ","M1","C-FIELD C-DOCPRV C-PANEL","08-D4-Marketplace-Orders.dc.html","owner_approved","not_drawn",""
"MP-09-D1366-permission_denied","MP-09","إدارة صفحة المنشأة","MP","D","1366","permission_denied","صلاحية مرفوضة","M1","C-FIELD C-DOCPRV C-PANEL","08-D4-Marketplace-Orders.dc.html","owner_approved","not_drawn",""
"MP-09-D1366-success","MP-09","إدارة صفحة المنشأة","MP","D","1366","success","نجاح","M1","C-FIELD C-DOCPRV C-PANEL","08-D4-Marketplace-Orders.dc.html","owner_approved","not_drawn",""
"MP-09-D1920-ready","MP-09","إدارة صفحة المنشأة","MP","D","1920","ready","جاهز","M1","C-FIELD C-DOCPRV C-PANEL","08-D4-Marketplace-Orders.dc.html","owner_approved","not_drawn",""
"MP-09-D1920-validation_error","MP-09","إدارة صفحة المنشأة","MP","D","1920","validation_error","خطأ تحقق","M1","C-FIELD C-DOCPRV C-PANEL","08-D4-Marketplace-Orders.dc.html","owner_approved","not_drawn",""
"MP-09-D1920-saving","MP-09","إدارة صفحة المنشأة","MP","D","1920","saving","جارٍ الحفظ","M1","C-FIELD C-DOCPRV C-PANEL","08-D4-Marketplace-Orders.dc.html","owner_approved","not_drawn",""
"MP-09-D1920-permission_denied","MP-09","إدارة صفحة المنشأة","MP","D","1920","permission_denied","صلاحية مرفوضة","M1","C-FIELD C-DOCPRV C-PANEL","08-D4-Marketplace-Orders.dc.html","owner_approved","not_drawn",""
"MP-09-D1920-success","MP-09","إدارة صفحة المنشأة","MP","D","1920","success","نجاح","M1","C-FIELD C-DOCPRV C-PANEL","08-D4-Marketplace-Orders.dc.html","owner_approved","not_drawn",""
"MP-10-W390-ready","MP-10","قائمة العروض الداخلية للبائع","MP","W","390","ready","جاهز","M1","C-TABLE C-STATUS C-FILTER","08-D4-Marketplace-Orders.dc.html","owner_approved","not_drawn",""
"MP-10-W390-loading","MP-10","قائمة العروض الداخلية للبائع","MP","W","390","loading","تحميل","M1","C-TABLE C-STATUS C-FILTER","08-D4-Marketplace-Orders.dc.html","owner_approved","not_drawn",""
"MP-10-W390-empty","MP-10","قائمة العروض الداخلية للبائع","MP","W","390","empty","فارغ","M1","C-TABLE C-STATUS C-FILTER","08-D4-Marketplace-Orders.dc.html","owner_approved","not_drawn",""
"MP-10-W390-expired","MP-10","قائمة العروض الداخلية للبائع","MP","W","390","expired","منتهي الصلاحية","M1","C-TABLE C-STATUS C-FILTER","08-D4-Marketplace-Orders.dc.html","owner_approved","not_drawn",""
"MP-10-W834-ready","MP-10","قائمة العروض الداخلية للبائع","MP","W","834","ready","جاهز","M1","C-TABLE C-STATUS C-FILTER","08-D4-Marketplace-Orders.dc.html","owner_approved","not_drawn",""
"MP-10-W834-loading","MP-10","قائمة العروض الداخلية للبائع","MP","W","834","loading","تحميل","M1","C-TABLE C-STATUS C-FILTER","08-D4-Marketplace-Orders.dc.html","owner_approved","not_drawn",""
"MP-10-W834-empty","MP-10","قائمة العروض الداخلية للبائع","MP","W","834","empty","فارغ","M1","C-TABLE C-STATUS C-FILTER","08-D4-Marketplace-Orders.dc.html","owner_approved","not_drawn",""
"MP-10-W834-expired","MP-10","قائمة العروض الداخلية للبائع","MP","W","834","expired","منتهي الصلاحية","M1","C-TABLE C-STATUS C-FILTER","08-D4-Marketplace-Orders.dc.html","owner_approved","not_drawn",""
"MP-10-W1440-ready","MP-10","قائمة العروض الداخلية للبائع","MP","W","1440","ready","جاهز","M1","C-TABLE C-STATUS C-FILTER","08-D4-Marketplace-Orders.dc.html","owner_approved","drawn","29-D22-Marketplace-Link-Complete.dc.html#MP-10"
"MP-10-W1440-loading","MP-10","قائمة العروض الداخلية للبائع","MP","W","1440","loading","تحميل","M1","C-TABLE C-STATUS C-FILTER","08-D4-Marketplace-Orders.dc.html","owner_approved","drawn","43-D35-Marketplace-Complete.dc.html#MP-10"
"MP-10-W1440-empty","MP-10","قائمة العروض الداخلية للبائع","MP","W","1440","empty","فارغ","M1","C-TABLE C-STATUS C-FILTER","08-D4-Marketplace-Orders.dc.html","owner_approved","drawn","12-D7-Remaining-Screens.dc.html#MP-10"
"MP-10-W1440-expired","MP-10","قائمة العروض الداخلية للبائع","MP","W","1440","expired","منتهي الصلاحية","M1","C-TABLE C-STATUS C-FILTER","08-D4-Marketplace-Orders.dc.html","owner_approved","drawn","29-D22-Marketplace-Link-Complete.dc.html#MP-10"
"MP-10-M390-ready","MP-10","قائمة العروض الداخلية للبائع","MP","M","390","ready","جاهز","M1","C-TABLE C-STATUS C-FILTER","08-D4-Marketplace-Orders.dc.html","owner_approved","not_drawn",""
"MP-10-M390-loading","MP-10","قائمة العروض الداخلية للبائع","MP","M","390","loading","تحميل","M1","C-TABLE C-STATUS C-FILTER","08-D4-Marketplace-Orders.dc.html","owner_approved","not_drawn",""
"MP-10-M390-empty","MP-10","قائمة العروض الداخلية للبائع","MP","M","390","empty","فارغ","M1","C-TABLE C-STATUS C-FILTER","08-D4-Marketplace-Orders.dc.html","owner_approved","not_drawn",""
"MP-10-M390-expired","MP-10","قائمة العروض الداخلية للبائع","MP","M","390","expired","منتهي الصلاحية","M1","C-TABLE C-STATUS C-FILTER","08-D4-Marketplace-Orders.dc.html","owner_approved","not_drawn",""
"MP-10-D1366-ready","MP-10","قائمة العروض الداخلية للبائع","MP","D","1366","ready","جاهز","M1","C-TABLE C-STATUS C-FILTER","08-D4-Marketplace-Orders.dc.html","owner_approved","not_drawn",""
"MP-10-D1366-loading","MP-10","قائمة العروض الداخلية للبائع","MP","D","1366","loading","تحميل","M1","C-TABLE C-STATUS C-FILTER","08-D4-Marketplace-Orders.dc.html","owner_approved","not_drawn",""
"MP-10-D1366-empty","MP-10","قائمة العروض الداخلية للبائع","MP","D","1366","empty","فارغ","M1","C-TABLE C-STATUS C-FILTER","08-D4-Marketplace-Orders.dc.html","owner_approved","not_drawn",""
"MP-10-D1366-expired","MP-10","قائمة العروض الداخلية للبائع","MP","D","1366","expired","منتهي الصلاحية","M1","C-TABLE C-STATUS C-FILTER","08-D4-Marketplace-Orders.dc.html","owner_approved","not_drawn",""
"MP-10-D1920-ready","MP-10","قائمة العروض الداخلية للبائع","MP","D","1920","ready","جاهز","M1","C-TABLE C-STATUS C-FILTER","08-D4-Marketplace-Orders.dc.html","owner_approved","not_drawn",""
"MP-10-D1920-loading","MP-10","قائمة العروض الداخلية للبائع","MP","D","1920","loading","تحميل","M1","C-TABLE C-STATUS C-FILTER","08-D4-Marketplace-Orders.dc.html","owner_approved","not_drawn",""
"MP-10-D1920-empty","MP-10","قائمة العروض الداخلية للبائع","MP","D","1920","empty","فارغ","M1","C-TABLE C-STATUS C-FILTER","08-D4-Marketplace-Orders.dc.html","owner_approved","not_drawn",""
"MP-10-D1920-expired","MP-10","قائمة العروض الداخلية للبائع","MP","D","1920","expired","منتهي الصلاحية","M1","C-TABLE C-STATUS C-FILTER","08-D4-Marketplace-Orders.dc.html","owner_approved","not_drawn",""
"MP-11-W390-ready","MP-11","إنشاء عرض ونشره","MP","W","390","ready","جاهز","M1","C-PICK C-AUD C-DOCPRV","08-D4-Marketplace-Orders.dc.html","owner_approved","not_drawn",""
"MP-11-W390-validation_error","MP-11","إنشاء عرض ونشره","MP","W","390","validation_error","خطأ تحقق","M1","C-PICK C-AUD C-DOCPRV","08-D4-Marketplace-Orders.dc.html","owner_approved","not_drawn",""
"MP-11-W390-saving","MP-11","إنشاء عرض ونشره","MP","W","390","saving","جارٍ الحفظ","M1","C-PICK C-AUD C-DOCPRV","08-D4-Marketplace-Orders.dc.html","owner_approved","not_drawn",""
"MP-11-W390-permission_denied","MP-11","إنشاء عرض ونشره","MP","W","390","permission_denied","صلاحية مرفوضة","M1","C-PICK C-AUD C-DOCPRV","08-D4-Marketplace-Orders.dc.html","owner_approved","not_drawn",""
"MP-11-W390-success","MP-11","إنشاء عرض ونشره","MP","W","390","success","نجاح","M1","C-PICK C-AUD C-DOCPRV","08-D4-Marketplace-Orders.dc.html","owner_approved","not_drawn",""
"MP-11-W834-ready","MP-11","إنشاء عرض ونشره","MP","W","834","ready","جاهز","M1","C-PICK C-AUD C-DOCPRV","08-D4-Marketplace-Orders.dc.html","owner_approved","not_drawn",""
"MP-11-W834-validation_error","MP-11","إنشاء عرض ونشره","MP","W","834","validation_error","خطأ تحقق","M1","C-PICK C-AUD C-DOCPRV","08-D4-Marketplace-Orders.dc.html","owner_approved","not_drawn",""
"MP-11-W834-saving","MP-11","إنشاء عرض ونشره","MP","W","834","saving","جارٍ الحفظ","M1","C-PICK C-AUD C-DOCPRV","08-D4-Marketplace-Orders.dc.html","owner_approved","not_drawn",""
"MP-11-W834-permission_denied","MP-11","إنشاء عرض ونشره","MP","W","834","permission_denied","صلاحية مرفوضة","M1","C-PICK C-AUD C-DOCPRV","08-D4-Marketplace-Orders.dc.html","owner_approved","not_drawn",""
"MP-11-W834-success","MP-11","إنشاء عرض ونشره","MP","W","834","success","نجاح","M1","C-PICK C-AUD C-DOCPRV","08-D4-Marketplace-Orders.dc.html","owner_approved","not_drawn",""
"MP-11-W1440-ready","MP-11","إنشاء عرض ونشره","MP","W","1440","ready","جاهز","M1","C-PICK C-AUD C-DOCPRV","08-D4-Marketplace-Orders.dc.html","owner_approved","drawn","43-D35-Marketplace-Complete.dc.html#MP-11"
"MP-11-W1440-validation_error","MP-11","إنشاء عرض ونشره","MP","W","1440","validation_error","خطأ تحقق","M1","C-PICK C-AUD C-DOCPRV","08-D4-Marketplace-Orders.dc.html","owner_approved","drawn","08-D4-Marketplace-Orders.dc.html#MP-11"
"MP-11-W1440-saving","MP-11","إنشاء عرض ونشره","MP","W","1440","saving","جارٍ الحفظ","M1","C-PICK C-AUD C-DOCPRV","08-D4-Marketplace-Orders.dc.html","owner_approved","drawn","43-D35-Marketplace-Complete.dc.html#MP-11"
"MP-11-W1440-permission_denied","MP-11","إنشاء عرض ونشره","MP","W","1440","permission_denied","صلاحية مرفوضة","M1","C-PICK C-AUD C-DOCPRV","08-D4-Marketplace-Orders.dc.html","owner_approved","drawn","43-D35-Marketplace-Complete.dc.html#MP-11"
"MP-11-W1440-success","MP-11","إنشاء عرض ونشره","MP","W","1440","success","نجاح","M1","C-PICK C-AUD C-DOCPRV","08-D4-Marketplace-Orders.dc.html","owner_approved","drawn","43-D35-Marketplace-Complete.dc.html#MP-11"
"MP-11-M390-ready","MP-11","إنشاء عرض ونشره","MP","M","390","ready","جاهز","M1","C-PICK C-AUD C-DOCPRV","08-D4-Marketplace-Orders.dc.html","owner_approved","not_drawn",""
"MP-11-M390-validation_error","MP-11","إنشاء عرض ونشره","MP","M","390","validation_error","خطأ تحقق","M1","C-PICK C-AUD C-DOCPRV","08-D4-Marketplace-Orders.dc.html","owner_approved","not_drawn",""
"MP-11-M390-saving","MP-11","إنشاء عرض ونشره","MP","M","390","saving","جارٍ الحفظ","M1","C-PICK C-AUD C-DOCPRV","08-D4-Marketplace-Orders.dc.html","owner_approved","not_drawn",""
"MP-11-M390-permission_denied","MP-11","إنشاء عرض ونشره","MP","M","390","permission_denied","صلاحية مرفوضة","M1","C-PICK C-AUD C-DOCPRV","08-D4-Marketplace-Orders.dc.html","owner_approved","not_drawn",""
"MP-11-M390-success","MP-11","إنشاء عرض ونشره","MP","M","390","success","نجاح","M1","C-PICK C-AUD C-DOCPRV","08-D4-Marketplace-Orders.dc.html","owner_approved","not_drawn",""
"MP-11-D1366-ready","MP-11","إنشاء عرض ونشره","MP","D","1366","ready","جاهز","M1","C-PICK C-AUD C-DOCPRV","08-D4-Marketplace-Orders.dc.html","owner_approved","not_drawn",""
"MP-11-D1366-validation_error","MP-11","إنشاء عرض ونشره","MP","D","1366","validation_error","خطأ تحقق","M1","C-PICK C-AUD C-DOCPRV","08-D4-Marketplace-Orders.dc.html","owner_approved","not_drawn",""
"MP-11-D1366-saving","MP-11","إنشاء عرض ونشره","MP","D","1366","saving","جارٍ الحفظ","M1","C-PICK C-AUD C-DOCPRV","08-D4-Marketplace-Orders.dc.html","owner_approved","not_drawn",""
"MP-11-D1366-permission_denied","MP-11","إنشاء عرض ونشره","MP","D","1366","permission_denied","صلاحية مرفوضة","M1","C-PICK C-AUD C-DOCPRV","08-D4-Marketplace-Orders.dc.html","owner_approved","not_drawn",""
"MP-11-D1366-success","MP-11","إنشاء عرض ونشره","MP","D","1366","success","نجاح","M1","C-PICK C-AUD C-DOCPRV","08-D4-Marketplace-Orders.dc.html","owner_approved","not_drawn",""
"MP-11-D1920-ready","MP-11","إنشاء عرض ونشره","MP","D","1920","ready","جاهز","M1","C-PICK C-AUD C-DOCPRV","08-D4-Marketplace-Orders.dc.html","owner_approved","not_drawn",""
"MP-11-D1920-validation_error","MP-11","إنشاء عرض ونشره","MP","D","1920","validation_error","خطأ تحقق","M1","C-PICK C-AUD C-DOCPRV","08-D4-Marketplace-Orders.dc.html","owner_approved","not_drawn",""
"MP-11-D1920-saving","MP-11","إنشاء عرض ونشره","MP","D","1920","saving","جارٍ الحفظ","M1","C-PICK C-AUD C-DOCPRV","08-D4-Marketplace-Orders.dc.html","owner_approved","not_drawn",""
"MP-11-D1920-permission_denied","MP-11","إنشاء عرض ونشره","MP","D","1920","permission_denied","صلاحية مرفوضة","M1","C-PICK C-AUD C-DOCPRV","08-D4-Marketplace-Orders.dc.html","owner_approved","not_drawn",""
"MP-11-D1920-success","MP-11","إنشاء عرض ونشره","MP","D","1920","success","نجاح","M1","C-PICK C-AUD C-DOCPRV","08-D4-Marketplace-Orders.dc.html","owner_approved","not_drawn",""
"MP-12-W390-ready","MP-12","أسعار شرائح وقوائم خاصة","MP","W","390","ready","جاهز","M1","C-TABLE C-MONEY C-AUD","08-D4-Marketplace-Orders.dc.html","owner_approved","not_drawn",""
"MP-12-W390-empty","MP-12","أسعار شرائح وقوائم خاصة","MP","W","390","empty","فارغ","M1","C-TABLE C-MONEY C-AUD","08-D4-Marketplace-Orders.dc.html","owner_approved","not_drawn",""
"MP-12-W390-validation_error","MP-12","أسعار شرائح وقوائم خاصة","MP","W","390","validation_error","خطأ تحقق","M1","C-TABLE C-MONEY C-AUD","08-D4-Marketplace-Orders.dc.html","owner_approved","not_drawn",""
"MP-12-W390-permission_denied","MP-12","أسعار شرائح وقوائم خاصة","MP","W","390","permission_denied","صلاحية مرفوضة","M1","C-TABLE C-MONEY C-AUD","08-D4-Marketplace-Orders.dc.html","owner_approved","not_drawn",""
"MP-12-W834-ready","MP-12","أسعار شرائح وقوائم خاصة","MP","W","834","ready","جاهز","M1","C-TABLE C-MONEY C-AUD","08-D4-Marketplace-Orders.dc.html","owner_approved","not_drawn",""
"MP-12-W834-empty","MP-12","أسعار شرائح وقوائم خاصة","MP","W","834","empty","فارغ","M1","C-TABLE C-MONEY C-AUD","08-D4-Marketplace-Orders.dc.html","owner_approved","not_drawn",""
"MP-12-W834-validation_error","MP-12","أسعار شرائح وقوائم خاصة","MP","W","834","validation_error","خطأ تحقق","M1","C-TABLE C-MONEY C-AUD","08-D4-Marketplace-Orders.dc.html","owner_approved","not_drawn",""
"MP-12-W834-permission_denied","MP-12","أسعار شرائح وقوائم خاصة","MP","W","834","permission_denied","صلاحية مرفوضة","M1","C-TABLE C-MONEY C-AUD","08-D4-Marketplace-Orders.dc.html","owner_approved","not_drawn",""
"MP-12-W1440-ready","MP-12","أسعار شرائح وقوائم خاصة","MP","W","1440","ready","جاهز","M1","C-TABLE C-MONEY C-AUD","08-D4-Marketplace-Orders.dc.html","owner_approved","drawn","43-D35-Marketplace-Complete.dc.html#MP-12"
"MP-12-W1440-empty","MP-12","أسعار شرائح وقوائم خاصة","MP","W","1440","empty","فارغ","M1","C-TABLE C-MONEY C-AUD","08-D4-Marketplace-Orders.dc.html","owner_approved","drawn","43-D35-Marketplace-Complete.dc.html#MP-12"
"MP-12-W1440-validation_error","MP-12","أسعار شرائح وقوائم خاصة","MP","W","1440","validation_error","خطأ تحقق","M1","C-TABLE C-MONEY C-AUD","08-D4-Marketplace-Orders.dc.html","owner_approved","drawn","10-D6-Marketplace-Orders-Completion.dc.html#MP-12"
"MP-12-W1440-permission_denied","MP-12","أسعار شرائح وقوائم خاصة","MP","W","1440","permission_denied","صلاحية مرفوضة","M1","C-TABLE C-MONEY C-AUD","08-D4-Marketplace-Orders.dc.html","owner_approved","drawn","43-D35-Marketplace-Complete.dc.html#MP-12"
"MP-12-M390-ready","MP-12","أسعار شرائح وقوائم خاصة","MP","M","390","ready","جاهز","M1","C-TABLE C-MONEY C-AUD","08-D4-Marketplace-Orders.dc.html","owner_approved","not_drawn",""
"MP-12-M390-empty","MP-12","أسعار شرائح وقوائم خاصة","MP","M","390","empty","فارغ","M1","C-TABLE C-MONEY C-AUD","08-D4-Marketplace-Orders.dc.html","owner_approved","not_drawn",""
"MP-12-M390-validation_error","MP-12","أسعار شرائح وقوائم خاصة","MP","M","390","validation_error","خطأ تحقق","M1","C-TABLE C-MONEY C-AUD","08-D4-Marketplace-Orders.dc.html","owner_approved","not_drawn",""
"MP-12-M390-permission_denied","MP-12","أسعار شرائح وقوائم خاصة","MP","M","390","permission_denied","صلاحية مرفوضة","M1","C-TABLE C-MONEY C-AUD","08-D4-Marketplace-Orders.dc.html","owner_approved","not_drawn",""
"MP-12-D1366-ready","MP-12","أسعار شرائح وقوائم خاصة","MP","D","1366","ready","جاهز","M1","C-TABLE C-MONEY C-AUD","08-D4-Marketplace-Orders.dc.html","owner_approved","not_drawn",""
"MP-12-D1366-empty","MP-12","أسعار شرائح وقوائم خاصة","MP","D","1366","empty","فارغ","M1","C-TABLE C-MONEY C-AUD","08-D4-Marketplace-Orders.dc.html","owner_approved","not_drawn",""
"MP-12-D1366-validation_error","MP-12","أسعار شرائح وقوائم خاصة","MP","D","1366","validation_error","خطأ تحقق","M1","C-TABLE C-MONEY C-AUD","08-D4-Marketplace-Orders.dc.html","owner_approved","not_drawn",""
"MP-12-D1366-permission_denied","MP-12","أسعار شرائح وقوائم خاصة","MP","D","1366","permission_denied","صلاحية مرفوضة","M1","C-TABLE C-MONEY C-AUD","08-D4-Marketplace-Orders.dc.html","owner_approved","not_drawn",""
"MP-12-D1920-ready","MP-12","أسعار شرائح وقوائم خاصة","MP","D","1920","ready","جاهز","M1","C-TABLE C-MONEY C-AUD","08-D4-Marketplace-Orders.dc.html","owner_approved","not_drawn",""
"MP-12-D1920-empty","MP-12","أسعار شرائح وقوائم خاصة","MP","D","1920","empty","فارغ","M1","C-TABLE C-MONEY C-AUD","08-D4-Marketplace-Orders.dc.html","owner_approved","not_drawn",""
"MP-12-D1920-validation_error","MP-12","أسعار شرائح وقوائم خاصة","MP","D","1920","validation_error","خطأ تحقق","M1","C-TABLE C-MONEY C-AUD","08-D4-Marketplace-Orders.dc.html","owner_approved","not_drawn",""
"MP-12-D1920-permission_denied","MP-12","أسعار شرائح وقوائم خاصة","MP","D","1920","permission_denied","صلاحية مرفوضة","M1","C-TABLE C-MONEY C-AUD","08-D4-Marketplace-Orders.dc.html","owner_approved","not_drawn",""
"MP-13-W390-ready","MP-13","تجديد تأكيد سعر وتوفر","MP","W","390","ready","جاهز","M1","C-STATUS C-DIALOG C-NOTICE","08-D4-Marketplace-Orders.dc.html","owner_approved","not_drawn",""
"MP-13-W390-expired","MP-13","تجديد تأكيد سعر وتوفر","MP","W","390","expired","منتهي الصلاحية","M1","C-STATUS C-DIALOG C-NOTICE","08-D4-Marketplace-Orders.dc.html","owner_approved","not_drawn",""
"MP-13-W390-saving","MP-13","تجديد تأكيد سعر وتوفر","MP","W","390","saving","جارٍ الحفظ","M1","C-STATUS C-DIALOG C-NOTICE","08-D4-Marketplace-Orders.dc.html","owner_approved","not_drawn",""
"MP-13-W390-permission_denied","MP-13","تجديد تأكيد سعر وتوفر","MP","W","390","permission_denied","صلاحية مرفوضة","M1","C-STATUS C-DIALOG C-NOTICE","08-D4-Marketplace-Orders.dc.html","owner_approved","not_drawn",""
"MP-13-W390-success","MP-13","تجديد تأكيد سعر وتوفر","MP","W","390","success","نجاح","M1","C-STATUS C-DIALOG C-NOTICE","08-D4-Marketplace-Orders.dc.html","owner_approved","not_drawn",""
"MP-13-W834-ready","MP-13","تجديد تأكيد سعر وتوفر","MP","W","834","ready","جاهز","M1","C-STATUS C-DIALOG C-NOTICE","08-D4-Marketplace-Orders.dc.html","owner_approved","not_drawn",""
"MP-13-W834-expired","MP-13","تجديد تأكيد سعر وتوفر","MP","W","834","expired","منتهي الصلاحية","M1","C-STATUS C-DIALOG C-NOTICE","08-D4-Marketplace-Orders.dc.html","owner_approved","not_drawn",""
"MP-13-W834-saving","MP-13","تجديد تأكيد سعر وتوفر","MP","W","834","saving","جارٍ الحفظ","M1","C-STATUS C-DIALOG C-NOTICE","08-D4-Marketplace-Orders.dc.html","owner_approved","not_drawn",""
"MP-13-W834-permission_denied","MP-13","تجديد تأكيد سعر وتوفر","MP","W","834","permission_denied","صلاحية مرفوضة","M1","C-STATUS C-DIALOG C-NOTICE","08-D4-Marketplace-Orders.dc.html","owner_approved","not_drawn",""
"MP-13-W834-success","MP-13","تجديد تأكيد سعر وتوفر","MP","W","834","success","نجاح","M1","C-STATUS C-DIALOG C-NOTICE","08-D4-Marketplace-Orders.dc.html","owner_approved","not_drawn",""
"MP-13-W1440-ready","MP-13","تجديد تأكيد سعر وتوفر","MP","W","1440","ready","جاهز","M1","C-STATUS C-DIALOG C-NOTICE","08-D4-Marketplace-Orders.dc.html","owner_approved","drawn","43-D35-Marketplace-Complete.dc.html#MP-13"
"MP-13-W1440-expired","MP-13","تجديد تأكيد سعر وتوفر","MP","W","1440","expired","منتهي الصلاحية","M1","C-STATUS C-DIALOG C-NOTICE","08-D4-Marketplace-Orders.dc.html","owner_approved","drawn","10-D6-Marketplace-Orders-Completion.dc.html#MP-13"
"MP-13-W1440-saving","MP-13","تجديد تأكيد سعر وتوفر","MP","W","1440","saving","جارٍ الحفظ","M1","C-STATUS C-DIALOG C-NOTICE","08-D4-Marketplace-Orders.dc.html","owner_approved","drawn","43-D35-Marketplace-Complete.dc.html#MP-13"
"MP-13-W1440-permission_denied","MP-13","تجديد تأكيد سعر وتوفر","MP","W","1440","permission_denied","صلاحية مرفوضة","M1","C-STATUS C-DIALOG C-NOTICE","08-D4-Marketplace-Orders.dc.html","owner_approved","drawn","43-D35-Marketplace-Complete.dc.html#MP-13"
"MP-13-W1440-success","MP-13","تجديد تأكيد سعر وتوفر","MP","W","1440","success","نجاح","M1","C-STATUS C-DIALOG C-NOTICE","08-D4-Marketplace-Orders.dc.html","owner_approved","drawn","43-D35-Marketplace-Complete.dc.html#MP-13"
"MP-13-M390-ready","MP-13","تجديد تأكيد سعر وتوفر","MP","M","390","ready","جاهز","M1","C-STATUS C-DIALOG C-NOTICE","08-D4-Marketplace-Orders.dc.html","owner_approved","not_drawn",""
"MP-13-M390-expired","MP-13","تجديد تأكيد سعر وتوفر","MP","M","390","expired","منتهي الصلاحية","M1","C-STATUS C-DIALOG C-NOTICE","08-D4-Marketplace-Orders.dc.html","owner_approved","not_drawn",""
"MP-13-M390-saving","MP-13","تجديد تأكيد سعر وتوفر","MP","M","390","saving","جارٍ الحفظ","M1","C-STATUS C-DIALOG C-NOTICE","08-D4-Marketplace-Orders.dc.html","owner_approved","not_drawn",""
"MP-13-M390-permission_denied","MP-13","تجديد تأكيد سعر وتوفر","MP","M","390","permission_denied","صلاحية مرفوضة","M1","C-STATUS C-DIALOG C-NOTICE","08-D4-Marketplace-Orders.dc.html","owner_approved","not_drawn",""
"MP-13-M390-success","MP-13","تجديد تأكيد سعر وتوفر","MP","M","390","success","نجاح","M1","C-STATUS C-DIALOG C-NOTICE","08-D4-Marketplace-Orders.dc.html","owner_approved","not_drawn",""
"MP-13-D1366-ready","MP-13","تجديد تأكيد سعر وتوفر","MP","D","1366","ready","جاهز","M1","C-STATUS C-DIALOG C-NOTICE","08-D4-Marketplace-Orders.dc.html","owner_approved","not_drawn",""
"MP-13-D1366-expired","MP-13","تجديد تأكيد سعر وتوفر","MP","D","1366","expired","منتهي الصلاحية","M1","C-STATUS C-DIALOG C-NOTICE","08-D4-Marketplace-Orders.dc.html","owner_approved","not_drawn",""
"MP-13-D1366-saving","MP-13","تجديد تأكيد سعر وتوفر","MP","D","1366","saving","جارٍ الحفظ","M1","C-STATUS C-DIALOG C-NOTICE","08-D4-Marketplace-Orders.dc.html","owner_approved","not_drawn",""
"MP-13-D1366-permission_denied","MP-13","تجديد تأكيد سعر وتوفر","MP","D","1366","permission_denied","صلاحية مرفوضة","M1","C-STATUS C-DIALOG C-NOTICE","08-D4-Marketplace-Orders.dc.html","owner_approved","not_drawn",""
"MP-13-D1366-success","MP-13","تجديد تأكيد سعر وتوفر","MP","D","1366","success","نجاح","M1","C-STATUS C-DIALOG C-NOTICE","08-D4-Marketplace-Orders.dc.html","owner_approved","not_drawn",""
"MP-13-D1920-ready","MP-13","تجديد تأكيد سعر وتوفر","MP","D","1920","ready","جاهز","M1","C-STATUS C-DIALOG C-NOTICE","08-D4-Marketplace-Orders.dc.html","owner_approved","not_drawn",""
"MP-13-D1920-expired","MP-13","تجديد تأكيد سعر وتوفر","MP","D","1920","expired","منتهي الصلاحية","M1","C-STATUS C-DIALOG C-NOTICE","08-D4-Marketplace-Orders.dc.html","owner_approved","not_drawn",""
"MP-13-D1920-saving","MP-13","تجديد تأكيد سعر وتوفر","MP","D","1920","saving","جارٍ الحفظ","M1","C-STATUS C-DIALOG C-NOTICE","08-D4-Marketplace-Orders.dc.html","owner_approved","not_drawn",""
"MP-13-D1920-permission_denied","MP-13","تجديد تأكيد سعر وتوفر","MP","D","1920","permission_denied","صلاحية مرفوضة","M1","C-STATUS C-DIALOG C-NOTICE","08-D4-Marketplace-Orders.dc.html","owner_approved","not_drawn",""
"MP-13-D1920-success","MP-13","تجديد تأكيد سعر وتوفر","MP","D","1920","success","نجاح","M1","C-STATUS C-DIALOG C-NOTICE","08-D4-Marketplace-Orders.dc.html","owner_approved","not_drawn",""
"MP-14-W390-ready","MP-14","عرض منتهٍ أو منشأة معلقة","MP","W","390","ready","جاهز","M1","C-NOTICE C-STATUS C-BTN","08-D4-Marketplace-Orders.dc.html","owner_approved","not_drawn",""
"MP-14-W390-expired","MP-14","عرض منتهٍ أو منشأة معلقة","MP","W","390","expired","منتهي الصلاحية","M1","C-NOTICE C-STATUS C-BTN","08-D4-Marketplace-Orders.dc.html","owner_approved","not_drawn",""
"MP-14-W390-permission_denied","MP-14","عرض منتهٍ أو منشأة معلقة","MP","W","390","permission_denied","صلاحية مرفوضة","M1","C-NOTICE C-STATUS C-BTN","08-D4-Marketplace-Orders.dc.html","owner_approved","not_drawn",""
"MP-14-W834-ready","MP-14","عرض منتهٍ أو منشأة معلقة","MP","W","834","ready","جاهز","M1","C-NOTICE C-STATUS C-BTN","08-D4-Marketplace-Orders.dc.html","owner_approved","not_drawn",""
"MP-14-W834-expired","MP-14","عرض منتهٍ أو منشأة معلقة","MP","W","834","expired","منتهي الصلاحية","M1","C-NOTICE C-STATUS C-BTN","08-D4-Marketplace-Orders.dc.html","owner_approved","not_drawn",""
"MP-14-W834-permission_denied","MP-14","عرض منتهٍ أو منشأة معلقة","MP","W","834","permission_denied","صلاحية مرفوضة","M1","C-NOTICE C-STATUS C-BTN","08-D4-Marketplace-Orders.dc.html","owner_approved","not_drawn",""
"MP-14-W1440-ready","MP-14","عرض منتهٍ أو منشأة معلقة","MP","W","1440","ready","جاهز","M1","C-NOTICE C-STATUS C-BTN","08-D4-Marketplace-Orders.dc.html","owner_approved","drawn","43-D35-Marketplace-Complete.dc.html#MP-14"
"MP-14-W1440-expired","MP-14","عرض منتهٍ أو منشأة معلقة","MP","W","1440","expired","منتهي الصلاحية","M1","C-NOTICE C-STATUS C-BTN","08-D4-Marketplace-Orders.dc.html","owner_approved","drawn","29-D22-Marketplace-Link-Complete.dc.html#MP-14"
"MP-14-W1440-permission_denied","MP-14","عرض منتهٍ أو منشأة معلقة","MP","W","1440","permission_denied","صلاحية مرفوضة","M1","C-NOTICE C-STATUS C-BTN","08-D4-Marketplace-Orders.dc.html","owner_approved","drawn","29-D22-Marketplace-Link-Complete.dc.html#MP-14"
"MP-14-M390-ready","MP-14","عرض منتهٍ أو منشأة معلقة","MP","M","390","ready","جاهز","M1","C-NOTICE C-STATUS C-BTN","08-D4-Marketplace-Orders.dc.html","owner_approved","not_drawn",""
"MP-14-M390-expired","MP-14","عرض منتهٍ أو منشأة معلقة","MP","M","390","expired","منتهي الصلاحية","M1","C-NOTICE C-STATUS C-BTN","08-D4-Marketplace-Orders.dc.html","owner_approved","not_drawn",""
"MP-14-M390-permission_denied","MP-14","عرض منتهٍ أو منشأة معلقة","MP","M","390","permission_denied","صلاحية مرفوضة","M1","C-NOTICE C-STATUS C-BTN","08-D4-Marketplace-Orders.dc.html","owner_approved","not_drawn",""
"MP-14-D1366-ready","MP-14","عرض منتهٍ أو منشأة معلقة","MP","D","1366","ready","جاهز","M1","C-NOTICE C-STATUS C-BTN","08-D4-Marketplace-Orders.dc.html","owner_approved","not_drawn",""
"MP-14-D1366-expired","MP-14","عرض منتهٍ أو منشأة معلقة","MP","D","1366","expired","منتهي الصلاحية","M1","C-NOTICE C-STATUS C-BTN","08-D4-Marketplace-Orders.dc.html","owner_approved","not_drawn",""
"MP-14-D1366-permission_denied","MP-14","عرض منتهٍ أو منشأة معلقة","MP","D","1366","permission_denied","صلاحية مرفوضة","M1","C-NOTICE C-STATUS C-BTN","08-D4-Marketplace-Orders.dc.html","owner_approved","not_drawn",""
"MP-14-D1920-ready","MP-14","عرض منتهٍ أو منشأة معلقة","MP","D","1920","ready","جاهز","M1","C-NOTICE C-STATUS C-BTN","08-D4-Marketplace-Orders.dc.html","owner_approved","not_drawn",""
"MP-14-D1920-expired","MP-14","عرض منتهٍ أو منشأة معلقة","MP","D","1920","expired","منتهي الصلاحية","M1","C-NOTICE C-STATUS C-BTN","08-D4-Marketplace-Orders.dc.html","owner_approved","not_drawn",""
"MP-14-D1920-permission_denied","MP-14","عرض منتهٍ أو منشأة معلقة","MP","D","1920","permission_denied","صلاحية مرفوضة","M1","C-NOTICE C-STATUS C-BTN","08-D4-Marketplace-Orders.dc.html","owner_approved","not_drawn",""
"MP-15-W390-ready","MP-15","بلاغ عن عرض أو انتحال","MP","W","390","ready","جاهز","M1","C-FIELD C-UPLOAD C-STATUS","08-D4-Marketplace-Orders.dc.html","owner_approved","not_drawn",""
"MP-15-W390-validation_error","MP-15","بلاغ عن عرض أو انتحال","MP","W","390","validation_error","خطأ تحقق","M1","C-FIELD C-UPLOAD C-STATUS","08-D4-Marketplace-Orders.dc.html","owner_approved","not_drawn",""
"MP-15-W390-permission_denied","MP-15","بلاغ عن عرض أو انتحال","MP","W","390","permission_denied","صلاحية مرفوضة","M1","C-FIELD C-UPLOAD C-STATUS","08-D4-Marketplace-Orders.dc.html","owner_approved","not_drawn",""
"MP-15-W390-success","MP-15","بلاغ عن عرض أو انتحال","MP","W","390","success","نجاح","M1","C-FIELD C-UPLOAD C-STATUS","08-D4-Marketplace-Orders.dc.html","owner_approved","not_drawn",""
"MP-15-W834-ready","MP-15","بلاغ عن عرض أو انتحال","MP","W","834","ready","جاهز","M1","C-FIELD C-UPLOAD C-STATUS","08-D4-Marketplace-Orders.dc.html","owner_approved","not_drawn",""
"MP-15-W834-validation_error","MP-15","بلاغ عن عرض أو انتحال","MP","W","834","validation_error","خطأ تحقق","M1","C-FIELD C-UPLOAD C-STATUS","08-D4-Marketplace-Orders.dc.html","owner_approved","not_drawn",""
"MP-15-W834-permission_denied","MP-15","بلاغ عن عرض أو انتحال","MP","W","834","permission_denied","صلاحية مرفوضة","M1","C-FIELD C-UPLOAD C-STATUS","08-D4-Marketplace-Orders.dc.html","owner_approved","not_drawn",""
"MP-15-W834-success","MP-15","بلاغ عن عرض أو انتحال","MP","W","834","success","نجاح","M1","C-FIELD C-UPLOAD C-STATUS","08-D4-Marketplace-Orders.dc.html","owner_approved","not_drawn",""
"MP-15-W1440-ready","MP-15","بلاغ عن عرض أو انتحال","MP","W","1440","ready","جاهز","M1","C-FIELD C-UPLOAD C-STATUS","08-D4-Marketplace-Orders.dc.html","owner_approved","drawn","29-D22-Marketplace-Link-Complete.dc.html#MP-15"
"MP-15-W1440-validation_error","MP-15","بلاغ عن عرض أو انتحال","MP","W","1440","validation_error","خطأ تحقق","M1","C-FIELD C-UPLOAD C-STATUS","08-D4-Marketplace-Orders.dc.html","owner_approved","drawn","29-D22-Marketplace-Link-Complete.dc.html#MP-15"
"MP-15-W1440-permission_denied","MP-15","بلاغ عن عرض أو انتحال","MP","W","1440","permission_denied","صلاحية مرفوضة","M1","C-FIELD C-UPLOAD C-STATUS","08-D4-Marketplace-Orders.dc.html","owner_approved","drawn","43-D35-Marketplace-Complete.dc.html#MP-15"
"MP-15-W1440-success","MP-15","بلاغ عن عرض أو انتحال","MP","W","1440","success","نجاح","M1","C-FIELD C-UPLOAD C-STATUS","08-D4-Marketplace-Orders.dc.html","owner_approved","drawn","10-D6-Marketplace-Orders-Completion.dc.html#MP-15"
"MP-15-M390-ready","MP-15","بلاغ عن عرض أو انتحال","MP","M","390","ready","جاهز","M1","C-FIELD C-UPLOAD C-STATUS","08-D4-Marketplace-Orders.dc.html","owner_approved","not_drawn",""
"MP-15-M390-validation_error","MP-15","بلاغ عن عرض أو انتحال","MP","M","390","validation_error","خطأ تحقق","M1","C-FIELD C-UPLOAD C-STATUS","08-D4-Marketplace-Orders.dc.html","owner_approved","not_drawn",""
"MP-15-M390-permission_denied","MP-15","بلاغ عن عرض أو انتحال","MP","M","390","permission_denied","صلاحية مرفوضة","M1","C-FIELD C-UPLOAD C-STATUS","08-D4-Marketplace-Orders.dc.html","owner_approved","not_drawn",""
"MP-15-M390-success","MP-15","بلاغ عن عرض أو انتحال","MP","M","390","success","نجاح","M1","C-FIELD C-UPLOAD C-STATUS","08-D4-Marketplace-Orders.dc.html","owner_approved","not_drawn",""
"MP-15-D1366-ready","MP-15","بلاغ عن عرض أو انتحال","MP","D","1366","ready","جاهز","M1","C-FIELD C-UPLOAD C-STATUS","08-D4-Marketplace-Orders.dc.html","owner_approved","not_drawn",""
"MP-15-D1366-validation_error","MP-15","بلاغ عن عرض أو انتحال","MP","D","1366","validation_error","خطأ تحقق","M1","C-FIELD C-UPLOAD C-STATUS","08-D4-Marketplace-Orders.dc.html","owner_approved","not_drawn",""
"MP-15-D1366-permission_denied","MP-15","بلاغ عن عرض أو انتحال","MP","D","1366","permission_denied","صلاحية مرفوضة","M1","C-FIELD C-UPLOAD C-STATUS","08-D4-Marketplace-Orders.dc.html","owner_approved","not_drawn",""
"MP-15-D1366-success","MP-15","بلاغ عن عرض أو انتحال","MP","D","1366","success","نجاح","M1","C-FIELD C-UPLOAD C-STATUS","08-D4-Marketplace-Orders.dc.html","owner_approved","not_drawn",""
"MP-15-D1920-ready","MP-15","بلاغ عن عرض أو انتحال","MP","D","1920","ready","جاهز","M1","C-FIELD C-UPLOAD C-STATUS","08-D4-Marketplace-Orders.dc.html","owner_approved","not_drawn",""
"MP-15-D1920-validation_error","MP-15","بلاغ عن عرض أو انتحال","MP","D","1920","validation_error","خطأ تحقق","M1","C-FIELD C-UPLOAD C-STATUS","08-D4-Marketplace-Orders.dc.html","owner_approved","not_drawn",""
"MP-15-D1920-permission_denied","MP-15","بلاغ عن عرض أو انتحال","MP","D","1920","permission_denied","صلاحية مرفوضة","M1","C-FIELD C-UPLOAD C-STATUS","08-D4-Marketplace-Orders.dc.html","owner_approved","not_drawn",""
"MP-15-D1920-success","MP-15","بلاغ عن عرض أو انتحال","MP","D","1920","success","نجاح","M1","C-FIELD C-UPLOAD C-STATUS","08-D4-Marketplace-Orders.dc.html","owner_approved","not_drawn",""
"ORD-01-W390-ready","ORD-01","سلة ومسودة طلب","ORD","W","390","ready","جاهز","M2","C-CART C-QTYUNIT C-SYNC","08-D4-Marketplace-Orders.dc.html","owner_approved","not_drawn",""
"ORD-01-W390-empty","ORD-01","سلة ومسودة طلب","ORD","W","390","empty","فارغ","M2","C-CART C-QTYUNIT C-SYNC","08-D4-Marketplace-Orders.dc.html","owner_approved","not_drawn",""
"ORD-01-W390-offline","ORD-01","سلة ومسودة طلب","ORD","W","390","offline","بلا اتصال","M2","C-CART C-QTYUNIT C-SYNC","08-D4-Marketplace-Orders.dc.html","owner_approved","not_drawn",""
"ORD-01-W390-validation_error","ORD-01","سلة ومسودة طلب","ORD","W","390","validation_error","خطأ تحقق","M2","C-CART C-QTYUNIT C-SYNC","08-D4-Marketplace-Orders.dc.html","owner_approved","not_drawn",""
"ORD-01-W390-stale","ORD-01","سلة ومسودة طلب","ORD","W","390","stale","بيانات قديمة","M2","C-CART C-QTYUNIT C-SYNC","08-D4-Marketplace-Orders.dc.html","owner_approved","not_drawn",""
"ORD-01-W834-ready","ORD-01","سلة ومسودة طلب","ORD","W","834","ready","جاهز","M2","C-CART C-QTYUNIT C-SYNC","08-D4-Marketplace-Orders.dc.html","owner_approved","not_drawn",""
"ORD-01-W834-empty","ORD-01","سلة ومسودة طلب","ORD","W","834","empty","فارغ","M2","C-CART C-QTYUNIT C-SYNC","08-D4-Marketplace-Orders.dc.html","owner_approved","not_drawn",""
"ORD-01-W834-offline","ORD-01","سلة ومسودة طلب","ORD","W","834","offline","بلا اتصال","M2","C-CART C-QTYUNIT C-SYNC","08-D4-Marketplace-Orders.dc.html","owner_approved","not_drawn",""
"ORD-01-W834-validation_error","ORD-01","سلة ومسودة طلب","ORD","W","834","validation_error","خطأ تحقق","M2","C-CART C-QTYUNIT C-SYNC","08-D4-Marketplace-Orders.dc.html","owner_approved","not_drawn",""
"ORD-01-W834-stale","ORD-01","سلة ومسودة طلب","ORD","W","834","stale","بيانات قديمة","M2","C-CART C-QTYUNIT C-SYNC","08-D4-Marketplace-Orders.dc.html","owner_approved","not_drawn",""
"ORD-01-W1440-ready","ORD-01","سلة ومسودة طلب","ORD","W","1440","ready","جاهز","M2","C-CART C-QTYUNIT C-SYNC","08-D4-Marketplace-Orders.dc.html","owner_approved","drawn","41-D33-Orders-Complete.dc.html#ORD-01"
"ORD-01-W1440-empty","ORD-01","سلة ومسودة طلب","ORD","W","1440","empty","فارغ","M2","C-CART C-QTYUNIT C-SYNC","08-D4-Marketplace-Orders.dc.html","owner_approved","drawn","41-D33-Orders-Complete.dc.html#ORD-01"
"ORD-01-W1440-offline","ORD-01","سلة ومسودة طلب","ORD","W","1440","offline","بلا اتصال","M2","C-CART C-QTYUNIT C-SYNC","08-D4-Marketplace-Orders.dc.html","owner_approved","drawn","08-D4-Marketplace-Orders.dc.html#ORD-01"
"ORD-01-W1440-validation_error","ORD-01","سلة ومسودة طلب","ORD","W","1440","validation_error","خطأ تحقق","M2","C-CART C-QTYUNIT C-SYNC","08-D4-Marketplace-Orders.dc.html","owner_approved","drawn","41-D33-Orders-Complete.dc.html#ORD-01"
"ORD-01-W1440-stale","ORD-01","سلة ومسودة طلب","ORD","W","1440","stale","بيانات قديمة","M2","C-CART C-QTYUNIT C-SYNC","08-D4-Marketplace-Orders.dc.html","owner_approved","drawn","41-D33-Orders-Complete.dc.html#ORD-01"
"ORD-01-M390-ready","ORD-01","سلة ومسودة طلب","ORD","M","390","ready","جاهز","M2","C-CART C-QTYUNIT C-SYNC","08-D4-Marketplace-Orders.dc.html","owner_approved","not_drawn",""
"ORD-01-M390-empty","ORD-01","سلة ومسودة طلب","ORD","M","390","empty","فارغ","M2","C-CART C-QTYUNIT C-SYNC","08-D4-Marketplace-Orders.dc.html","owner_approved","not_drawn",""
"ORD-01-M390-offline","ORD-01","سلة ومسودة طلب","ORD","M","390","offline","بلا اتصال","M2","C-CART C-QTYUNIT C-SYNC","08-D4-Marketplace-Orders.dc.html","owner_approved","drawn","08-D4-Marketplace-Orders.dc.html#ORD-01"
"ORD-01-M390-validation_error","ORD-01","سلة ومسودة طلب","ORD","M","390","validation_error","خطأ تحقق","M2","C-CART C-QTYUNIT C-SYNC","08-D4-Marketplace-Orders.dc.html","owner_approved","not_drawn",""
"ORD-01-M390-stale","ORD-01","سلة ومسودة طلب","ORD","M","390","stale","بيانات قديمة","M2","C-CART C-QTYUNIT C-SYNC","08-D4-Marketplace-Orders.dc.html","owner_approved","not_drawn",""
"ORD-01-D1366-ready","ORD-01","سلة ومسودة طلب","ORD","D","1366","ready","جاهز","M2","C-CART C-QTYUNIT C-SYNC","08-D4-Marketplace-Orders.dc.html","owner_approved","not_drawn",""
"ORD-01-D1366-empty","ORD-01","سلة ومسودة طلب","ORD","D","1366","empty","فارغ","M2","C-CART C-QTYUNIT C-SYNC","08-D4-Marketplace-Orders.dc.html","owner_approved","not_drawn",""
"ORD-01-D1366-offline","ORD-01","سلة ومسودة طلب","ORD","D","1366","offline","بلا اتصال","M2","C-CART C-QTYUNIT C-SYNC","08-D4-Marketplace-Orders.dc.html","owner_approved","not_drawn",""
"ORD-01-D1366-validation_error","ORD-01","سلة ومسودة طلب","ORD","D","1366","validation_error","خطأ تحقق","M2","C-CART C-QTYUNIT C-SYNC","08-D4-Marketplace-Orders.dc.html","owner_approved","not_drawn",""
"ORD-01-D1366-stale","ORD-01","سلة ومسودة طلب","ORD","D","1366","stale","بيانات قديمة","M2","C-CART C-QTYUNIT C-SYNC","08-D4-Marketplace-Orders.dc.html","owner_approved","not_drawn",""
"ORD-01-D1920-ready","ORD-01","سلة ومسودة طلب","ORD","D","1920","ready","جاهز","M2","C-CART C-QTYUNIT C-SYNC","08-D4-Marketplace-Orders.dc.html","owner_approved","not_drawn",""
"ORD-01-D1920-empty","ORD-01","سلة ومسودة طلب","ORD","D","1920","empty","فارغ","M2","C-CART C-QTYUNIT C-SYNC","08-D4-Marketplace-Orders.dc.html","owner_approved","not_drawn",""
"ORD-01-D1920-offline","ORD-01","سلة ومسودة طلب","ORD","D","1920","offline","بلا اتصال","M2","C-CART C-QTYUNIT C-SYNC","08-D4-Marketplace-Orders.dc.html","owner_approved","not_drawn",""
"ORD-01-D1920-validation_error","ORD-01","سلة ومسودة طلب","ORD","D","1920","validation_error","خطأ تحقق","M2","C-CART C-QTYUNIT C-SYNC","08-D4-Marketplace-Orders.dc.html","owner_approved","not_drawn",""
"ORD-01-D1920-stale","ORD-01","سلة ومسودة طلب","ORD","D","1920","stale","بيانات قديمة","M2","C-CART C-QTYUNIT C-SYNC","08-D4-Marketplace-Orders.dc.html","owner_approved","not_drawn",""
"ORD-02-W390-ready","ORD-02","مراجعة وإرسال طلب أو طلب سعر","ORD","W","390","ready","جاهز","M2","C-DOCPRV C-MONEY C-NOTICE","08-D4-Marketplace-Orders.dc.html","owner_approved","not_drawn",""
"ORD-02-W390-validation_error","ORD-02","مراجعة وإرسال طلب أو طلب سعر","ORD","W","390","validation_error","خطأ تحقق","M2","C-DOCPRV C-MONEY C-NOTICE","08-D4-Marketplace-Orders.dc.html","owner_approved","not_drawn",""
"ORD-02-W390-saving","ORD-02","مراجعة وإرسال طلب أو طلب سعر","ORD","W","390","saving","جارٍ الحفظ","M2","C-DOCPRV C-MONEY C-NOTICE","08-D4-Marketplace-Orders.dc.html","owner_approved","not_drawn",""
"ORD-02-W390-expired","ORD-02","مراجعة وإرسال طلب أو طلب سعر","ORD","W","390","expired","منتهي الصلاحية","M2","C-DOCPRV C-MONEY C-NOTICE","08-D4-Marketplace-Orders.dc.html","owner_approved","not_drawn",""
"ORD-02-W390-success","ORD-02","مراجعة وإرسال طلب أو طلب سعر","ORD","W","390","success","نجاح","M2","C-DOCPRV C-MONEY C-NOTICE","08-D4-Marketplace-Orders.dc.html","owner_approved","not_drawn",""
"ORD-02-W390-server_error","ORD-02","مراجعة وإرسال طلب أو طلب سعر","ORD","W","390","server_error","خطأ خادم","M2","C-DOCPRV C-MONEY C-NOTICE","08-D4-Marketplace-Orders.dc.html","owner_approved","not_drawn",""
"ORD-02-W834-ready","ORD-02","مراجعة وإرسال طلب أو طلب سعر","ORD","W","834","ready","جاهز","M2","C-DOCPRV C-MONEY C-NOTICE","08-D4-Marketplace-Orders.dc.html","owner_approved","not_drawn",""
"ORD-02-W834-validation_error","ORD-02","مراجعة وإرسال طلب أو طلب سعر","ORD","W","834","validation_error","خطأ تحقق","M2","C-DOCPRV C-MONEY C-NOTICE","08-D4-Marketplace-Orders.dc.html","owner_approved","not_drawn",""
"ORD-02-W834-saving","ORD-02","مراجعة وإرسال طلب أو طلب سعر","ORD","W","834","saving","جارٍ الحفظ","M2","C-DOCPRV C-MONEY C-NOTICE","08-D4-Marketplace-Orders.dc.html","owner_approved","not_drawn",""
"ORD-02-W834-expired","ORD-02","مراجعة وإرسال طلب أو طلب سعر","ORD","W","834","expired","منتهي الصلاحية","M2","C-DOCPRV C-MONEY C-NOTICE","08-D4-Marketplace-Orders.dc.html","owner_approved","not_drawn",""
"ORD-02-W834-success","ORD-02","مراجعة وإرسال طلب أو طلب سعر","ORD","W","834","success","نجاح","M2","C-DOCPRV C-MONEY C-NOTICE","08-D4-Marketplace-Orders.dc.html","owner_approved","not_drawn",""
"ORD-02-W834-server_error","ORD-02","مراجعة وإرسال طلب أو طلب سعر","ORD","W","834","server_error","خطأ خادم","M2","C-DOCPRV C-MONEY C-NOTICE","08-D4-Marketplace-Orders.dc.html","owner_approved","not_drawn",""
"ORD-02-W1440-ready","ORD-02","مراجعة وإرسال طلب أو طلب سعر","ORD","W","1440","ready","جاهز","M2","C-DOCPRV C-MONEY C-NOTICE","08-D4-Marketplace-Orders.dc.html","owner_approved","drawn","41-D33-Orders-Complete.dc.html#ORD-02"
"ORD-02-W1440-validation_error","ORD-02","مراجعة وإرسال طلب أو طلب سعر","ORD","W","1440","validation_error","خطأ تحقق","M2","C-DOCPRV C-MONEY C-NOTICE","08-D4-Marketplace-Orders.dc.html","owner_approved","drawn","41-D33-Orders-Complete.dc.html#ORD-02"
"ORD-02-W1440-saving","ORD-02","مراجعة وإرسال طلب أو طلب سعر","ORD","W","1440","saving","جارٍ الحفظ","M2","C-DOCPRV C-MONEY C-NOTICE","08-D4-Marketplace-Orders.dc.html","owner_approved","drawn","41-D33-Orders-Complete.dc.html#ORD-02"
"ORD-02-W1440-expired","ORD-02","مراجعة وإرسال طلب أو طلب سعر","ORD","W","1440","expired","منتهي الصلاحية","M2","C-DOCPRV C-MONEY C-NOTICE","08-D4-Marketplace-Orders.dc.html","owner_approved","drawn","10-D6-Marketplace-Orders-Completion.dc.html#ORD-02"
"ORD-02-W1440-success","ORD-02","مراجعة وإرسال طلب أو طلب سعر","ORD","W","1440","success","نجاح","M2","C-DOCPRV C-MONEY C-NOTICE","08-D4-Marketplace-Orders.dc.html","owner_approved","drawn","41-D33-Orders-Complete.dc.html#ORD-02"
"ORD-02-W1440-server_error","ORD-02","مراجعة وإرسال طلب أو طلب سعر","ORD","W","1440","server_error","خطأ خادم","M2","C-DOCPRV C-MONEY C-NOTICE","08-D4-Marketplace-Orders.dc.html","owner_approved","drawn","41-D33-Orders-Complete.dc.html#ORD-02"
"ORD-02-M390-ready","ORD-02","مراجعة وإرسال طلب أو طلب سعر","ORD","M","390","ready","جاهز","M2","C-DOCPRV C-MONEY C-NOTICE","08-D4-Marketplace-Orders.dc.html","owner_approved","not_drawn",""
"ORD-02-M390-validation_error","ORD-02","مراجعة وإرسال طلب أو طلب سعر","ORD","M","390","validation_error","خطأ تحقق","M2","C-DOCPRV C-MONEY C-NOTICE","08-D4-Marketplace-Orders.dc.html","owner_approved","not_drawn",""
"ORD-02-M390-saving","ORD-02","مراجعة وإرسال طلب أو طلب سعر","ORD","M","390","saving","جارٍ الحفظ","M2","C-DOCPRV C-MONEY C-NOTICE","08-D4-Marketplace-Orders.dc.html","owner_approved","not_drawn",""
"ORD-02-M390-expired","ORD-02","مراجعة وإرسال طلب أو طلب سعر","ORD","M","390","expired","منتهي الصلاحية","M2","C-DOCPRV C-MONEY C-NOTICE","08-D4-Marketplace-Orders.dc.html","owner_approved","not_drawn",""
"ORD-02-M390-success","ORD-02","مراجعة وإرسال طلب أو طلب سعر","ORD","M","390","success","نجاح","M2","C-DOCPRV C-MONEY C-NOTICE","08-D4-Marketplace-Orders.dc.html","owner_approved","not_drawn",""
"ORD-02-M390-server_error","ORD-02","مراجعة وإرسال طلب أو طلب سعر","ORD","M","390","server_error","خطأ خادم","M2","C-DOCPRV C-MONEY C-NOTICE","08-D4-Marketplace-Orders.dc.html","owner_approved","not_drawn",""
"ORD-02-D1366-ready","ORD-02","مراجعة وإرسال طلب أو طلب سعر","ORD","D","1366","ready","جاهز","M2","C-DOCPRV C-MONEY C-NOTICE","08-D4-Marketplace-Orders.dc.html","owner_approved","not_drawn",""
"ORD-02-D1366-validation_error","ORD-02","مراجعة وإرسال طلب أو طلب سعر","ORD","D","1366","validation_error","خطأ تحقق","M2","C-DOCPRV C-MONEY C-NOTICE","08-D4-Marketplace-Orders.dc.html","owner_approved","not_drawn",""
"ORD-02-D1366-saving","ORD-02","مراجعة وإرسال طلب أو طلب سعر","ORD","D","1366","saving","جارٍ الحفظ","M2","C-DOCPRV C-MONEY C-NOTICE","08-D4-Marketplace-Orders.dc.html","owner_approved","not_drawn",""
"ORD-02-D1366-expired","ORD-02","مراجعة وإرسال طلب أو طلب سعر","ORD","D","1366","expired","منتهي الصلاحية","M2","C-DOCPRV C-MONEY C-NOTICE","08-D4-Marketplace-Orders.dc.html","owner_approved","not_drawn",""
"ORD-02-D1366-success","ORD-02","مراجعة وإرسال طلب أو طلب سعر","ORD","D","1366","success","نجاح","M2","C-DOCPRV C-MONEY C-NOTICE","08-D4-Marketplace-Orders.dc.html","owner_approved","not_drawn",""
"ORD-02-D1366-server_error","ORD-02","مراجعة وإرسال طلب أو طلب سعر","ORD","D","1366","server_error","خطأ خادم","M2","C-DOCPRV C-MONEY C-NOTICE","08-D4-Marketplace-Orders.dc.html","owner_approved","not_drawn",""
"ORD-02-D1920-ready","ORD-02","مراجعة وإرسال طلب أو طلب سعر","ORD","D","1920","ready","جاهز","M2","C-DOCPRV C-MONEY C-NOTICE","08-D4-Marketplace-Orders.dc.html","owner_approved","not_drawn",""
"ORD-02-D1920-validation_error","ORD-02","مراجعة وإرسال طلب أو طلب سعر","ORD","D","1920","validation_error","خطأ تحقق","M2","C-DOCPRV C-MONEY C-NOTICE","08-D4-Marketplace-Orders.dc.html","owner_approved","not_drawn",""
"ORD-02-D1920-saving","ORD-02","مراجعة وإرسال طلب أو طلب سعر","ORD","D","1920","saving","جارٍ الحفظ","M2","C-DOCPRV C-MONEY C-NOTICE","08-D4-Marketplace-Orders.dc.html","owner_approved","not_drawn",""
"ORD-02-D1920-expired","ORD-02","مراجعة وإرسال طلب أو طلب سعر","ORD","D","1920","expired","منتهي الصلاحية","M2","C-DOCPRV C-MONEY C-NOTICE","08-D4-Marketplace-Orders.dc.html","owner_approved","not_drawn",""
"ORD-02-D1920-success","ORD-02","مراجعة وإرسال طلب أو طلب سعر","ORD","D","1920","success","نجاح","M2","C-DOCPRV C-MONEY C-NOTICE","08-D4-Marketplace-Orders.dc.html","owner_approved","not_drawn",""
"ORD-02-D1920-server_error","ORD-02","مراجعة وإرسال طلب أو طلب سعر","ORD","D","1920","server_error","خطأ خادم","M2","C-DOCPRV C-MONEY C-NOTICE","08-D4-Marketplace-Orders.dc.html","owner_approved","not_drawn",""
"ORD-03-W390-ready","ORD-03","طلبات المشتري","ORD","W","390","ready","جاهز","M2","C-TABLE C-STATUS C-FILTER","08-D4-Marketplace-Orders.dc.html","owner_approved","not_drawn",""
"ORD-03-W390-loading","ORD-03","طلبات المشتري","ORD","W","390","loading","تحميل","M2","C-TABLE C-STATUS C-FILTER","08-D4-Marketplace-Orders.dc.html","owner_approved","not_drawn",""
"ORD-03-W390-empty","ORD-03","طلبات المشتري","ORD","W","390","empty","فارغ","M2","C-TABLE C-STATUS C-FILTER","08-D4-Marketplace-Orders.dc.html","owner_approved","not_drawn",""
"ORD-03-W390-stale","ORD-03","طلبات المشتري","ORD","W","390","stale","بيانات قديمة","M2","C-TABLE C-STATUS C-FILTER","08-D4-Marketplace-Orders.dc.html","owner_approved","not_drawn",""
"ORD-03-W390-pending_sync","ORD-03","طلبات المشتري","ORD","W","390","pending_sync","معلّق المزامنة","M2","C-TABLE C-STATUS C-FILTER","08-D4-Marketplace-Orders.dc.html","owner_approved","not_drawn",""
"ORD-03-W834-ready","ORD-03","طلبات المشتري","ORD","W","834","ready","جاهز","M2","C-TABLE C-STATUS C-FILTER","08-D4-Marketplace-Orders.dc.html","owner_approved","not_drawn",""
"ORD-03-W834-loading","ORD-03","طلبات المشتري","ORD","W","834","loading","تحميل","M2","C-TABLE C-STATUS C-FILTER","08-D4-Marketplace-Orders.dc.html","owner_approved","not_drawn",""
"ORD-03-W834-empty","ORD-03","طلبات المشتري","ORD","W","834","empty","فارغ","M2","C-TABLE C-STATUS C-FILTER","08-D4-Marketplace-Orders.dc.html","owner_approved","not_drawn",""
"ORD-03-W834-stale","ORD-03","طلبات المشتري","ORD","W","834","stale","بيانات قديمة","M2","C-TABLE C-STATUS C-FILTER","08-D4-Marketplace-Orders.dc.html","owner_approved","not_drawn",""
"ORD-03-W834-pending_sync","ORD-03","طلبات المشتري","ORD","W","834","pending_sync","معلّق المزامنة","M2","C-TABLE C-STATUS C-FILTER","08-D4-Marketplace-Orders.dc.html","owner_approved","not_drawn",""
"ORD-03-W1440-ready","ORD-03","طلبات المشتري","ORD","W","1440","ready","جاهز","M2","C-TABLE C-STATUS C-FILTER","08-D4-Marketplace-Orders.dc.html","owner_approved","not_drawn",""
"ORD-03-W1440-loading","ORD-03","طلبات المشتري","ORD","W","1440","loading","تحميل","M2","C-TABLE C-STATUS C-FILTER","08-D4-Marketplace-Orders.dc.html","owner_approved","drawn","41-D33-Orders-Complete.dc.html#ORD-03"
"ORD-03-W1440-empty","ORD-03","طلبات المشتري","ORD","W","1440","empty","فارغ","M2","C-TABLE C-STATUS C-FILTER","08-D4-Marketplace-Orders.dc.html","owner_approved","drawn","41-D33-Orders-Complete.dc.html#ORD-03"
"ORD-03-W1440-stale","ORD-03","طلبات المشتري","ORD","W","1440","stale","بيانات قديمة","M2","C-TABLE C-STATUS C-FILTER","08-D4-Marketplace-Orders.dc.html","owner_approved","drawn","41-D33-Orders-Complete.dc.html#ORD-03"
"ORD-03-W1440-pending_sync","ORD-03","طلبات المشتري","ORD","W","1440","pending_sync","معلّق المزامنة","M2","C-TABLE C-STATUS C-FILTER","08-D4-Marketplace-Orders.dc.html","owner_approved","drawn","12-D7-Remaining-Screens.dc.html#ORD-03"
"ORD-03-M390-ready","ORD-03","طلبات المشتري","ORD","M","390","ready","جاهز","M2","C-TABLE C-STATUS C-FILTER","08-D4-Marketplace-Orders.dc.html","owner_approved","drawn","12-D7-Remaining-Screens.dc.html#ORD-03"
"ORD-03-M390-loading","ORD-03","طلبات المشتري","ORD","M","390","loading","تحميل","M2","C-TABLE C-STATUS C-FILTER","08-D4-Marketplace-Orders.dc.html","owner_approved","not_drawn",""
"ORD-03-M390-empty","ORD-03","طلبات المشتري","ORD","M","390","empty","فارغ","M2","C-TABLE C-STATUS C-FILTER","08-D4-Marketplace-Orders.dc.html","owner_approved","not_drawn",""
"ORD-03-M390-stale","ORD-03","طلبات المشتري","ORD","M","390","stale","بيانات قديمة","M2","C-TABLE C-STATUS C-FILTER","08-D4-Marketplace-Orders.dc.html","owner_approved","not_drawn",""
"ORD-03-M390-pending_sync","ORD-03","طلبات المشتري","ORD","M","390","pending_sync","معلّق المزامنة","M2","C-TABLE C-STATUS C-FILTER","08-D4-Marketplace-Orders.dc.html","owner_approved","not_drawn",""
"ORD-03-D1366-ready","ORD-03","طلبات المشتري","ORD","D","1366","ready","جاهز","M2","C-TABLE C-STATUS C-FILTER","08-D4-Marketplace-Orders.dc.html","owner_approved","not_drawn",""
"ORD-03-D1366-loading","ORD-03","طلبات المشتري","ORD","D","1366","loading","تحميل","M2","C-TABLE C-STATUS C-FILTER","08-D4-Marketplace-Orders.dc.html","owner_approved","not_drawn",""
"ORD-03-D1366-empty","ORD-03","طلبات المشتري","ORD","D","1366","empty","فارغ","M2","C-TABLE C-STATUS C-FILTER","08-D4-Marketplace-Orders.dc.html","owner_approved","not_drawn",""
"ORD-03-D1366-stale","ORD-03","طلبات المشتري","ORD","D","1366","stale","بيانات قديمة","M2","C-TABLE C-STATUS C-FILTER","08-D4-Marketplace-Orders.dc.html","owner_approved","not_drawn",""
"ORD-03-D1366-pending_sync","ORD-03","طلبات المشتري","ORD","D","1366","pending_sync","معلّق المزامنة","M2","C-TABLE C-STATUS C-FILTER","08-D4-Marketplace-Orders.dc.html","owner_approved","not_drawn",""
"ORD-03-D1920-ready","ORD-03","طلبات المشتري","ORD","D","1920","ready","جاهز","M2","C-TABLE C-STATUS C-FILTER","08-D4-Marketplace-Orders.dc.html","owner_approved","not_drawn",""
"ORD-03-D1920-loading","ORD-03","طلبات المشتري","ORD","D","1920","loading","تحميل","M2","C-TABLE C-STATUS C-FILTER","08-D4-Marketplace-Orders.dc.html","owner_approved","not_drawn",""
"ORD-03-D1920-empty","ORD-03","طلبات المشتري","ORD","D","1920","empty","فارغ","M2","C-TABLE C-STATUS C-FILTER","08-D4-Marketplace-Orders.dc.html","owner_approved","not_drawn",""
"ORD-03-D1920-stale","ORD-03","طلبات المشتري","ORD","D","1920","stale","بيانات قديمة","M2","C-TABLE C-STATUS C-FILTER","08-D4-Marketplace-Orders.dc.html","owner_approved","not_drawn",""
"ORD-03-D1920-pending_sync","ORD-03","طلبات المشتري","ORD","D","1920","pending_sync","معلّق المزامنة","M2","C-TABLE C-STATUS C-FILTER","08-D4-Marketplace-Orders.dc.html","owner_approved","not_drawn",""
"ORD-04-W390-ready","ORD-04","طلبات المورد","ORD","W","390","ready","جاهز","M2","C-TABLE C-STATUS C-FILTER","08-D4-Marketplace-Orders.dc.html","owner_approved","not_drawn",""
"ORD-04-W390-loading","ORD-04","طلبات المورد","ORD","W","390","loading","تحميل","M2","C-TABLE C-STATUS C-FILTER","08-D4-Marketplace-Orders.dc.html","owner_approved","not_drawn",""
"ORD-04-W390-empty","ORD-04","طلبات المورد","ORD","W","390","empty","فارغ","M2","C-TABLE C-STATUS C-FILTER","08-D4-Marketplace-Orders.dc.html","owner_approved","not_drawn",""
"ORD-04-W390-expired","ORD-04","طلبات المورد","ORD","W","390","expired","منتهي الصلاحية","M2","C-TABLE C-STATUS C-FILTER","08-D4-Marketplace-Orders.dc.html","owner_approved","not_drawn",""
"ORD-04-W834-ready","ORD-04","طلبات المورد","ORD","W","834","ready","جاهز","M2","C-TABLE C-STATUS C-FILTER","08-D4-Marketplace-Orders.dc.html","owner_approved","not_drawn",""
"ORD-04-W834-loading","ORD-04","طلبات المورد","ORD","W","834","loading","تحميل","M2","C-TABLE C-STATUS C-FILTER","08-D4-Marketplace-Orders.dc.html","owner_approved","not_drawn",""
"ORD-04-W834-empty","ORD-04","طلبات المورد","ORD","W","834","empty","فارغ","M2","C-TABLE C-STATUS C-FILTER","08-D4-Marketplace-Orders.dc.html","owner_approved","not_drawn",""
"ORD-04-W834-expired","ORD-04","طلبات المورد","ORD","W","834","expired","منتهي الصلاحية","M2","C-TABLE C-STATUS C-FILTER","08-D4-Marketplace-Orders.dc.html","owner_approved","not_drawn",""
"ORD-04-W1440-ready","ORD-04","طلبات المورد","ORD","W","1440","ready","جاهز","M2","C-TABLE C-STATUS C-FILTER","08-D4-Marketplace-Orders.dc.html","owner_approved","drawn","27-D20-Org-Orders-Complete.dc.html#ORD-04"
"ORD-04-W1440-loading","ORD-04","طلبات المورد","ORD","W","1440","loading","تحميل","M2","C-TABLE C-STATUS C-FILTER","08-D4-Marketplace-Orders.dc.html","owner_approved","drawn","41-D33-Orders-Complete.dc.html#ORD-04"
"ORD-04-W1440-empty","ORD-04","طلبات المورد","ORD","W","1440","empty","فارغ","M2","C-TABLE C-STATUS C-FILTER","08-D4-Marketplace-Orders.dc.html","owner_approved","drawn","12-D7-Remaining-Screens.dc.html#ORD-04"
"ORD-04-W1440-expired","ORD-04","طلبات المورد","ORD","W","1440","expired","منتهي الصلاحية","M2","C-TABLE C-STATUS C-FILTER","08-D4-Marketplace-Orders.dc.html","owner_approved","drawn","27-D20-Org-Orders-Complete.dc.html#ORD-04"
"ORD-04-M390-ready","ORD-04","طلبات المورد","ORD","M","390","ready","جاهز","M2","C-TABLE C-STATUS C-FILTER","08-D4-Marketplace-Orders.dc.html","owner_approved","not_drawn",""
"ORD-04-M390-loading","ORD-04","طلبات المورد","ORD","M","390","loading","تحميل","M2","C-TABLE C-STATUS C-FILTER","08-D4-Marketplace-Orders.dc.html","owner_approved","not_drawn",""
"ORD-04-M390-empty","ORD-04","طلبات المورد","ORD","M","390","empty","فارغ","M2","C-TABLE C-STATUS C-FILTER","08-D4-Marketplace-Orders.dc.html","owner_approved","not_drawn",""
"ORD-04-M390-expired","ORD-04","طلبات المورد","ORD","M","390","expired","منتهي الصلاحية","M2","C-TABLE C-STATUS C-FILTER","08-D4-Marketplace-Orders.dc.html","owner_approved","not_drawn",""
"ORD-04-D1366-ready","ORD-04","طلبات المورد","ORD","D","1366","ready","جاهز","M2","C-TABLE C-STATUS C-FILTER","08-D4-Marketplace-Orders.dc.html","owner_approved","not_drawn",""
"ORD-04-D1366-loading","ORD-04","طلبات المورد","ORD","D","1366","loading","تحميل","M2","C-TABLE C-STATUS C-FILTER","08-D4-Marketplace-Orders.dc.html","owner_approved","not_drawn",""
"ORD-04-D1366-empty","ORD-04","طلبات المورد","ORD","D","1366","empty","فارغ","M2","C-TABLE C-STATUS C-FILTER","08-D4-Marketplace-Orders.dc.html","owner_approved","not_drawn",""
"ORD-04-D1366-expired","ORD-04","طلبات المورد","ORD","D","1366","expired","منتهي الصلاحية","M2","C-TABLE C-STATUS C-FILTER","08-D4-Marketplace-Orders.dc.html","owner_approved","not_drawn",""
"ORD-04-D1920-ready","ORD-04","طلبات المورد","ORD","D","1920","ready","جاهز","M2","C-TABLE C-STATUS C-FILTER","08-D4-Marketplace-Orders.dc.html","owner_approved","not_drawn",""
"ORD-04-D1920-loading","ORD-04","طلبات المورد","ORD","D","1920","loading","تحميل","M2","C-TABLE C-STATUS C-FILTER","08-D4-Marketplace-Orders.dc.html","owner_approved","not_drawn",""
"ORD-04-D1920-empty","ORD-04","طلبات المورد","ORD","D","1920","empty","فارغ","M2","C-TABLE C-STATUS C-FILTER","08-D4-Marketplace-Orders.dc.html","owner_approved","not_drawn",""
"ORD-04-D1920-expired","ORD-04","طلبات المورد","ORD","D","1920","expired","منتهي الصلاحية","M2","C-TABLE C-STATUS C-FILTER","08-D4-Marketplace-Orders.dc.html","owner_approved","not_drawn",""
"ORD-05-W390-ready","ORD-05","تفاصيل الطلب وسجل الإصدارات","ORD","W","390","ready","جاهز","M2","C-ORDTL C-DOCPRV C-STATUS","08-D4-Marketplace-Orders.dc.html","owner_approved","not_drawn",""
"ORD-05-W390-loading","ORD-05","تفاصيل الطلب وسجل الإصدارات","ORD","W","390","loading","تحميل","M2","C-ORDTL C-DOCPRV C-STATUS","08-D4-Marketplace-Orders.dc.html","owner_approved","not_drawn",""
"ORD-05-W390-partial","ORD-05","تفاصيل الطلب وسجل الإصدارات","ORD","W","390","partial","جزئي","M2","C-ORDTL C-DOCPRV C-STATUS","08-D4-Marketplace-Orders.dc.html","owner_approved","not_drawn",""
"ORD-05-W390-conflict","ORD-05","تفاصيل الطلب وسجل الإصدارات","ORD","W","390","conflict","تعارض","M2","C-ORDTL C-DOCPRV C-STATUS","08-D4-Marketplace-Orders.dc.html","owner_approved","not_drawn",""
"ORD-05-W390-permission_denied","ORD-05","تفاصيل الطلب وسجل الإصدارات","ORD","W","390","permission_denied","صلاحية مرفوضة","M2","C-ORDTL C-DOCPRV C-STATUS","08-D4-Marketplace-Orders.dc.html","owner_approved","not_drawn",""
"ORD-05-W834-ready","ORD-05","تفاصيل الطلب وسجل الإصدارات","ORD","W","834","ready","جاهز","M2","C-ORDTL C-DOCPRV C-STATUS","08-D4-Marketplace-Orders.dc.html","owner_approved","not_drawn",""
"ORD-05-W834-loading","ORD-05","تفاصيل الطلب وسجل الإصدارات","ORD","W","834","loading","تحميل","M2","C-ORDTL C-DOCPRV C-STATUS","08-D4-Marketplace-Orders.dc.html","owner_approved","not_drawn",""
"ORD-05-W834-partial","ORD-05","تفاصيل الطلب وسجل الإصدارات","ORD","W","834","partial","جزئي","M2","C-ORDTL C-DOCPRV C-STATUS","08-D4-Marketplace-Orders.dc.html","owner_approved","not_drawn",""
"ORD-05-W834-conflict","ORD-05","تفاصيل الطلب وسجل الإصدارات","ORD","W","834","conflict","تعارض","M2","C-ORDTL C-DOCPRV C-STATUS","08-D4-Marketplace-Orders.dc.html","owner_approved","not_drawn",""
"ORD-05-W834-permission_denied","ORD-05","تفاصيل الطلب وسجل الإصدارات","ORD","W","834","permission_denied","صلاحية مرفوضة","M2","C-ORDTL C-DOCPRV C-STATUS","08-D4-Marketplace-Orders.dc.html","owner_approved","not_drawn",""
"ORD-05-W1440-ready","ORD-05","تفاصيل الطلب وسجل الإصدارات","ORD","W","1440","ready","جاهز","M2","C-ORDTL C-DOCPRV C-STATUS","08-D4-Marketplace-Orders.dc.html","owner_approved","drawn","41-D33-Orders-Complete.dc.html#ORD-05"
"ORD-05-W1440-loading","ORD-05","تفاصيل الطلب وسجل الإصدارات","ORD","W","1440","loading","تحميل","M2","C-ORDTL C-DOCPRV C-STATUS","08-D4-Marketplace-Orders.dc.html","owner_approved","drawn","41-D33-Orders-Complete.dc.html#ORD-05"
"ORD-05-W1440-partial","ORD-05","تفاصيل الطلب وسجل الإصدارات","ORD","W","1440","partial","جزئي","M2","C-ORDTL C-DOCPRV C-STATUS","08-D4-Marketplace-Orders.dc.html","owner_approved","drawn","10-D6-Marketplace-Orders-Completion.dc.html#ORD-05"
"ORD-05-W1440-conflict","ORD-05","تفاصيل الطلب وسجل الإصدارات","ORD","W","1440","conflict","تعارض","M2","C-ORDTL C-DOCPRV C-STATUS","08-D4-Marketplace-Orders.dc.html","owner_approved","drawn","41-D33-Orders-Complete.dc.html#ORD-05"
"ORD-05-W1440-permission_denied","ORD-05","تفاصيل الطلب وسجل الإصدارات","ORD","W","1440","permission_denied","صلاحية مرفوضة","M2","C-ORDTL C-DOCPRV C-STATUS","08-D4-Marketplace-Orders.dc.html","owner_approved","drawn","41-D33-Orders-Complete.dc.html#ORD-05"
"ORD-05-M390-ready","ORD-05","تفاصيل الطلب وسجل الإصدارات","ORD","M","390","ready","جاهز","M2","C-ORDTL C-DOCPRV C-STATUS","08-D4-Marketplace-Orders.dc.html","owner_approved","not_drawn",""
"ORD-05-M390-loading","ORD-05","تفاصيل الطلب وسجل الإصدارات","ORD","M","390","loading","تحميل","M2","C-ORDTL C-DOCPRV C-STATUS","08-D4-Marketplace-Orders.dc.html","owner_approved","not_drawn",""
"ORD-05-M390-partial","ORD-05","تفاصيل الطلب وسجل الإصدارات","ORD","M","390","partial","جزئي","M2","C-ORDTL C-DOCPRV C-STATUS","08-D4-Marketplace-Orders.dc.html","owner_approved","not_drawn",""
"ORD-05-M390-conflict","ORD-05","تفاصيل الطلب وسجل الإصدارات","ORD","M","390","conflict","تعارض","M2","C-ORDTL C-DOCPRV C-STATUS","08-D4-Marketplace-Orders.dc.html","owner_approved","not_drawn",""
"ORD-05-M390-permission_denied","ORD-05","تفاصيل الطلب وسجل الإصدارات","ORD","M","390","permission_denied","صلاحية مرفوضة","M2","C-ORDTL C-DOCPRV C-STATUS","08-D4-Marketplace-Orders.dc.html","owner_approved","not_drawn",""
"ORD-05-D1366-ready","ORD-05","تفاصيل الطلب وسجل الإصدارات","ORD","D","1366","ready","جاهز","M2","C-ORDTL C-DOCPRV C-STATUS","08-D4-Marketplace-Orders.dc.html","owner_approved","not_drawn",""
"ORD-05-D1366-loading","ORD-05","تفاصيل الطلب وسجل الإصدارات","ORD","D","1366","loading","تحميل","M2","C-ORDTL C-DOCPRV C-STATUS","08-D4-Marketplace-Orders.dc.html","owner_approved","not_drawn",""
"ORD-05-D1366-partial","ORD-05","تفاصيل الطلب وسجل الإصدارات","ORD","D","1366","partial","جزئي","M2","C-ORDTL C-DOCPRV C-STATUS","08-D4-Marketplace-Orders.dc.html","owner_approved","not_drawn",""
"ORD-05-D1366-conflict","ORD-05","تفاصيل الطلب وسجل الإصدارات","ORD","D","1366","conflict","تعارض","M2","C-ORDTL C-DOCPRV C-STATUS","08-D4-Marketplace-Orders.dc.html","owner_approved","not_drawn",""
"ORD-05-D1366-permission_denied","ORD-05","تفاصيل الطلب وسجل الإصدارات","ORD","D","1366","permission_denied","صلاحية مرفوضة","M2","C-ORDTL C-DOCPRV C-STATUS","08-D4-Marketplace-Orders.dc.html","owner_approved","not_drawn",""
"ORD-05-D1920-ready","ORD-05","تفاصيل الطلب وسجل الإصدارات","ORD","D","1920","ready","جاهز","M2","C-ORDTL C-DOCPRV C-STATUS","08-D4-Marketplace-Orders.dc.html","owner_approved","not_drawn",""
"ORD-05-D1920-loading","ORD-05","تفاصيل الطلب وسجل الإصدارات","ORD","D","1920","loading","تحميل","M2","C-ORDTL C-DOCPRV C-STATUS","08-D4-Marketplace-Orders.dc.html","owner_approved","not_drawn",""
"ORD-05-D1920-partial","ORD-05","تفاصيل الطلب وسجل الإصدارات","ORD","D","1920","partial","جزئي","M2","C-ORDTL C-DOCPRV C-STATUS","08-D4-Marketplace-Orders.dc.html","owner_approved","not_drawn",""
"ORD-05-D1920-conflict","ORD-05","تفاصيل الطلب وسجل الإصدارات","ORD","D","1920","conflict","تعارض","M2","C-ORDTL C-DOCPRV C-STATUS","08-D4-Marketplace-Orders.dc.html","owner_approved","not_drawn",""
"ORD-05-D1920-permission_denied","ORD-05","تفاصيل الطلب وسجل الإصدارات","ORD","D","1920","permission_denied","صلاحية مرفوضة","M2","C-ORDTL C-DOCPRV C-STATUS","08-D4-Marketplace-Orders.dc.html","owner_approved","not_drawn",""
"ORD-06-W390-ready","ORD-06","إعداد عرض سعر من المورد","ORD","W","390","ready","جاهز","M2","C-QUOTE C-MONEY C-QTYUNIT","08-D4-Marketplace-Orders.dc.html","owner_approved","not_drawn",""
"ORD-06-W390-validation_error","ORD-06","إعداد عرض سعر من المورد","ORD","W","390","validation_error","خطأ تحقق","M2","C-QUOTE C-MONEY C-QTYUNIT","08-D4-Marketplace-Orders.dc.html","owner_approved","not_drawn",""
"ORD-06-W390-saving","ORD-06","إعداد عرض سعر من المورد","ORD","W","390","saving","جارٍ الحفظ","M2","C-QUOTE C-MONEY C-QTYUNIT","08-D4-Marketplace-Orders.dc.html","owner_approved","not_drawn",""
"ORD-06-W390-expired","ORD-06","إعداد عرض سعر من المورد","ORD","W","390","expired","منتهي الصلاحية","M2","C-QUOTE C-MONEY C-QTYUNIT","08-D4-Marketplace-Orders.dc.html","owner_approved","not_drawn",""
"ORD-06-W390-success","ORD-06","إعداد عرض سعر من المورد","ORD","W","390","success","نجاح","M2","C-QUOTE C-MONEY C-QTYUNIT","08-D4-Marketplace-Orders.dc.html","owner_approved","not_drawn",""
"ORD-06-W834-ready","ORD-06","إعداد عرض سعر من المورد","ORD","W","834","ready","جاهز","M2","C-QUOTE C-MONEY C-QTYUNIT","08-D4-Marketplace-Orders.dc.html","owner_approved","not_drawn",""
"ORD-06-W834-validation_error","ORD-06","إعداد عرض سعر من المورد","ORD","W","834","validation_error","خطأ تحقق","M2","C-QUOTE C-MONEY C-QTYUNIT","08-D4-Marketplace-Orders.dc.html","owner_approved","not_drawn",""
"ORD-06-W834-saving","ORD-06","إعداد عرض سعر من المورد","ORD","W","834","saving","جارٍ الحفظ","M2","C-QUOTE C-MONEY C-QTYUNIT","08-D4-Marketplace-Orders.dc.html","owner_approved","not_drawn",""
"ORD-06-W834-expired","ORD-06","إعداد عرض سعر من المورد","ORD","W","834","expired","منتهي الصلاحية","M2","C-QUOTE C-MONEY C-QTYUNIT","08-D4-Marketplace-Orders.dc.html","owner_approved","not_drawn",""
"ORD-06-W834-success","ORD-06","إعداد عرض سعر من المورد","ORD","W","834","success","نجاح","M2","C-QUOTE C-MONEY C-QTYUNIT","08-D4-Marketplace-Orders.dc.html","owner_approved","not_drawn",""
"ORD-06-W1440-ready","ORD-06","إعداد عرض سعر من المورد","ORD","W","1440","ready","جاهز","M2","C-QUOTE C-MONEY C-QTYUNIT","08-D4-Marketplace-Orders.dc.html","owner_approved","drawn","41-D33-Orders-Complete.dc.html#ORD-06"
"ORD-06-W1440-validation_error","ORD-06","إعداد عرض سعر من المورد","ORD","W","1440","validation_error","خطأ تحقق","M2","C-QUOTE C-MONEY C-QTYUNIT","08-D4-Marketplace-Orders.dc.html","owner_approved","drawn","41-D33-Orders-Complete.dc.html#ORD-06"
"ORD-06-W1440-saving","ORD-06","إعداد عرض سعر من المورد","ORD","W","1440","saving","جارٍ الحفظ","M2","C-QUOTE C-MONEY C-QTYUNIT","08-D4-Marketplace-Orders.dc.html","owner_approved","drawn","41-D33-Orders-Complete.dc.html#ORD-06"
"ORD-06-W1440-expired","ORD-06","إعداد عرض سعر من المورد","ORD","W","1440","expired","منتهي الصلاحية","M2","C-QUOTE C-MONEY C-QTYUNIT","08-D4-Marketplace-Orders.dc.html","owner_approved","drawn","41-D33-Orders-Complete.dc.html#ORD-06"
"ORD-06-W1440-success","ORD-06","إعداد عرض سعر من المورد","ORD","W","1440","success","نجاح","M2","C-QUOTE C-MONEY C-QTYUNIT","08-D4-Marketplace-Orders.dc.html","owner_approved","drawn","41-D33-Orders-Complete.dc.html#ORD-06"
"ORD-06-M390-ready","ORD-06","إعداد عرض سعر من المورد","ORD","M","390","ready","جاهز","M2","C-QUOTE C-MONEY C-QTYUNIT","08-D4-Marketplace-Orders.dc.html","owner_approved","not_drawn",""
"ORD-06-M390-validation_error","ORD-06","إعداد عرض سعر من المورد","ORD","M","390","validation_error","خطأ تحقق","M2","C-QUOTE C-MONEY C-QTYUNIT","08-D4-Marketplace-Orders.dc.html","owner_approved","not_drawn",""
"ORD-06-M390-saving","ORD-06","إعداد عرض سعر من المورد","ORD","M","390","saving","جارٍ الحفظ","M2","C-QUOTE C-MONEY C-QTYUNIT","08-D4-Marketplace-Orders.dc.html","owner_approved","not_drawn",""
"ORD-06-M390-expired","ORD-06","إعداد عرض سعر من المورد","ORD","M","390","expired","منتهي الصلاحية","M2","C-QUOTE C-MONEY C-QTYUNIT","08-D4-Marketplace-Orders.dc.html","owner_approved","not_drawn",""
"ORD-06-M390-success","ORD-06","إعداد عرض سعر من المورد","ORD","M","390","success","نجاح","M2","C-QUOTE C-MONEY C-QTYUNIT","08-D4-Marketplace-Orders.dc.html","owner_approved","not_drawn",""
"ORD-06-D1366-ready","ORD-06","إعداد عرض سعر من المورد","ORD","D","1366","ready","جاهز","M2","C-QUOTE C-MONEY C-QTYUNIT","08-D4-Marketplace-Orders.dc.html","owner_approved","not_drawn",""
"ORD-06-D1366-validation_error","ORD-06","إعداد عرض سعر من المورد","ORD","D","1366","validation_error","خطأ تحقق","M2","C-QUOTE C-MONEY C-QTYUNIT","08-D4-Marketplace-Orders.dc.html","owner_approved","not_drawn",""
"ORD-06-D1366-saving","ORD-06","إعداد عرض سعر من المورد","ORD","D","1366","saving","جارٍ الحفظ","M2","C-QUOTE C-MONEY C-QTYUNIT","08-D4-Marketplace-Orders.dc.html","owner_approved","not_drawn",""
"ORD-06-D1366-expired","ORD-06","إعداد عرض سعر من المورد","ORD","D","1366","expired","منتهي الصلاحية","M2","C-QUOTE C-MONEY C-QTYUNIT","08-D4-Marketplace-Orders.dc.html","owner_approved","not_drawn",""
"ORD-06-D1366-success","ORD-06","إعداد عرض سعر من المورد","ORD","D","1366","success","نجاح","M2","C-QUOTE C-MONEY C-QTYUNIT","08-D4-Marketplace-Orders.dc.html","owner_approved","not_drawn",""
"ORD-06-D1920-ready","ORD-06","إعداد عرض سعر من المورد","ORD","D","1920","ready","جاهز","M2","C-QUOTE C-MONEY C-QTYUNIT","08-D4-Marketplace-Orders.dc.html","owner_approved","not_drawn",""
"ORD-06-D1920-validation_error","ORD-06","إعداد عرض سعر من المورد","ORD","D","1920","validation_error","خطأ تحقق","M2","C-QUOTE C-MONEY C-QTYUNIT","08-D4-Marketplace-Orders.dc.html","owner_approved","not_drawn",""
"ORD-06-D1920-saving","ORD-06","إعداد عرض سعر من المورد","ORD","D","1920","saving","جارٍ الحفظ","M2","C-QUOTE C-MONEY C-QTYUNIT","08-D4-Marketplace-Orders.dc.html","owner_approved","not_drawn",""
"ORD-06-D1920-expired","ORD-06","إعداد عرض سعر من المورد","ORD","D","1920","expired","منتهي الصلاحية","M2","C-QUOTE C-MONEY C-QTYUNIT","08-D4-Marketplace-Orders.dc.html","owner_approved","not_drawn",""
"ORD-06-D1920-success","ORD-06","إعداد عرض سعر من المورد","ORD","D","1920","success","نجاح","M2","C-QUOTE C-MONEY C-QTYUNIT","08-D4-Marketplace-Orders.dc.html","owner_approved","not_drawn",""
"ORD-06-W390-partial","ORD-06","إعداد عرض سعر من المورد","ORD","W","390","partial","جزئي","M2","C-QUOTE C-MONEY C-QTYUNIT","08-D4-Marketplace-Orders.dc.html","owner_approved","not_drawn",""
"ORD-06-W834-partial","ORD-06","إعداد عرض سعر من المورد","ORD","W","834","partial","جزئي","M2","C-QUOTE C-MONEY C-QTYUNIT","08-D4-Marketplace-Orders.dc.html","owner_approved","not_drawn",""
"ORD-06-W1440-partial","ORD-06","إعداد عرض سعر من المورد","ORD","W","1440","partial","جزئي","M2","C-QUOTE C-MONEY C-QTYUNIT","08-D4-Marketplace-Orders.dc.html","owner_approved","drawn","12-D7-Remaining-Screens.dc.html#ORD-06"
"ORD-06-M390-partial","ORD-06","إعداد عرض سعر من المورد","ORD","M","390","partial","جزئي","M2","C-QUOTE C-MONEY C-QTYUNIT","08-D4-Marketplace-Orders.dc.html","owner_approved","not_drawn",""
"ORD-06-D1366-partial","ORD-06","إعداد عرض سعر من المورد","ORD","D","1366","partial","جزئي","M2","C-QUOTE C-MONEY C-QTYUNIT","08-D4-Marketplace-Orders.dc.html","owner_approved","not_drawn",""
"ORD-06-D1920-partial","ORD-06","إعداد عرض سعر من المورد","ORD","D","1920","partial","جزئي","M2","C-QUOTE C-MONEY C-QTYUNIT","08-D4-Marketplace-Orders.dc.html","owner_approved","not_drawn",""
"ORD-07-W390-ready","ORD-07","مقارنة العرض وقبوله أو رفضه","ORD","W","390","ready","جاهز","M2","C-QUOTE C-DIALOG C-NOTICE","08-D4-Marketplace-Orders.dc.html","owner_approved","not_drawn",""
"ORD-07-W390-validation_error","ORD-07","مقارنة العرض وقبوله أو رفضه","ORD","W","390","validation_error","خطأ تحقق","M2","C-QUOTE C-DIALOG C-NOTICE","08-D4-Marketplace-Orders.dc.html","owner_approved","not_drawn",""
"ORD-07-W390-expired","ORD-07","مقارنة العرض وقبوله أو رفضه","ORD","W","390","expired","منتهي الصلاحية","M2","C-QUOTE C-DIALOG C-NOTICE","08-D4-Marketplace-Orders.dc.html","owner_approved","not_drawn",""
"ORD-07-W390-conflict","ORD-07","مقارنة العرض وقبوله أو رفضه","ORD","W","390","conflict","تعارض","M2","C-QUOTE C-DIALOG C-NOTICE","08-D4-Marketplace-Orders.dc.html","owner_approved","not_drawn",""
"ORD-07-W390-success","ORD-07","مقارنة العرض وقبوله أو رفضه","ORD","W","390","success","نجاح","M2","C-QUOTE C-DIALOG C-NOTICE","08-D4-Marketplace-Orders.dc.html","owner_approved","not_drawn",""
"ORD-07-W834-ready","ORD-07","مقارنة العرض وقبوله أو رفضه","ORD","W","834","ready","جاهز","M2","C-QUOTE C-DIALOG C-NOTICE","08-D4-Marketplace-Orders.dc.html","owner_approved","not_drawn",""
"ORD-07-W834-validation_error","ORD-07","مقارنة العرض وقبوله أو رفضه","ORD","W","834","validation_error","خطأ تحقق","M2","C-QUOTE C-DIALOG C-NOTICE","08-D4-Marketplace-Orders.dc.html","owner_approved","not_drawn",""
"ORD-07-W834-expired","ORD-07","مقارنة العرض وقبوله أو رفضه","ORD","W","834","expired","منتهي الصلاحية","M2","C-QUOTE C-DIALOG C-NOTICE","08-D4-Marketplace-Orders.dc.html","owner_approved","not_drawn",""
"ORD-07-W834-conflict","ORD-07","مقارنة العرض وقبوله أو رفضه","ORD","W","834","conflict","تعارض","M2","C-QUOTE C-DIALOG C-NOTICE","08-D4-Marketplace-Orders.dc.html","owner_approved","not_drawn",""
"ORD-07-W834-success","ORD-07","مقارنة العرض وقبوله أو رفضه","ORD","W","834","success","نجاح","M2","C-QUOTE C-DIALOG C-NOTICE","08-D4-Marketplace-Orders.dc.html","owner_approved","not_drawn",""
"ORD-07-W1440-ready","ORD-07","مقارنة العرض وقبوله أو رفضه","ORD","W","1440","ready","جاهز","M2","C-QUOTE C-DIALOG C-NOTICE","08-D4-Marketplace-Orders.dc.html","owner_approved","drawn","41-D33-Orders-Complete.dc.html#ORD-07"
"ORD-07-W1440-validation_error","ORD-07","مقارنة العرض وقبوله أو رفضه","ORD","W","1440","validation_error","خطأ تحقق","M2","C-QUOTE C-DIALOG C-NOTICE","08-D4-Marketplace-Orders.dc.html","owner_approved","drawn","41-D33-Orders-Complete.dc.html#ORD-07"
"ORD-07-W1440-expired","ORD-07","مقارنة العرض وقبوله أو رفضه","ORD","W","1440","expired","منتهي الصلاحية","M2","C-QUOTE C-DIALOG C-NOTICE","08-D4-Marketplace-Orders.dc.html","owner_approved","drawn","41-D33-Orders-Complete.dc.html#ORD-07"
"ORD-07-W1440-conflict","ORD-07","مقارنة العرض وقبوله أو رفضه","ORD","W","1440","conflict","تعارض","M2","C-QUOTE C-DIALOG C-NOTICE","08-D4-Marketplace-Orders.dc.html","owner_approved","drawn","08-D4-Marketplace-Orders.dc.html#ORD-07"
"ORD-07-W1440-success","ORD-07","مقارنة العرض وقبوله أو رفضه","ORD","W","1440","success","نجاح","M2","C-QUOTE C-DIALOG C-NOTICE","08-D4-Marketplace-Orders.dc.html","owner_approved","drawn","41-D33-Orders-Complete.dc.html#ORD-07"
"ORD-07-M390-ready","ORD-07","مقارنة العرض وقبوله أو رفضه","ORD","M","390","ready","جاهز","M2","C-QUOTE C-DIALOG C-NOTICE","08-D4-Marketplace-Orders.dc.html","owner_approved","not_drawn",""
"ORD-07-M390-validation_error","ORD-07","مقارنة العرض وقبوله أو رفضه","ORD","M","390","validation_error","خطأ تحقق","M2","C-QUOTE C-DIALOG C-NOTICE","08-D4-Marketplace-Orders.dc.html","owner_approved","not_drawn",""
"ORD-07-M390-expired","ORD-07","مقارنة العرض وقبوله أو رفضه","ORD","M","390","expired","منتهي الصلاحية","M2","C-QUOTE C-DIALOG C-NOTICE","08-D4-Marketplace-Orders.dc.html","owner_approved","not_drawn",""
"ORD-07-M390-conflict","ORD-07","مقارنة العرض وقبوله أو رفضه","ORD","M","390","conflict","تعارض","M2","C-QUOTE C-DIALOG C-NOTICE","08-D4-Marketplace-Orders.dc.html","owner_approved","not_drawn",""
"ORD-07-M390-success","ORD-07","مقارنة العرض وقبوله أو رفضه","ORD","M","390","success","نجاح","M2","C-QUOTE C-DIALOG C-NOTICE","08-D4-Marketplace-Orders.dc.html","owner_approved","not_drawn",""
"ORD-07-D1366-ready","ORD-07","مقارنة العرض وقبوله أو رفضه","ORD","D","1366","ready","جاهز","M2","C-QUOTE C-DIALOG C-NOTICE","08-D4-Marketplace-Orders.dc.html","owner_approved","not_drawn",""
"ORD-07-D1366-validation_error","ORD-07","مقارنة العرض وقبوله أو رفضه","ORD","D","1366","validation_error","خطأ تحقق","M2","C-QUOTE C-DIALOG C-NOTICE","08-D4-Marketplace-Orders.dc.html","owner_approved","not_drawn",""
"ORD-07-D1366-expired","ORD-07","مقارنة العرض وقبوله أو رفضه","ORD","D","1366","expired","منتهي الصلاحية","M2","C-QUOTE C-DIALOG C-NOTICE","08-D4-Marketplace-Orders.dc.html","owner_approved","not_drawn",""
"ORD-07-D1366-conflict","ORD-07","مقارنة العرض وقبوله أو رفضه","ORD","D","1366","conflict","تعارض","M2","C-QUOTE C-DIALOG C-NOTICE","08-D4-Marketplace-Orders.dc.html","owner_approved","not_drawn",""
"ORD-07-D1366-success","ORD-07","مقارنة العرض وقبوله أو رفضه","ORD","D","1366","success","نجاح","M2","C-QUOTE C-DIALOG C-NOTICE","08-D4-Marketplace-Orders.dc.html","owner_approved","not_drawn",""
"ORD-07-D1920-ready","ORD-07","مقارنة العرض وقبوله أو رفضه","ORD","D","1920","ready","جاهز","M2","C-QUOTE C-DIALOG C-NOTICE","08-D4-Marketplace-Orders.dc.html","owner_approved","not_drawn",""
"ORD-07-D1920-validation_error","ORD-07","مقارنة العرض وقبوله أو رفضه","ORD","D","1920","validation_error","خطأ تحقق","M2","C-QUOTE C-DIALOG C-NOTICE","08-D4-Marketplace-Orders.dc.html","owner_approved","not_drawn",""
"ORD-07-D1920-expired","ORD-07","مقارنة العرض وقبوله أو رفضه","ORD","D","1920","expired","منتهي الصلاحية","M2","C-QUOTE C-DIALOG C-NOTICE","08-D4-Marketplace-Orders.dc.html","owner_approved","not_drawn",""
"ORD-07-D1920-conflict","ORD-07","مقارنة العرض وقبوله أو رفضه","ORD","D","1920","conflict","تعارض","M2","C-QUOTE C-DIALOG C-NOTICE","08-D4-Marketplace-Orders.dc.html","owner_approved","not_drawn",""
"ORD-07-D1920-success","ORD-07","مقارنة العرض وقبوله أو رفضه","ORD","D","1920","success","نجاح","M2","C-QUOTE C-DIALOG C-NOTICE","08-D4-Marketplace-Orders.dc.html","owner_approved","not_drawn",""
"ORD-08-W390-ready","ORD-08","تجهيز وتسليم جزئي","ORD","W","390","ready","جاهز","M2","C-RECV C-QTYUNIT C-ORDTL","08-D4-Marketplace-Orders.dc.html","owner_approved","not_drawn",""
"ORD-08-W390-validation_error","ORD-08","تجهيز وتسليم جزئي","ORD","W","390","validation_error","خطأ تحقق","M2","C-RECV C-QTYUNIT C-ORDTL","08-D4-Marketplace-Orders.dc.html","owner_approved","not_drawn",""
"ORD-08-W390-partial","ORD-08","تجهيز وتسليم جزئي","ORD","W","390","partial","جزئي","M2","C-RECV C-QTYUNIT C-ORDTL","08-D4-Marketplace-Orders.dc.html","owner_approved","not_drawn",""
"ORD-08-W390-success","ORD-08","تجهيز وتسليم جزئي","ORD","W","390","success","نجاح","M2","C-RECV C-QTYUNIT C-ORDTL","08-D4-Marketplace-Orders.dc.html","owner_approved","not_drawn",""
"ORD-08-W834-ready","ORD-08","تجهيز وتسليم جزئي","ORD","W","834","ready","جاهز","M2","C-RECV C-QTYUNIT C-ORDTL","08-D4-Marketplace-Orders.dc.html","owner_approved","not_drawn",""
"ORD-08-W834-validation_error","ORD-08","تجهيز وتسليم جزئي","ORD","W","834","validation_error","خطأ تحقق","M2","C-RECV C-QTYUNIT C-ORDTL","08-D4-Marketplace-Orders.dc.html","owner_approved","not_drawn",""
"ORD-08-W834-partial","ORD-08","تجهيز وتسليم جزئي","ORD","W","834","partial","جزئي","M2","C-RECV C-QTYUNIT C-ORDTL","08-D4-Marketplace-Orders.dc.html","owner_approved","not_drawn",""
"ORD-08-W834-success","ORD-08","تجهيز وتسليم جزئي","ORD","W","834","success","نجاح","M2","C-RECV C-QTYUNIT C-ORDTL","08-D4-Marketplace-Orders.dc.html","owner_approved","not_drawn",""
"ORD-08-W1440-ready","ORD-08","تجهيز وتسليم جزئي","ORD","W","1440","ready","جاهز","M2","C-RECV C-QTYUNIT C-ORDTL","08-D4-Marketplace-Orders.dc.html","owner_approved","drawn","12-D7-Remaining-Screens.dc.html#ORD-08"
"ORD-08-W1440-validation_error","ORD-08","تجهيز وتسليم جزئي","ORD","W","1440","validation_error","خطأ تحقق","M2","C-RECV C-QTYUNIT C-ORDTL","08-D4-Marketplace-Orders.dc.html","owner_approved","drawn","27-D20-Org-Orders-Complete.dc.html#ORD-08"
"ORD-08-W1440-partial","ORD-08","تجهيز وتسليم جزئي","ORD","W","1440","partial","جزئي","M2","C-RECV C-QTYUNIT C-ORDTL","08-D4-Marketplace-Orders.dc.html","owner_approved","drawn","27-D20-Org-Orders-Complete.dc.html#ORD-08"
"ORD-08-W1440-success","ORD-08","تجهيز وتسليم جزئي","ORD","W","1440","success","نجاح","M2","C-RECV C-QTYUNIT C-ORDTL","08-D4-Marketplace-Orders.dc.html","owner_approved","drawn","27-D20-Org-Orders-Complete.dc.html#ORD-08"
"ORD-08-M390-ready","ORD-08","تجهيز وتسليم جزئي","ORD","M","390","ready","جاهز","M2","C-RECV C-QTYUNIT C-ORDTL","08-D4-Marketplace-Orders.dc.html","owner_approved","not_drawn",""
"ORD-08-M390-validation_error","ORD-08","تجهيز وتسليم جزئي","ORD","M","390","validation_error","خطأ تحقق","M2","C-RECV C-QTYUNIT C-ORDTL","08-D4-Marketplace-Orders.dc.html","owner_approved","not_drawn",""
"ORD-08-M390-partial","ORD-08","تجهيز وتسليم جزئي","ORD","M","390","partial","جزئي","M2","C-RECV C-QTYUNIT C-ORDTL","08-D4-Marketplace-Orders.dc.html","owner_approved","not_drawn",""
"ORD-08-M390-success","ORD-08","تجهيز وتسليم جزئي","ORD","M","390","success","نجاح","M2","C-RECV C-QTYUNIT C-ORDTL","08-D4-Marketplace-Orders.dc.html","owner_approved","not_drawn",""
"ORD-08-D1366-ready","ORD-08","تجهيز وتسليم جزئي","ORD","D","1366","ready","جاهز","M2","C-RECV C-QTYUNIT C-ORDTL","08-D4-Marketplace-Orders.dc.html","owner_approved","not_drawn",""
"ORD-08-D1366-validation_error","ORD-08","تجهيز وتسليم جزئي","ORD","D","1366","validation_error","خطأ تحقق","M2","C-RECV C-QTYUNIT C-ORDTL","08-D4-Marketplace-Orders.dc.html","owner_approved","not_drawn",""
"ORD-08-D1366-partial","ORD-08","تجهيز وتسليم جزئي","ORD","D","1366","partial","جزئي","M2","C-RECV C-QTYUNIT C-ORDTL","08-D4-Marketplace-Orders.dc.html","owner_approved","not_drawn",""
"ORD-08-D1366-success","ORD-08","تجهيز وتسليم جزئي","ORD","D","1366","success","نجاح","M2","C-RECV C-QTYUNIT C-ORDTL","08-D4-Marketplace-Orders.dc.html","owner_approved","not_drawn",""
"ORD-08-D1920-ready","ORD-08","تجهيز وتسليم جزئي","ORD","D","1920","ready","جاهز","M2","C-RECV C-QTYUNIT C-ORDTL","08-D4-Marketplace-Orders.dc.html","owner_approved","not_drawn",""
"ORD-08-D1920-validation_error","ORD-08","تجهيز وتسليم جزئي","ORD","D","1920","validation_error","خطأ تحقق","M2","C-RECV C-QTYUNIT C-ORDTL","08-D4-Marketplace-Orders.dc.html","owner_approved","not_drawn",""
"ORD-08-D1920-partial","ORD-08","تجهيز وتسليم جزئي","ORD","D","1920","partial","جزئي","M2","C-RECV C-QTYUNIT C-ORDTL","08-D4-Marketplace-Orders.dc.html","owner_approved","not_drawn",""
"ORD-08-D1920-success","ORD-08","تجهيز وتسليم جزئي","ORD","D","1920","success","نجاح","M2","C-RECV C-QTYUNIT C-ORDTL","08-D4-Marketplace-Orders.dc.html","owner_approved","not_drawn",""
"ORD-09-W390-ready","ORD-09","استلام جزئي ورفض كمية","ORD","W","390","ready","جاهز","M2","C-RECV C-QTYUNIT C-STATUS","08-D4-Marketplace-Orders.dc.html","owner_approved","not_drawn",""
"ORD-09-W390-validation_error","ORD-09","استلام جزئي ورفض كمية","ORD","W","390","validation_error","خطأ تحقق","M2","C-RECV C-QTYUNIT C-STATUS","08-D4-Marketplace-Orders.dc.html","owner_approved","not_drawn",""
"ORD-09-W390-partial","ORD-09","استلام جزئي ورفض كمية","ORD","W","390","partial","جزئي","M2","C-RECV C-QTYUNIT C-STATUS","08-D4-Marketplace-Orders.dc.html","owner_approved","not_drawn",""
"ORD-09-W390-conflict","ORD-09","استلام جزئي ورفض كمية","ORD","W","390","conflict","تعارض","M2","C-RECV C-QTYUNIT C-STATUS","08-D4-Marketplace-Orders.dc.html","owner_approved","not_drawn",""
"ORD-09-W390-success","ORD-09","استلام جزئي ورفض كمية","ORD","W","390","success","نجاح","M2","C-RECV C-QTYUNIT C-STATUS","08-D4-Marketplace-Orders.dc.html","owner_approved","not_drawn",""
"ORD-09-W834-ready","ORD-09","استلام جزئي ورفض كمية","ORD","W","834","ready","جاهز","M2","C-RECV C-QTYUNIT C-STATUS","08-D4-Marketplace-Orders.dc.html","owner_approved","not_drawn",""
"ORD-09-W834-validation_error","ORD-09","استلام جزئي ورفض كمية","ORD","W","834","validation_error","خطأ تحقق","M2","C-RECV C-QTYUNIT C-STATUS","08-D4-Marketplace-Orders.dc.html","owner_approved","not_drawn",""
"ORD-09-W834-partial","ORD-09","استلام جزئي ورفض كمية","ORD","W","834","partial","جزئي","M2","C-RECV C-QTYUNIT C-STATUS","08-D4-Marketplace-Orders.dc.html","owner_approved","not_drawn",""
"ORD-09-W834-conflict","ORD-09","استلام جزئي ورفض كمية","ORD","W","834","conflict","تعارض","M2","C-RECV C-QTYUNIT C-STATUS","08-D4-Marketplace-Orders.dc.html","owner_approved","not_drawn",""
"ORD-09-W834-success","ORD-09","استلام جزئي ورفض كمية","ORD","W","834","success","نجاح","M2","C-RECV C-QTYUNIT C-STATUS","08-D4-Marketplace-Orders.dc.html","owner_approved","not_drawn",""
"ORD-09-W1440-ready","ORD-09","استلام جزئي ورفض كمية","ORD","W","1440","ready","جاهز","M2","C-RECV C-QTYUNIT C-STATUS","08-D4-Marketplace-Orders.dc.html","owner_approved","drawn","41-D33-Orders-Complete.dc.html#ORD-09"
"ORD-09-W1440-validation_error","ORD-09","استلام جزئي ورفض كمية","ORD","W","1440","validation_error","خطأ تحقق","M2","C-RECV C-QTYUNIT C-STATUS","08-D4-Marketplace-Orders.dc.html","owner_approved","drawn","41-D33-Orders-Complete.dc.html#ORD-09"
"ORD-09-W1440-partial","ORD-09","استلام جزئي ورفض كمية","ORD","W","1440","partial","جزئي","M2","C-RECV C-QTYUNIT C-STATUS","08-D4-Marketplace-Orders.dc.html","owner_approved","drawn","08-D4-Marketplace-Orders.dc.html#ORD-09"
"ORD-09-W1440-conflict","ORD-09","استلام جزئي ورفض كمية","ORD","W","1440","conflict","تعارض","M2","C-RECV C-QTYUNIT C-STATUS","08-D4-Marketplace-Orders.dc.html","owner_approved","drawn","41-D33-Orders-Complete.dc.html#ORD-09"
"ORD-09-W1440-success","ORD-09","استلام جزئي ورفض كمية","ORD","W","1440","success","نجاح","M2","C-RECV C-QTYUNIT C-STATUS","08-D4-Marketplace-Orders.dc.html","owner_approved","drawn","41-D33-Orders-Complete.dc.html#ORD-09"
"ORD-09-M390-ready","ORD-09","استلام جزئي ورفض كمية","ORD","M","390","ready","جاهز","M2","C-RECV C-QTYUNIT C-STATUS","08-D4-Marketplace-Orders.dc.html","owner_approved","not_drawn",""
"ORD-09-M390-validation_error","ORD-09","استلام جزئي ورفض كمية","ORD","M","390","validation_error","خطأ تحقق","M2","C-RECV C-QTYUNIT C-STATUS","08-D4-Marketplace-Orders.dc.html","owner_approved","not_drawn",""
"ORD-09-M390-partial","ORD-09","استلام جزئي ورفض كمية","ORD","M","390","partial","جزئي","M2","C-RECV C-QTYUNIT C-STATUS","08-D4-Marketplace-Orders.dc.html","owner_approved","not_drawn",""
"ORD-09-M390-conflict","ORD-09","استلام جزئي ورفض كمية","ORD","M","390","conflict","تعارض","M2","C-RECV C-QTYUNIT C-STATUS","08-D4-Marketplace-Orders.dc.html","owner_approved","not_drawn",""
"ORD-09-M390-success","ORD-09","استلام جزئي ورفض كمية","ORD","M","390","success","نجاح","M2","C-RECV C-QTYUNIT C-STATUS","08-D4-Marketplace-Orders.dc.html","owner_approved","not_drawn",""
"ORD-09-D1366-ready","ORD-09","استلام جزئي ورفض كمية","ORD","D","1366","ready","جاهز","M2","C-RECV C-QTYUNIT C-STATUS","08-D4-Marketplace-Orders.dc.html","owner_approved","not_drawn",""
"ORD-09-D1366-validation_error","ORD-09","استلام جزئي ورفض كمية","ORD","D","1366","validation_error","خطأ تحقق","M2","C-RECV C-QTYUNIT C-STATUS","08-D4-Marketplace-Orders.dc.html","owner_approved","not_drawn",""
"ORD-09-D1366-partial","ORD-09","استلام جزئي ورفض كمية","ORD","D","1366","partial","جزئي","M2","C-RECV C-QTYUNIT C-STATUS","08-D4-Marketplace-Orders.dc.html","owner_approved","not_drawn",""
"ORD-09-D1366-conflict","ORD-09","استلام جزئي ورفض كمية","ORD","D","1366","conflict","تعارض","M2","C-RECV C-QTYUNIT C-STATUS","08-D4-Marketplace-Orders.dc.html","owner_approved","not_drawn",""
"ORD-09-D1366-success","ORD-09","استلام جزئي ورفض كمية","ORD","D","1366","success","نجاح","M2","C-RECV C-QTYUNIT C-STATUS","08-D4-Marketplace-Orders.dc.html","owner_approved","not_drawn",""
"ORD-09-D1920-ready","ORD-09","استلام جزئي ورفض كمية","ORD","D","1920","ready","جاهز","M2","C-RECV C-QTYUNIT C-STATUS","08-D4-Marketplace-Orders.dc.html","owner_approved","not_drawn",""
"ORD-09-D1920-validation_error","ORD-09","استلام جزئي ورفض كمية","ORD","D","1920","validation_error","خطأ تحقق","M2","C-RECV C-QTYUNIT C-STATUS","08-D4-Marketplace-Orders.dc.html","owner_approved","not_drawn",""
"ORD-09-D1920-partial","ORD-09","استلام جزئي ورفض كمية","ORD","D","1920","partial","جزئي","M2","C-RECV C-QTYUNIT C-STATUS","08-D4-Marketplace-Orders.dc.html","owner_approved","not_drawn",""
"ORD-09-D1920-conflict","ORD-09","استلام جزئي ورفض كمية","ORD","D","1920","conflict","تعارض","M2","C-RECV C-QTYUNIT C-STATUS","08-D4-Marketplace-Orders.dc.html","owner_approved","not_drawn",""
"ORD-09-D1920-success","ORD-09","استلام جزئي ورفض كمية","ORD","D","1920","success","نجاح","M2","C-RECV C-QTYUNIT C-STATUS","08-D4-Marketplace-Orders.dc.html","owner_approved","not_drawn",""
"ORD-10-W390-ready","ORD-10","إلغاء المتبقي","ORD","W","390","ready","جاهز","M2","C-DIALOG C-ORDTL C-NOTICE","08-D4-Marketplace-Orders.dc.html","owner_approved","not_drawn",""
"ORD-10-W390-validation_error","ORD-10","إلغاء المتبقي","ORD","W","390","validation_error","خطأ تحقق","M2","C-DIALOG C-ORDTL C-NOTICE","08-D4-Marketplace-Orders.dc.html","owner_approved","not_drawn",""
"ORD-10-W390-partial","ORD-10","إلغاء المتبقي","ORD","W","390","partial","جزئي","M2","C-DIALOG C-ORDTL C-NOTICE","08-D4-Marketplace-Orders.dc.html","owner_approved","not_drawn",""
"ORD-10-W390-permission_denied","ORD-10","إلغاء المتبقي","ORD","W","390","permission_denied","صلاحية مرفوضة","M2","C-DIALOG C-ORDTL C-NOTICE","08-D4-Marketplace-Orders.dc.html","owner_approved","not_drawn",""
"ORD-10-W390-success","ORD-10","إلغاء المتبقي","ORD","W","390","success","نجاح","M2","C-DIALOG C-ORDTL C-NOTICE","08-D4-Marketplace-Orders.dc.html","owner_approved","not_drawn",""
"ORD-10-W834-ready","ORD-10","إلغاء المتبقي","ORD","W","834","ready","جاهز","M2","C-DIALOG C-ORDTL C-NOTICE","08-D4-Marketplace-Orders.dc.html","owner_approved","not_drawn",""
"ORD-10-W834-validation_error","ORD-10","إلغاء المتبقي","ORD","W","834","validation_error","خطأ تحقق","M2","C-DIALOG C-ORDTL C-NOTICE","08-D4-Marketplace-Orders.dc.html","owner_approved","not_drawn",""
"ORD-10-W834-partial","ORD-10","إلغاء المتبقي","ORD","W","834","partial","جزئي","M2","C-DIALOG C-ORDTL C-NOTICE","08-D4-Marketplace-Orders.dc.html","owner_approved","not_drawn",""
"ORD-10-W834-permission_denied","ORD-10","إلغاء المتبقي","ORD","W","834","permission_denied","صلاحية مرفوضة","M2","C-DIALOG C-ORDTL C-NOTICE","08-D4-Marketplace-Orders.dc.html","owner_approved","not_drawn",""
"ORD-10-W834-success","ORD-10","إلغاء المتبقي","ORD","W","834","success","نجاح","M2","C-DIALOG C-ORDTL C-NOTICE","08-D4-Marketplace-Orders.dc.html","owner_approved","not_drawn",""
"ORD-10-W1440-ready","ORD-10","إلغاء المتبقي","ORD","W","1440","ready","جاهز","M2","C-DIALOG C-ORDTL C-NOTICE","08-D4-Marketplace-Orders.dc.html","owner_approved","drawn","41-D33-Orders-Complete.dc.html#ORD-10"
"ORD-10-W1440-validation_error","ORD-10","إلغاء المتبقي","ORD","W","1440","validation_error","خطأ تحقق","M2","C-DIALOG C-ORDTL C-NOTICE","08-D4-Marketplace-Orders.dc.html","owner_approved","drawn","10-D6-Marketplace-Orders-Completion.dc.html#ORD-10"
"ORD-10-W1440-partial","ORD-10","إلغاء المتبقي","ORD","W","1440","partial","جزئي","M2","C-DIALOG C-ORDTL C-NOTICE","08-D4-Marketplace-Orders.dc.html","owner_approved","drawn","27-D20-Org-Orders-Complete.dc.html#ORD-10"
"ORD-10-W1440-permission_denied","ORD-10","إلغاء المتبقي","ORD","W","1440","permission_denied","صلاحية مرفوضة","M2","C-DIALOG C-ORDTL C-NOTICE","08-D4-Marketplace-Orders.dc.html","owner_approved","drawn","27-D20-Org-Orders-Complete.dc.html#ORD-10"
"ORD-10-W1440-success","ORD-10","إلغاء المتبقي","ORD","W","1440","success","نجاح","M2","C-DIALOG C-ORDTL C-NOTICE","08-D4-Marketplace-Orders.dc.html","owner_approved","drawn","27-D20-Org-Orders-Complete.dc.html#ORD-10"
"ORD-10-M390-ready","ORD-10","إلغاء المتبقي","ORD","M","390","ready","جاهز","M2","C-DIALOG C-ORDTL C-NOTICE","08-D4-Marketplace-Orders.dc.html","owner_approved","not_drawn",""
"ORD-10-M390-validation_error","ORD-10","إلغاء المتبقي","ORD","M","390","validation_error","خطأ تحقق","M2","C-DIALOG C-ORDTL C-NOTICE","08-D4-Marketplace-Orders.dc.html","owner_approved","not_drawn",""
"ORD-10-M390-partial","ORD-10","إلغاء المتبقي","ORD","M","390","partial","جزئي","M2","C-DIALOG C-ORDTL C-NOTICE","08-D4-Marketplace-Orders.dc.html","owner_approved","not_drawn",""
"ORD-10-M390-permission_denied","ORD-10","إلغاء المتبقي","ORD","M","390","permission_denied","صلاحية مرفوضة","M2","C-DIALOG C-ORDTL C-NOTICE","08-D4-Marketplace-Orders.dc.html","owner_approved","not_drawn",""
"ORD-10-M390-success","ORD-10","إلغاء المتبقي","ORD","M","390","success","نجاح","M2","C-DIALOG C-ORDTL C-NOTICE","08-D4-Marketplace-Orders.dc.html","owner_approved","not_drawn",""
"ORD-10-D1366-ready","ORD-10","إلغاء المتبقي","ORD","D","1366","ready","جاهز","M2","C-DIALOG C-ORDTL C-NOTICE","08-D4-Marketplace-Orders.dc.html","owner_approved","not_drawn",""
"ORD-10-D1366-validation_error","ORD-10","إلغاء المتبقي","ORD","D","1366","validation_error","خطأ تحقق","M2","C-DIALOG C-ORDTL C-NOTICE","08-D4-Marketplace-Orders.dc.html","owner_approved","not_drawn",""
"ORD-10-D1366-partial","ORD-10","إلغاء المتبقي","ORD","D","1366","partial","جزئي","M2","C-DIALOG C-ORDTL C-NOTICE","08-D4-Marketplace-Orders.dc.html","owner_approved","not_drawn",""
"ORD-10-D1366-permission_denied","ORD-10","إلغاء المتبقي","ORD","D","1366","permission_denied","صلاحية مرفوضة","M2","C-DIALOG C-ORDTL C-NOTICE","08-D4-Marketplace-Orders.dc.html","owner_approved","not_drawn",""
"ORD-10-D1366-success","ORD-10","إلغاء المتبقي","ORD","D","1366","success","نجاح","M2","C-DIALOG C-ORDTL C-NOTICE","08-D4-Marketplace-Orders.dc.html","owner_approved","not_drawn",""
"ORD-10-D1920-ready","ORD-10","إلغاء المتبقي","ORD","D","1920","ready","جاهز","M2","C-DIALOG C-ORDTL C-NOTICE","08-D4-Marketplace-Orders.dc.html","owner_approved","not_drawn",""
"ORD-10-D1920-validation_error","ORD-10","إلغاء المتبقي","ORD","D","1920","validation_error","خطأ تحقق","M2","C-DIALOG C-ORDTL C-NOTICE","08-D4-Marketplace-Orders.dc.html","owner_approved","not_drawn",""
"ORD-10-D1920-partial","ORD-10","إلغاء المتبقي","ORD","D","1920","partial","جزئي","M2","C-DIALOG C-ORDTL C-NOTICE","08-D4-Marketplace-Orders.dc.html","owner_approved","not_drawn",""
"ORD-10-D1920-permission_denied","ORD-10","إلغاء المتبقي","ORD","D","1920","permission_denied","صلاحية مرفوضة","M2","C-DIALOG C-ORDTL C-NOTICE","08-D4-Marketplace-Orders.dc.html","owner_approved","not_drawn",""
"ORD-10-D1920-success","ORD-10","إلغاء المتبقي","ORD","D","1920","success","نجاح","M2","C-DIALOG C-ORDTL C-NOTICE","08-D4-Marketplace-Orders.dc.html","owner_approved","not_drawn",""
"ORD-11-W390-ready","ORD-11","طلب مرتجع تجاري","ORD","W","390","ready","جاهز","M2","C-QTYUNIT C-DOCPRV C-STATUS","08-D4-Marketplace-Orders.dc.html","owner_approved","not_drawn",""
"ORD-11-W390-validation_error","ORD-11","طلب مرتجع تجاري","ORD","W","390","validation_error","خطأ تحقق","M2","C-QTYUNIT C-DOCPRV C-STATUS","08-D4-Marketplace-Orders.dc.html","owner_approved","not_drawn",""
"ORD-11-W390-partial","ORD-11","طلب مرتجع تجاري","ORD","W","390","partial","جزئي","M2","C-QTYUNIT C-DOCPRV C-STATUS","08-D4-Marketplace-Orders.dc.html","owner_approved","not_drawn",""
"ORD-11-W390-success","ORD-11","طلب مرتجع تجاري","ORD","W","390","success","نجاح","M2","C-QTYUNIT C-DOCPRV C-STATUS","08-D4-Marketplace-Orders.dc.html","owner_approved","not_drawn",""
"ORD-11-W834-ready","ORD-11","طلب مرتجع تجاري","ORD","W","834","ready","جاهز","M2","C-QTYUNIT C-DOCPRV C-STATUS","08-D4-Marketplace-Orders.dc.html","owner_approved","not_drawn",""
"ORD-11-W834-validation_error","ORD-11","طلب مرتجع تجاري","ORD","W","834","validation_error","خطأ تحقق","M2","C-QTYUNIT C-DOCPRV C-STATUS","08-D4-Marketplace-Orders.dc.html","owner_approved","not_drawn",""
"ORD-11-W834-partial","ORD-11","طلب مرتجع تجاري","ORD","W","834","partial","جزئي","M2","C-QTYUNIT C-DOCPRV C-STATUS","08-D4-Marketplace-Orders.dc.html","owner_approved","not_drawn",""
"ORD-11-W834-success","ORD-11","طلب مرتجع تجاري","ORD","W","834","success","نجاح","M2","C-QTYUNIT C-DOCPRV C-STATUS","08-D4-Marketplace-Orders.dc.html","owner_approved","not_drawn",""
"ORD-11-W1440-ready","ORD-11","طلب مرتجع تجاري","ORD","W","1440","ready","جاهز","M2","C-QTYUNIT C-DOCPRV C-STATUS","08-D4-Marketplace-Orders.dc.html","owner_approved","drawn","27-D20-Org-Orders-Complete.dc.html#ORD-11"
"ORD-11-W1440-validation_error","ORD-11","طلب مرتجع تجاري","ORD","W","1440","validation_error","خطأ تحقق","M2","C-QTYUNIT C-DOCPRV C-STATUS","08-D4-Marketplace-Orders.dc.html","owner_approved","drawn","27-D20-Org-Orders-Complete.dc.html#ORD-11"
"ORD-11-W1440-partial","ORD-11","طلب مرتجع تجاري","ORD","W","1440","partial","جزئي","M2","C-QTYUNIT C-DOCPRV C-STATUS","08-D4-Marketplace-Orders.dc.html","owner_approved","drawn","27-D20-Org-Orders-Complete.dc.html#ORD-11"
"ORD-11-W1440-success","ORD-11","طلب مرتجع تجاري","ORD","W","1440","success","نجاح","M2","C-QTYUNIT C-DOCPRV C-STATUS","08-D4-Marketplace-Orders.dc.html","owner_approved","drawn","27-D20-Org-Orders-Complete.dc.html#ORD-11"
"ORD-11-M390-ready","ORD-11","طلب مرتجع تجاري","ORD","M","390","ready","جاهز","M2","C-QTYUNIT C-DOCPRV C-STATUS","08-D4-Marketplace-Orders.dc.html","owner_approved","not_drawn",""
"ORD-11-M390-validation_error","ORD-11","طلب مرتجع تجاري","ORD","M","390","validation_error","خطأ تحقق","M2","C-QTYUNIT C-DOCPRV C-STATUS","08-D4-Marketplace-Orders.dc.html","owner_approved","not_drawn",""
"ORD-11-M390-partial","ORD-11","طلب مرتجع تجاري","ORD","M","390","partial","جزئي","M2","C-QTYUNIT C-DOCPRV C-STATUS","08-D4-Marketplace-Orders.dc.html","owner_approved","not_drawn",""
"ORD-11-M390-success","ORD-11","طلب مرتجع تجاري","ORD","M","390","success","نجاح","M2","C-QTYUNIT C-DOCPRV C-STATUS","08-D4-Marketplace-Orders.dc.html","owner_approved","not_drawn",""
"ORD-11-D1366-ready","ORD-11","طلب مرتجع تجاري","ORD","D","1366","ready","جاهز","M2","C-QTYUNIT C-DOCPRV C-STATUS","08-D4-Marketplace-Orders.dc.html","owner_approved","not_drawn",""
"ORD-11-D1366-validation_error","ORD-11","طلب مرتجع تجاري","ORD","D","1366","validation_error","خطأ تحقق","M2","C-QTYUNIT C-DOCPRV C-STATUS","08-D4-Marketplace-Orders.dc.html","owner_approved","not_drawn",""
"ORD-11-D1366-partial","ORD-11","طلب مرتجع تجاري","ORD","D","1366","partial","جزئي","M2","C-QTYUNIT C-DOCPRV C-STATUS","08-D4-Marketplace-Orders.dc.html","owner_approved","not_drawn",""
"ORD-11-D1366-success","ORD-11","طلب مرتجع تجاري","ORD","D","1366","success","نجاح","M2","C-QTYUNIT C-DOCPRV C-STATUS","08-D4-Marketplace-Orders.dc.html","owner_approved","not_drawn",""
"ORD-11-D1920-ready","ORD-11","طلب مرتجع تجاري","ORD","D","1920","ready","جاهز","M2","C-QTYUNIT C-DOCPRV C-STATUS","08-D4-Marketplace-Orders.dc.html","owner_approved","not_drawn",""
"ORD-11-D1920-validation_error","ORD-11","طلب مرتجع تجاري","ORD","D","1920","validation_error","خطأ تحقق","M2","C-QTYUNIT C-DOCPRV C-STATUS","08-D4-Marketplace-Orders.dc.html","owner_approved","not_drawn",""
"ORD-11-D1920-partial","ORD-11","طلب مرتجع تجاري","ORD","D","1920","partial","جزئي","M2","C-QTYUNIT C-DOCPRV C-STATUS","08-D4-Marketplace-Orders.dc.html","owner_approved","not_drawn",""
"ORD-11-D1920-success","ORD-11","طلب مرتجع تجاري","ORD","D","1920","success","نجاح","M2","C-QTYUNIT C-DOCPRV C-STATUS","08-D4-Marketplace-Orders.dc.html","owner_approved","not_drawn",""
"ORD-12-W390-ready","ORD-12","خلاف وأدلته وتطور حالته","ORD","W","390","ready","جاهز","M2","C-TIMELIST C-UPLOAD C-STATUS","08-D4-Marketplace-Orders.dc.html","owner_approved","not_drawn",""
"ORD-12-W390-empty","ORD-12","خلاف وأدلته وتطور حالته","ORD","W","390","empty","فارغ","M2","C-TIMELIST C-UPLOAD C-STATUS","08-D4-Marketplace-Orders.dc.html","owner_approved","not_drawn",""
"ORD-12-W390-partial","ORD-12","خلاف وأدلته وتطور حالته","ORD","W","390","partial","جزئي","M2","C-TIMELIST C-UPLOAD C-STATUS","08-D4-Marketplace-Orders.dc.html","owner_approved","not_drawn",""
"ORD-12-W390-permission_denied","ORD-12","خلاف وأدلته وتطور حالته","ORD","W","390","permission_denied","صلاحية مرفوضة","M2","C-TIMELIST C-UPLOAD C-STATUS","08-D4-Marketplace-Orders.dc.html","owner_approved","not_drawn",""
"ORD-12-W390-success","ORD-12","خلاف وأدلته وتطور حالته","ORD","W","390","success","نجاح","M2","C-TIMELIST C-UPLOAD C-STATUS","08-D4-Marketplace-Orders.dc.html","owner_approved","not_drawn",""
"ORD-12-W834-ready","ORD-12","خلاف وأدلته وتطور حالته","ORD","W","834","ready","جاهز","M2","C-TIMELIST C-UPLOAD C-STATUS","08-D4-Marketplace-Orders.dc.html","owner_approved","not_drawn",""
"ORD-12-W834-empty","ORD-12","خلاف وأدلته وتطور حالته","ORD","W","834","empty","فارغ","M2","C-TIMELIST C-UPLOAD C-STATUS","08-D4-Marketplace-Orders.dc.html","owner_approved","not_drawn",""
"ORD-12-W834-partial","ORD-12","خلاف وأدلته وتطور حالته","ORD","W","834","partial","جزئي","M2","C-TIMELIST C-UPLOAD C-STATUS","08-D4-Marketplace-Orders.dc.html","owner_approved","not_drawn",""
"ORD-12-W834-permission_denied","ORD-12","خلاف وأدلته وتطور حالته","ORD","W","834","permission_denied","صلاحية مرفوضة","M2","C-TIMELIST C-UPLOAD C-STATUS","08-D4-Marketplace-Orders.dc.html","owner_approved","not_drawn",""
"ORD-12-W834-success","ORD-12","خلاف وأدلته وتطور حالته","ORD","W","834","success","نجاح","M2","C-TIMELIST C-UPLOAD C-STATUS","08-D4-Marketplace-Orders.dc.html","owner_approved","not_drawn",""
"ORD-12-W1440-ready","ORD-12","خلاف وأدلته وتطور حالته","ORD","W","1440","ready","جاهز","M2","C-TIMELIST C-UPLOAD C-STATUS","08-D4-Marketplace-Orders.dc.html","owner_approved","drawn","41-D33-Orders-Complete.dc.html#ORD-12"
"ORD-12-W1440-empty","ORD-12","خلاف وأدلته وتطور حالته","ORD","W","1440","empty","فارغ","M2","C-TIMELIST C-UPLOAD C-STATUS","08-D4-Marketplace-Orders.dc.html","owner_approved","drawn","41-D33-Orders-Complete.dc.html#ORD-12"
"ORD-12-W1440-partial","ORD-12","خلاف وأدلته وتطور حالته","ORD","W","1440","partial","جزئي","M2","C-TIMELIST C-UPLOAD C-STATUS","08-D4-Marketplace-Orders.dc.html","owner_approved","drawn","10-D6-Marketplace-Orders-Completion.dc.html#ORD-12"
"ORD-12-W1440-permission_denied","ORD-12","خلاف وأدلته وتطور حالته","ORD","W","1440","permission_denied","صلاحية مرفوضة","M2","C-TIMELIST C-UPLOAD C-STATUS","08-D4-Marketplace-Orders.dc.html","owner_approved","drawn","41-D33-Orders-Complete.dc.html#ORD-12"
"ORD-12-W1440-success","ORD-12","خلاف وأدلته وتطور حالته","ORD","W","1440","success","نجاح","M2","C-TIMELIST C-UPLOAD C-STATUS","08-D4-Marketplace-Orders.dc.html","owner_approved","drawn","41-D33-Orders-Complete.dc.html#ORD-12"
"ORD-12-M390-ready","ORD-12","خلاف وأدلته وتطور حالته","ORD","M","390","ready","جاهز","M2","C-TIMELIST C-UPLOAD C-STATUS","08-D4-Marketplace-Orders.dc.html","owner_approved","not_drawn",""
"ORD-12-M390-empty","ORD-12","خلاف وأدلته وتطور حالته","ORD","M","390","empty","فارغ","M2","C-TIMELIST C-UPLOAD C-STATUS","08-D4-Marketplace-Orders.dc.html","owner_approved","not_drawn",""
"ORD-12-M390-partial","ORD-12","خلاف وأدلته وتطور حالته","ORD","M","390","partial","جزئي","M2","C-TIMELIST C-UPLOAD C-STATUS","08-D4-Marketplace-Orders.dc.html","owner_approved","not_drawn",""
"ORD-12-M390-permission_denied","ORD-12","خلاف وأدلته وتطور حالته","ORD","M","390","permission_denied","صلاحية مرفوضة","M2","C-TIMELIST C-UPLOAD C-STATUS","08-D4-Marketplace-Orders.dc.html","owner_approved","not_drawn",""
"ORD-12-M390-success","ORD-12","خلاف وأدلته وتطور حالته","ORD","M","390","success","نجاح","M2","C-TIMELIST C-UPLOAD C-STATUS","08-D4-Marketplace-Orders.dc.html","owner_approved","not_drawn",""
"ORD-12-D1366-ready","ORD-12","خلاف وأدلته وتطور حالته","ORD","D","1366","ready","جاهز","M2","C-TIMELIST C-UPLOAD C-STATUS","08-D4-Marketplace-Orders.dc.html","owner_approved","not_drawn",""
"ORD-12-D1366-empty","ORD-12","خلاف وأدلته وتطور حالته","ORD","D","1366","empty","فارغ","M2","C-TIMELIST C-UPLOAD C-STATUS","08-D4-Marketplace-Orders.dc.html","owner_approved","not_drawn",""
"ORD-12-D1366-partial","ORD-12","خلاف وأدلته وتطور حالته","ORD","D","1366","partial","جزئي","M2","C-TIMELIST C-UPLOAD C-STATUS","08-D4-Marketplace-Orders.dc.html","owner_approved","not_drawn",""
"ORD-12-D1366-permission_denied","ORD-12","خلاف وأدلته وتطور حالته","ORD","D","1366","permission_denied","صلاحية مرفوضة","M2","C-TIMELIST C-UPLOAD C-STATUS","08-D4-Marketplace-Orders.dc.html","owner_approved","not_drawn",""
"ORD-12-D1366-success","ORD-12","خلاف وأدلته وتطور حالته","ORD","D","1366","success","نجاح","M2","C-TIMELIST C-UPLOAD C-STATUS","08-D4-Marketplace-Orders.dc.html","owner_approved","not_drawn",""
"ORD-12-D1920-ready","ORD-12","خلاف وأدلته وتطور حالته","ORD","D","1920","ready","جاهز","M2","C-TIMELIST C-UPLOAD C-STATUS","08-D4-Marketplace-Orders.dc.html","owner_approved","not_drawn",""
"ORD-12-D1920-empty","ORD-12","خلاف وأدلته وتطور حالته","ORD","D","1920","empty","فارغ","M2","C-TIMELIST C-UPLOAD C-STATUS","08-D4-Marketplace-Orders.dc.html","owner_approved","not_drawn",""
"ORD-12-D1920-partial","ORD-12","خلاف وأدلته وتطور حالته","ORD","D","1920","partial","جزئي","M2","C-TIMELIST C-UPLOAD C-STATUS","08-D4-Marketplace-Orders.dc.html","owner_approved","not_drawn",""
"ORD-12-D1920-permission_denied","ORD-12","خلاف وأدلته وتطور حالته","ORD","D","1920","permission_denied","صلاحية مرفوضة","M2","C-TIMELIST C-UPLOAD C-STATUS","08-D4-Marketplace-Orders.dc.html","owner_approved","not_drawn",""
"ORD-12-D1920-success","ORD-12","خلاف وأدلته وتطور حالته","ORD","D","1920","success","نجاح","M2","C-TIMELIST C-UPLOAD C-STATUS","08-D4-Marketplace-Orders.dc.html","owner_approved","not_drawn",""
"ORD-13-W390-ready","ORD-13","إثبات دفع ومتابعة المطابقة","ORD","W","390","ready","جاهز","M2","C-UPLOAD C-MONEY C-NOTICE","08-D4-Marketplace-Orders.dc.html","owner_approved","not_drawn",""
"ORD-13-W390-validation_error","ORD-13","إثبات دفع ومتابعة المطابقة","ORD","W","390","validation_error","خطأ تحقق","M2","C-UPLOAD C-MONEY C-NOTICE","08-D4-Marketplace-Orders.dc.html","owner_approved","not_drawn",""
"ORD-13-W390-partial","ORD-13","إثبات دفع ومتابعة المطابقة","ORD","W","390","partial","جزئي","M2","C-UPLOAD C-MONEY C-NOTICE","08-D4-Marketplace-Orders.dc.html","owner_approved","not_drawn",""
"ORD-13-W390-stale","ORD-13","إثبات دفع ومتابعة المطابقة","ORD","W","390","stale","بيانات قديمة","M2","C-UPLOAD C-MONEY C-NOTICE","08-D4-Marketplace-Orders.dc.html","owner_approved","not_drawn",""
"ORD-13-W390-success","ORD-13","إثبات دفع ومتابعة المطابقة","ORD","W","390","success","نجاح","M2","C-UPLOAD C-MONEY C-NOTICE","08-D4-Marketplace-Orders.dc.html","owner_approved","not_drawn",""
"ORD-13-W834-ready","ORD-13","إثبات دفع ومتابعة المطابقة","ORD","W","834","ready","جاهز","M2","C-UPLOAD C-MONEY C-NOTICE","08-D4-Marketplace-Orders.dc.html","owner_approved","not_drawn",""
"ORD-13-W834-validation_error","ORD-13","إثبات دفع ومتابعة المطابقة","ORD","W","834","validation_error","خطأ تحقق","M2","C-UPLOAD C-MONEY C-NOTICE","08-D4-Marketplace-Orders.dc.html","owner_approved","not_drawn",""
"ORD-13-W834-partial","ORD-13","إثبات دفع ومتابعة المطابقة","ORD","W","834","partial","جزئي","M2","C-UPLOAD C-MONEY C-NOTICE","08-D4-Marketplace-Orders.dc.html","owner_approved","not_drawn",""
"ORD-13-W834-stale","ORD-13","إثبات دفع ومتابعة المطابقة","ORD","W","834","stale","بيانات قديمة","M2","C-UPLOAD C-MONEY C-NOTICE","08-D4-Marketplace-Orders.dc.html","owner_approved","not_drawn",""
"ORD-13-W834-success","ORD-13","إثبات دفع ومتابعة المطابقة","ORD","W","834","success","نجاح","M2","C-UPLOAD C-MONEY C-NOTICE","08-D4-Marketplace-Orders.dc.html","owner_approved","not_drawn",""
"ORD-13-W1440-ready","ORD-13","إثبات دفع ومتابعة المطابقة","ORD","W","1440","ready","جاهز","M2","C-UPLOAD C-MONEY C-NOTICE","08-D4-Marketplace-Orders.dc.html","owner_approved","drawn","41-D33-Orders-Complete.dc.html#ORD-13"
"ORD-13-W1440-validation_error","ORD-13","إثبات دفع ومتابعة المطابقة","ORD","W","1440","validation_error","خطأ تحقق","M2","C-UPLOAD C-MONEY C-NOTICE","08-D4-Marketplace-Orders.dc.html","owner_approved","drawn","41-D33-Orders-Complete.dc.html#ORD-13"
"ORD-13-W1440-partial","ORD-13","إثبات دفع ومتابعة المطابقة","ORD","W","1440","partial","جزئي","M2","C-UPLOAD C-MONEY C-NOTICE","08-D4-Marketplace-Orders.dc.html","owner_approved","drawn","41-D33-Orders-Complete.dc.html#ORD-13"
"ORD-13-W1440-stale","ORD-13","إثبات دفع ومتابعة المطابقة","ORD","W","1440","stale","بيانات قديمة","M2","C-UPLOAD C-MONEY C-NOTICE","08-D4-Marketplace-Orders.dc.html","owner_approved","drawn","10-D6-Marketplace-Orders-Completion.dc.html#ORD-13"
"ORD-13-W1440-success","ORD-13","إثبات دفع ومتابعة المطابقة","ORD","W","1440","success","نجاح","M2","C-UPLOAD C-MONEY C-NOTICE","08-D4-Marketplace-Orders.dc.html","owner_approved","drawn","41-D33-Orders-Complete.dc.html#ORD-13"
"ORD-13-M390-ready","ORD-13","إثبات دفع ومتابعة المطابقة","ORD","M","390","ready","جاهز","M2","C-UPLOAD C-MONEY C-NOTICE","08-D4-Marketplace-Orders.dc.html","owner_approved","not_drawn",""
"ORD-13-M390-validation_error","ORD-13","إثبات دفع ومتابعة المطابقة","ORD","M","390","validation_error","خطأ تحقق","M2","C-UPLOAD C-MONEY C-NOTICE","08-D4-Marketplace-Orders.dc.html","owner_approved","not_drawn",""
"ORD-13-M390-partial","ORD-13","إثبات دفع ومتابعة المطابقة","ORD","M","390","partial","جزئي","M2","C-UPLOAD C-MONEY C-NOTICE","08-D4-Marketplace-Orders.dc.html","owner_approved","not_drawn",""
"ORD-13-M390-stale","ORD-13","إثبات دفع ومتابعة المطابقة","ORD","M","390","stale","بيانات قديمة","M2","C-UPLOAD C-MONEY C-NOTICE","08-D4-Marketplace-Orders.dc.html","owner_approved","not_drawn",""
"ORD-13-M390-success","ORD-13","إثبات دفع ومتابعة المطابقة","ORD","M","390","success","نجاح","M2","C-UPLOAD C-MONEY C-NOTICE","08-D4-Marketplace-Orders.dc.html","owner_approved","not_drawn",""
"ORD-13-D1366-ready","ORD-13","إثبات دفع ومتابعة المطابقة","ORD","D","1366","ready","جاهز","M2","C-UPLOAD C-MONEY C-NOTICE","08-D4-Marketplace-Orders.dc.html","owner_approved","not_drawn",""
"ORD-13-D1366-validation_error","ORD-13","إثبات دفع ومتابعة المطابقة","ORD","D","1366","validation_error","خطأ تحقق","M2","C-UPLOAD C-MONEY C-NOTICE","08-D4-Marketplace-Orders.dc.html","owner_approved","not_drawn",""
"ORD-13-D1366-partial","ORD-13","إثبات دفع ومتابعة المطابقة","ORD","D","1366","partial","جزئي","M2","C-UPLOAD C-MONEY C-NOTICE","08-D4-Marketplace-Orders.dc.html","owner_approved","not_drawn",""
"ORD-13-D1366-stale","ORD-13","إثبات دفع ومتابعة المطابقة","ORD","D","1366","stale","بيانات قديمة","M2","C-UPLOAD C-MONEY C-NOTICE","08-D4-Marketplace-Orders.dc.html","owner_approved","not_drawn",""
"ORD-13-D1366-success","ORD-13","إثبات دفع ومتابعة المطابقة","ORD","D","1366","success","نجاح","M2","C-UPLOAD C-MONEY C-NOTICE","08-D4-Marketplace-Orders.dc.html","owner_approved","not_drawn",""
"ORD-13-D1920-ready","ORD-13","إثبات دفع ومتابعة المطابقة","ORD","D","1920","ready","جاهز","M2","C-UPLOAD C-MONEY C-NOTICE","08-D4-Marketplace-Orders.dc.html","owner_approved","not_drawn",""
"ORD-13-D1920-validation_error","ORD-13","إثبات دفع ومتابعة المطابقة","ORD","D","1920","validation_error","خطأ تحقق","M2","C-UPLOAD C-MONEY C-NOTICE","08-D4-Marketplace-Orders.dc.html","owner_approved","not_drawn",""
"ORD-13-D1920-partial","ORD-13","إثبات دفع ومتابعة المطابقة","ORD","D","1920","partial","جزئي","M2","C-UPLOAD C-MONEY C-NOTICE","08-D4-Marketplace-Orders.dc.html","owner_approved","not_drawn",""
"ORD-13-D1920-stale","ORD-13","إثبات دفع ومتابعة المطابقة","ORD","D","1920","stale","بيانات قديمة","M2","C-UPLOAD C-MONEY C-NOTICE","08-D4-Marketplace-Orders.dc.html","owner_approved","not_drawn",""
"ORD-13-D1920-success","ORD-13","إثبات دفع ومتابعة المطابقة","ORD","D","1920","success","نجاح","M2","C-UPLOAD C-MONEY C-NOTICE","08-D4-Marketplace-Orders.dc.html","owner_approved","not_drawn",""
"ORD-14-W390-ready","ORD-14","تعارض نسخة أو رد مفقود","ORD","W","390","ready","جاهز","M2","C-NOTICE C-ORDTL C-DIALOG","08-D4-Marketplace-Orders.dc.html","owner_approved","not_drawn",""
"ORD-14-W390-conflict","ORD-14","تعارض نسخة أو رد مفقود","ORD","W","390","conflict","تعارض","M2","C-NOTICE C-ORDTL C-DIALOG","08-D4-Marketplace-Orders.dc.html","owner_approved","not_drawn",""
"ORD-14-W390-server_error","ORD-14","تعارض نسخة أو رد مفقود","ORD","W","390","server_error","خطأ خادم","M2","C-NOTICE C-ORDTL C-DIALOG","08-D4-Marketplace-Orders.dc.html","owner_approved","not_drawn",""
"ORD-14-W390-success","ORD-14","تعارض نسخة أو رد مفقود","ORD","W","390","success","نجاح","M2","C-NOTICE C-ORDTL C-DIALOG","08-D4-Marketplace-Orders.dc.html","owner_approved","not_drawn",""
"ORD-14-W834-ready","ORD-14","تعارض نسخة أو رد مفقود","ORD","W","834","ready","جاهز","M2","C-NOTICE C-ORDTL C-DIALOG","08-D4-Marketplace-Orders.dc.html","owner_approved","not_drawn",""
"ORD-14-W834-conflict","ORD-14","تعارض نسخة أو رد مفقود","ORD","W","834","conflict","تعارض","M2","C-NOTICE C-ORDTL C-DIALOG","08-D4-Marketplace-Orders.dc.html","owner_approved","not_drawn",""
"ORD-14-W834-server_error","ORD-14","تعارض نسخة أو رد مفقود","ORD","W","834","server_error","خطأ خادم","M2","C-NOTICE C-ORDTL C-DIALOG","08-D4-Marketplace-Orders.dc.html","owner_approved","not_drawn",""
"ORD-14-W834-success","ORD-14","تعارض نسخة أو رد مفقود","ORD","W","834","success","نجاح","M2","C-NOTICE C-ORDTL C-DIALOG","08-D4-Marketplace-Orders.dc.html","owner_approved","not_drawn",""
"ORD-14-W1440-ready","ORD-14","تعارض نسخة أو رد مفقود","ORD","W","1440","ready","جاهز","M2","C-NOTICE C-ORDTL C-DIALOG","08-D4-Marketplace-Orders.dc.html","owner_approved","drawn","41-D33-Orders-Complete.dc.html#ORD-14"
"ORD-14-W1440-conflict","ORD-14","تعارض نسخة أو رد مفقود","ORD","W","1440","conflict","تعارض","M2","C-NOTICE C-ORDTL C-DIALOG","08-D4-Marketplace-Orders.dc.html","owner_approved","drawn","41-D33-Orders-Complete.dc.html#ORD-14"
"ORD-14-W1440-server_error","ORD-14","تعارض نسخة أو رد مفقود","ORD","W","1440","server_error","خطأ خادم","M2","C-NOTICE C-ORDTL C-DIALOG","08-D4-Marketplace-Orders.dc.html","owner_approved","drawn","08-D4-Marketplace-Orders.dc.html#ORD-14"
"ORD-14-W1440-success","ORD-14","تعارض نسخة أو رد مفقود","ORD","W","1440","success","نجاح","M2","C-NOTICE C-ORDTL C-DIALOG","08-D4-Marketplace-Orders.dc.html","owner_approved","drawn","41-D33-Orders-Complete.dc.html#ORD-14"
"ORD-14-M390-ready","ORD-14","تعارض نسخة أو رد مفقود","ORD","M","390","ready","جاهز","M2","C-NOTICE C-ORDTL C-DIALOG","08-D4-Marketplace-Orders.dc.html","owner_approved","not_drawn",""
"ORD-14-M390-conflict","ORD-14","تعارض نسخة أو رد مفقود","ORD","M","390","conflict","تعارض","M2","C-NOTICE C-ORDTL C-DIALOG","08-D4-Marketplace-Orders.dc.html","owner_approved","not_drawn",""
"ORD-14-M390-server_error","ORD-14","تعارض نسخة أو رد مفقود","ORD","M","390","server_error","خطأ خادم","M2","C-NOTICE C-ORDTL C-DIALOG","08-D4-Marketplace-Orders.dc.html","owner_approved","not_drawn",""
"ORD-14-M390-success","ORD-14","تعارض نسخة أو رد مفقود","ORD","M","390","success","نجاح","M2","C-NOTICE C-ORDTL C-DIALOG","08-D4-Marketplace-Orders.dc.html","owner_approved","not_drawn",""
"ORD-14-D1366-ready","ORD-14","تعارض نسخة أو رد مفقود","ORD","D","1366","ready","جاهز","M2","C-NOTICE C-ORDTL C-DIALOG","08-D4-Marketplace-Orders.dc.html","owner_approved","not_drawn",""
"ORD-14-D1366-conflict","ORD-14","تعارض نسخة أو رد مفقود","ORD","D","1366","conflict","تعارض","M2","C-NOTICE C-ORDTL C-DIALOG","08-D4-Marketplace-Orders.dc.html","owner_approved","not_drawn",""
"ORD-14-D1366-server_error","ORD-14","تعارض نسخة أو رد مفقود","ORD","D","1366","server_error","خطأ خادم","M2","C-NOTICE C-ORDTL C-DIALOG","08-D4-Marketplace-Orders.dc.html","owner_approved","not_drawn",""
"ORD-14-D1366-success","ORD-14","تعارض نسخة أو رد مفقود","ORD","D","1366","success","نجاح","M2","C-NOTICE C-ORDTL C-DIALOG","08-D4-Marketplace-Orders.dc.html","owner_approved","not_drawn",""
"ORD-14-D1920-ready","ORD-14","تعارض نسخة أو رد مفقود","ORD","D","1920","ready","جاهز","M2","C-NOTICE C-ORDTL C-DIALOG","08-D4-Marketplace-Orders.dc.html","owner_approved","not_drawn",""
"ORD-14-D1920-conflict","ORD-14","تعارض نسخة أو رد مفقود","ORD","D","1920","conflict","تعارض","M2","C-NOTICE C-ORDTL C-DIALOG","08-D4-Marketplace-Orders.dc.html","owner_approved","not_drawn",""
"ORD-14-D1920-server_error","ORD-14","تعارض نسخة أو رد مفقود","ORD","D","1920","server_error","خطأ خادم","M2","C-NOTICE C-ORDTL C-DIALOG","08-D4-Marketplace-Orders.dc.html","owner_approved","not_drawn",""
"ORD-14-D1920-success","ORD-14","تعارض نسخة أو رد مفقود","ORD","D","1920","success","نجاح","M2","C-NOTICE C-ORDTL C-DIALOG","08-D4-Marketplace-Orders.dc.html","owner_approved","not_drawn",""
"ORD-15-W390-conflict","ORD-15","استعادة طلب بعد فقد خادمي","ORD","W","390","conflict","تعارض","M2","C-NOTICE C-ORDTL C-STATUS","08-D4-Marketplace-Orders.dc.html","owner_approved","not_drawn",""
"ORD-15-W390-stale","ORD-15","استعادة طلب بعد فقد خادمي","ORD","W","390","stale","بيانات قديمة","M2","C-NOTICE C-ORDTL C-STATUS","08-D4-Marketplace-Orders.dc.html","owner_approved","not_drawn",""
"ORD-15-W390-permission_denied","ORD-15","استعادة طلب بعد فقد خادمي","ORD","W","390","permission_denied","صلاحية مرفوضة","M2","C-NOTICE C-ORDTL C-STATUS","08-D4-Marketplace-Orders.dc.html","owner_approved","not_drawn",""
"ORD-15-W390-success","ORD-15","استعادة طلب بعد فقد خادمي","ORD","W","390","success","نجاح","M2","C-NOTICE C-ORDTL C-STATUS","08-D4-Marketplace-Orders.dc.html","owner_approved","not_drawn",""
"ORD-15-W834-conflict","ORD-15","استعادة طلب بعد فقد خادمي","ORD","W","834","conflict","تعارض","M2","C-NOTICE C-ORDTL C-STATUS","08-D4-Marketplace-Orders.dc.html","owner_approved","not_drawn",""
"ORD-15-W834-stale","ORD-15","استعادة طلب بعد فقد خادمي","ORD","W","834","stale","بيانات قديمة","M2","C-NOTICE C-ORDTL C-STATUS","08-D4-Marketplace-Orders.dc.html","owner_approved","not_drawn",""
"ORD-15-W834-permission_denied","ORD-15","استعادة طلب بعد فقد خادمي","ORD","W","834","permission_denied","صلاحية مرفوضة","M2","C-NOTICE C-ORDTL C-STATUS","08-D4-Marketplace-Orders.dc.html","owner_approved","not_drawn",""
"ORD-15-W834-success","ORD-15","استعادة طلب بعد فقد خادمي","ORD","W","834","success","نجاح","M2","C-NOTICE C-ORDTL C-STATUS","08-D4-Marketplace-Orders.dc.html","owner_approved","not_drawn",""
"ORD-15-W1440-conflict","ORD-15","استعادة طلب بعد فقد خادمي","ORD","W","1440","conflict","تعارض","M2","C-NOTICE C-ORDTL C-STATUS","08-D4-Marketplace-Orders.dc.html","owner_approved","drawn","10-D6-Marketplace-Orders-Completion.dc.html#ORD-15"
"ORD-15-W1440-stale","ORD-15","استعادة طلب بعد فقد خادمي","ORD","W","1440","stale","بيانات قديمة","M2","C-NOTICE C-ORDTL C-STATUS","08-D4-Marketplace-Orders.dc.html","owner_approved","drawn","41-D33-Orders-Complete.dc.html#ORD-15"
"ORD-15-W1440-permission_denied","ORD-15","استعادة طلب بعد فقد خادمي","ORD","W","1440","permission_denied","صلاحية مرفوضة","M2","C-NOTICE C-ORDTL C-STATUS","08-D4-Marketplace-Orders.dc.html","owner_approved","drawn","41-D33-Orders-Complete.dc.html#ORD-15"
"ORD-15-W1440-success","ORD-15","استعادة طلب بعد فقد خادمي","ORD","W","1440","success","نجاح","M2","C-NOTICE C-ORDTL C-STATUS","08-D4-Marketplace-Orders.dc.html","owner_approved","drawn","41-D33-Orders-Complete.dc.html#ORD-15"
"ORD-15-M390-conflict","ORD-15","استعادة طلب بعد فقد خادمي","ORD","M","390","conflict","تعارض","M2","C-NOTICE C-ORDTL C-STATUS","08-D4-Marketplace-Orders.dc.html","owner_approved","not_drawn",""
"ORD-15-M390-stale","ORD-15","استعادة طلب بعد فقد خادمي","ORD","M","390","stale","بيانات قديمة","M2","C-NOTICE C-ORDTL C-STATUS","08-D4-Marketplace-Orders.dc.html","owner_approved","not_drawn",""
"ORD-15-M390-permission_denied","ORD-15","استعادة طلب بعد فقد خادمي","ORD","M","390","permission_denied","صلاحية مرفوضة","M2","C-NOTICE C-ORDTL C-STATUS","08-D4-Marketplace-Orders.dc.html","owner_approved","not_drawn",""
"ORD-15-M390-success","ORD-15","استعادة طلب بعد فقد خادمي","ORD","M","390","success","نجاح","M2","C-NOTICE C-ORDTL C-STATUS","08-D4-Marketplace-Orders.dc.html","owner_approved","not_drawn",""
"ORD-15-D1366-conflict","ORD-15","استعادة طلب بعد فقد خادمي","ORD","D","1366","conflict","تعارض","M2","C-NOTICE C-ORDTL C-STATUS","08-D4-Marketplace-Orders.dc.html","owner_approved","not_drawn",""
"ORD-15-D1366-stale","ORD-15","استعادة طلب بعد فقد خادمي","ORD","D","1366","stale","بيانات قديمة","M2","C-NOTICE C-ORDTL C-STATUS","08-D4-Marketplace-Orders.dc.html","owner_approved","not_drawn",""
"ORD-15-D1366-permission_denied","ORD-15","استعادة طلب بعد فقد خادمي","ORD","D","1366","permission_denied","صلاحية مرفوضة","M2","C-NOTICE C-ORDTL C-STATUS","08-D4-Marketplace-Orders.dc.html","owner_approved","not_drawn",""
"ORD-15-D1366-success","ORD-15","استعادة طلب بعد فقد خادمي","ORD","D","1366","success","نجاح","M2","C-NOTICE C-ORDTL C-STATUS","08-D4-Marketplace-Orders.dc.html","owner_approved","not_drawn",""
"ORD-15-D1920-conflict","ORD-15","استعادة طلب بعد فقد خادمي","ORD","D","1920","conflict","تعارض","M2","C-NOTICE C-ORDTL C-STATUS","08-D4-Marketplace-Orders.dc.html","owner_approved","not_drawn",""
"ORD-15-D1920-stale","ORD-15","استعادة طلب بعد فقد خادمي","ORD","D","1920","stale","بيانات قديمة","M2","C-NOTICE C-ORDTL C-STATUS","08-D4-Marketplace-Orders.dc.html","owner_approved","not_drawn",""
"ORD-15-D1920-permission_denied","ORD-15","استعادة طلب بعد فقد خادمي","ORD","D","1920","permission_denied","صلاحية مرفوضة","M2","C-NOTICE C-ORDTL C-STATUS","08-D4-Marketplace-Orders.dc.html","owner_approved","not_drawn",""
"ORD-15-D1920-success","ORD-15","استعادة طلب بعد فقد خادمي","ORD","D","1920","success","نجاح","M2","C-NOTICE C-ORDTL C-STATUS","08-D4-Marketplace-Orders.dc.html","owner_approved","not_drawn",""
"LINK-01-W390-ready","LINK-01","ربط الطرف المحلي بالمنشأة","LINK","W","390","ready","جاهز","M3","C-PICK C-DIALOG C-PHASE","09-D5-Platform-Integrations.dc.html","owner_approved","not_drawn",""
"LINK-01-W390-validation_error","LINK-01","ربط الطرف المحلي بالمنشأة","LINK","W","390","validation_error","خطأ تحقق","M3","C-PICK C-DIALOG C-PHASE","09-D5-Platform-Integrations.dc.html","owner_approved","not_drawn",""
"LINK-01-W390-permission_denied","LINK-01","ربط الطرف المحلي بالمنشأة","LINK","W","390","permission_denied","صلاحية مرفوضة","M3","C-PICK C-DIALOG C-PHASE","09-D5-Platform-Integrations.dc.html","owner_approved","not_drawn",""
"LINK-01-W390-success","LINK-01","ربط الطرف المحلي بالمنشأة","LINK","W","390","success","نجاح","M3","C-PICK C-DIALOG C-PHASE","09-D5-Platform-Integrations.dc.html","owner_approved","not_drawn",""
"LINK-01-W390-phase_locked","LINK-01","ربط الطرف المحلي بالمنشأة","LINK","W","390","phase_locked","مرحلة غير مفعّلة","M3","C-PICK C-DIALOG C-PHASE","09-D5-Platform-Integrations.dc.html","owner_approved","not_drawn",""
"LINK-01-W834-ready","LINK-01","ربط الطرف المحلي بالمنشأة","LINK","W","834","ready","جاهز","M3","C-PICK C-DIALOG C-PHASE","09-D5-Platform-Integrations.dc.html","owner_approved","not_drawn",""
"LINK-01-W834-validation_error","LINK-01","ربط الطرف المحلي بالمنشأة","LINK","W","834","validation_error","خطأ تحقق","M3","C-PICK C-DIALOG C-PHASE","09-D5-Platform-Integrations.dc.html","owner_approved","not_drawn",""
"LINK-01-W834-permission_denied","LINK-01","ربط الطرف المحلي بالمنشأة","LINK","W","834","permission_denied","صلاحية مرفوضة","M3","C-PICK C-DIALOG C-PHASE","09-D5-Platform-Integrations.dc.html","owner_approved","not_drawn",""
"LINK-01-W834-success","LINK-01","ربط الطرف المحلي بالمنشأة","LINK","W","834","success","نجاح","M3","C-PICK C-DIALOG C-PHASE","09-D5-Platform-Integrations.dc.html","owner_approved","not_drawn",""
"LINK-01-W834-phase_locked","LINK-01","ربط الطرف المحلي بالمنشأة","LINK","W","834","phase_locked","مرحلة غير مفعّلة","M3","C-PICK C-DIALOG C-PHASE","09-D5-Platform-Integrations.dc.html","owner_approved","not_drawn",""
"LINK-01-W1440-ready","LINK-01","ربط الطرف المحلي بالمنشأة","LINK","W","1440","ready","جاهز","M3","C-PICK C-DIALOG C-PHASE","09-D5-Platform-Integrations.dc.html","owner_approved","drawn","29-D22-Marketplace-Link-Complete.dc.html#LINK-01"
"LINK-01-W1440-validation_error","LINK-01","ربط الطرف المحلي بالمنشأة","LINK","W","1440","validation_error","خطأ تحقق","M3","C-PICK C-DIALOG C-PHASE","09-D5-Platform-Integrations.dc.html","owner_approved","drawn","29-D22-Marketplace-Link-Complete.dc.html#LINK-01"
"LINK-01-W1440-permission_denied","LINK-01","ربط الطرف المحلي بالمنشأة","LINK","W","1440","permission_denied","صلاحية مرفوضة","M3","C-PICK C-DIALOG C-PHASE","09-D5-Platform-Integrations.dc.html","owner_approved","drawn","38-D30-Catalog-Shifts-Link-Growth.dc.html#LINK-01"
"LINK-01-W1440-success","LINK-01","ربط الطرف المحلي بالمنشأة","LINK","W","1440","success","نجاح","M3","C-PICK C-DIALOG C-PHASE","09-D5-Platform-Integrations.dc.html","owner_approved","drawn","38-D30-Catalog-Shifts-Link-Growth.dc.html#LINK-01"
"LINK-01-W1440-phase_locked","LINK-01","ربط الطرف المحلي بالمنشأة","LINK","W","1440","phase_locked","مرحلة غير مفعّلة","M3","C-PICK C-DIALOG C-PHASE","09-D5-Platform-Integrations.dc.html","owner_approved","drawn","29-D22-Marketplace-Link-Complete.dc.html#LINK-01"
"LINK-01-M390-ready","LINK-01","ربط الطرف المحلي بالمنشأة","LINK","M","390","ready","جاهز","M3","C-PICK C-DIALOG C-PHASE","09-D5-Platform-Integrations.dc.html","owner_approved","not_drawn",""
"LINK-01-M390-validation_error","LINK-01","ربط الطرف المحلي بالمنشأة","LINK","M","390","validation_error","خطأ تحقق","M3","C-PICK C-DIALOG C-PHASE","09-D5-Platform-Integrations.dc.html","owner_approved","not_drawn",""
"LINK-01-M390-permission_denied","LINK-01","ربط الطرف المحلي بالمنشأة","LINK","M","390","permission_denied","صلاحية مرفوضة","M3","C-PICK C-DIALOG C-PHASE","09-D5-Platform-Integrations.dc.html","owner_approved","not_drawn",""
"LINK-01-M390-success","LINK-01","ربط الطرف المحلي بالمنشأة","LINK","M","390","success","نجاح","M3","C-PICK C-DIALOG C-PHASE","09-D5-Platform-Integrations.dc.html","owner_approved","not_drawn",""
"LINK-01-M390-phase_locked","LINK-01","ربط الطرف المحلي بالمنشأة","LINK","M","390","phase_locked","مرحلة غير مفعّلة","M3","C-PICK C-DIALOG C-PHASE","09-D5-Platform-Integrations.dc.html","owner_approved","not_drawn",""
"LINK-01-D1366-ready","LINK-01","ربط الطرف المحلي بالمنشأة","LINK","D","1366","ready","جاهز","M3","C-PICK C-DIALOG C-PHASE","09-D5-Platform-Integrations.dc.html","owner_approved","not_drawn",""
"LINK-01-D1366-validation_error","LINK-01","ربط الطرف المحلي بالمنشأة","LINK","D","1366","validation_error","خطأ تحقق","M3","C-PICK C-DIALOG C-PHASE","09-D5-Platform-Integrations.dc.html","owner_approved","not_drawn",""
"LINK-01-D1366-permission_denied","LINK-01","ربط الطرف المحلي بالمنشأة","LINK","D","1366","permission_denied","صلاحية مرفوضة","M3","C-PICK C-DIALOG C-PHASE","09-D5-Platform-Integrations.dc.html","owner_approved","not_drawn",""
"LINK-01-D1366-success","LINK-01","ربط الطرف المحلي بالمنشأة","LINK","D","1366","success","نجاح","M3","C-PICK C-DIALOG C-PHASE","09-D5-Platform-Integrations.dc.html","owner_approved","not_drawn",""
"LINK-01-D1366-phase_locked","LINK-01","ربط الطرف المحلي بالمنشأة","LINK","D","1366","phase_locked","مرحلة غير مفعّلة","M3","C-PICK C-DIALOG C-PHASE","09-D5-Platform-Integrations.dc.html","owner_approved","not_drawn",""
"LINK-01-D1920-ready","LINK-01","ربط الطرف المحلي بالمنشأة","LINK","D","1920","ready","جاهز","M3","C-PICK C-DIALOG C-PHASE","09-D5-Platform-Integrations.dc.html","owner_approved","not_drawn",""
"LINK-01-D1920-validation_error","LINK-01","ربط الطرف المحلي بالمنشأة","LINK","D","1920","validation_error","خطأ تحقق","M3","C-PICK C-DIALOG C-PHASE","09-D5-Platform-Integrations.dc.html","owner_approved","not_drawn",""
"LINK-01-D1920-permission_denied","LINK-01","ربط الطرف المحلي بالمنشأة","LINK","D","1920","permission_denied","صلاحية مرفوضة","M3","C-PICK C-DIALOG C-PHASE","09-D5-Platform-Integrations.dc.html","owner_approved","not_drawn",""
"LINK-01-D1920-success","LINK-01","ربط الطرف المحلي بالمنشأة","LINK","D","1920","success","نجاح","M3","C-PICK C-DIALOG C-PHASE","09-D5-Platform-Integrations.dc.html","owner_approved","not_drawn",""
"LINK-01-D1920-phase_locked","LINK-01","ربط الطرف المحلي بالمنشأة","LINK","D","1920","phase_locked","مرحلة غير مفعّلة","M3","C-PICK C-DIALOG C-PHASE","09-D5-Platform-Integrations.dc.html","owner_approved","not_drawn",""
"LINK-02-W390-ready","LINK-02","مطابقة أصناف ووحدات الطرفين","LINK","W","390","ready","جاهز","M3","C-TABLE C-QTYUNIT C-PHASE","09-D5-Platform-Integrations.dc.html","owner_approved","not_drawn",""
"LINK-02-W390-validation_error","LINK-02","مطابقة أصناف ووحدات الطرفين","LINK","W","390","validation_error","خطأ تحقق","M3","C-TABLE C-QTYUNIT C-PHASE","09-D5-Platform-Integrations.dc.html","owner_approved","not_drawn",""
"LINK-02-W390-conflict","LINK-02","مطابقة أصناف ووحدات الطرفين","LINK","W","390","conflict","تعارض","M3","C-TABLE C-QTYUNIT C-PHASE","09-D5-Platform-Integrations.dc.html","owner_approved","not_drawn",""
"LINK-02-W390-success","LINK-02","مطابقة أصناف ووحدات الطرفين","LINK","W","390","success","نجاح","M3","C-TABLE C-QTYUNIT C-PHASE","09-D5-Platform-Integrations.dc.html","owner_approved","not_drawn",""
"LINK-02-W390-phase_locked","LINK-02","مطابقة أصناف ووحدات الطرفين","LINK","W","390","phase_locked","مرحلة غير مفعّلة","M3","C-TABLE C-QTYUNIT C-PHASE","09-D5-Platform-Integrations.dc.html","owner_approved","not_drawn",""
"LINK-02-W834-ready","LINK-02","مطابقة أصناف ووحدات الطرفين","LINK","W","834","ready","جاهز","M3","C-TABLE C-QTYUNIT C-PHASE","09-D5-Platform-Integrations.dc.html","owner_approved","not_drawn",""
"LINK-02-W834-validation_error","LINK-02","مطابقة أصناف ووحدات الطرفين","LINK","W","834","validation_error","خطأ تحقق","M3","C-TABLE C-QTYUNIT C-PHASE","09-D5-Platform-Integrations.dc.html","owner_approved","not_drawn",""
"LINK-02-W834-conflict","LINK-02","مطابقة أصناف ووحدات الطرفين","LINK","W","834","conflict","تعارض","M3","C-TABLE C-QTYUNIT C-PHASE","09-D5-Platform-Integrations.dc.html","owner_approved","not_drawn",""
"LINK-02-W834-success","LINK-02","مطابقة أصناف ووحدات الطرفين","LINK","W","834","success","نجاح","M3","C-TABLE C-QTYUNIT C-PHASE","09-D5-Platform-Integrations.dc.html","owner_approved","not_drawn",""
"LINK-02-W834-phase_locked","LINK-02","مطابقة أصناف ووحدات الطرفين","LINK","W","834","phase_locked","مرحلة غير مفعّلة","M3","C-TABLE C-QTYUNIT C-PHASE","09-D5-Platform-Integrations.dc.html","owner_approved","not_drawn",""
"LINK-02-W1440-ready","LINK-02","مطابقة أصناف ووحدات الطرفين","LINK","W","1440","ready","جاهز","M3","C-TABLE C-QTYUNIT C-PHASE","09-D5-Platform-Integrations.dc.html","owner_approved","drawn","29-D22-Marketplace-Link-Complete.dc.html#LINK-02"
"LINK-02-W1440-validation_error","LINK-02","مطابقة أصناف ووحدات الطرفين","LINK","W","1440","validation_error","خطأ تحقق","M3","C-TABLE C-QTYUNIT C-PHASE","09-D5-Platform-Integrations.dc.html","owner_approved","drawn","38-D30-Catalog-Shifts-Link-Growth.dc.html#LINK-02"
"LINK-02-W1440-conflict","LINK-02","مطابقة أصناف ووحدات الطرفين","LINK","W","1440","conflict","تعارض","M3","C-TABLE C-QTYUNIT C-PHASE","09-D5-Platform-Integrations.dc.html","owner_approved","drawn","29-D22-Marketplace-Link-Complete.dc.html#LINK-02"
"LINK-02-W1440-success","LINK-02","مطابقة أصناف ووحدات الطرفين","LINK","W","1440","success","نجاح","M3","C-TABLE C-QTYUNIT C-PHASE","09-D5-Platform-Integrations.dc.html","owner_approved","drawn","38-D30-Catalog-Shifts-Link-Growth.dc.html#LINK-02"
"LINK-02-W1440-phase_locked","LINK-02","مطابقة أصناف ووحدات الطرفين","LINK","W","1440","phase_locked","مرحلة غير مفعّلة","M3","C-TABLE C-QTYUNIT C-PHASE","09-D5-Platform-Integrations.dc.html","owner_approved","drawn","29-D22-Marketplace-Link-Complete.dc.html#LINK-02"
"LINK-02-M390-ready","LINK-02","مطابقة أصناف ووحدات الطرفين","LINK","M","390","ready","جاهز","M3","C-TABLE C-QTYUNIT C-PHASE","09-D5-Platform-Integrations.dc.html","owner_approved","not_drawn",""
"LINK-02-M390-validation_error","LINK-02","مطابقة أصناف ووحدات الطرفين","LINK","M","390","validation_error","خطأ تحقق","M3","C-TABLE C-QTYUNIT C-PHASE","09-D5-Platform-Integrations.dc.html","owner_approved","not_drawn",""
"LINK-02-M390-conflict","LINK-02","مطابقة أصناف ووحدات الطرفين","LINK","M","390","conflict","تعارض","M3","C-TABLE C-QTYUNIT C-PHASE","09-D5-Platform-Integrations.dc.html","owner_approved","not_drawn",""
"LINK-02-M390-success","LINK-02","مطابقة أصناف ووحدات الطرفين","LINK","M","390","success","نجاح","M3","C-TABLE C-QTYUNIT C-PHASE","09-D5-Platform-Integrations.dc.html","owner_approved","not_drawn",""
"LINK-02-M390-phase_locked","LINK-02","مطابقة أصناف ووحدات الطرفين","LINK","M","390","phase_locked","مرحلة غير مفعّلة","M3","C-TABLE C-QTYUNIT C-PHASE","09-D5-Platform-Integrations.dc.html","owner_approved","not_drawn",""
"LINK-02-D1366-ready","LINK-02","مطابقة أصناف ووحدات الطرفين","LINK","D","1366","ready","جاهز","M3","C-TABLE C-QTYUNIT C-PHASE","09-D5-Platform-Integrations.dc.html","owner_approved","not_drawn",""
"LINK-02-D1366-validation_error","LINK-02","مطابقة أصناف ووحدات الطرفين","LINK","D","1366","validation_error","خطأ تحقق","M3","C-TABLE C-QTYUNIT C-PHASE","09-D5-Platform-Integrations.dc.html","owner_approved","not_drawn",""
"LINK-02-D1366-conflict","LINK-02","مطابقة أصناف ووحدات الطرفين","LINK","D","1366","conflict","تعارض","M3","C-TABLE C-QTYUNIT C-PHASE","09-D5-Platform-Integrations.dc.html","owner_approved","not_drawn",""
"LINK-02-D1366-success","LINK-02","مطابقة أصناف ووحدات الطرفين","LINK","D","1366","success","نجاح","M3","C-TABLE C-QTYUNIT C-PHASE","09-D5-Platform-Integrations.dc.html","owner_approved","not_drawn",""
"LINK-02-D1366-phase_locked","LINK-02","مطابقة أصناف ووحدات الطرفين","LINK","D","1366","phase_locked","مرحلة غير مفعّلة","M3","C-TABLE C-QTYUNIT C-PHASE","09-D5-Platform-Integrations.dc.html","owner_approved","not_drawn",""
"LINK-02-D1920-ready","LINK-02","مطابقة أصناف ووحدات الطرفين","LINK","D","1920","ready","جاهز","M3","C-TABLE C-QTYUNIT C-PHASE","09-D5-Platform-Integrations.dc.html","owner_approved","not_drawn",""
"LINK-02-D1920-validation_error","LINK-02","مطابقة أصناف ووحدات الطرفين","LINK","D","1920","validation_error","خطأ تحقق","M3","C-TABLE C-QTYUNIT C-PHASE","09-D5-Platform-Integrations.dc.html","owner_approved","not_drawn",""
"LINK-02-D1920-conflict","LINK-02","مطابقة أصناف ووحدات الطرفين","LINK","D","1920","conflict","تعارض","M3","C-TABLE C-QTYUNIT C-PHASE","09-D5-Platform-Integrations.dc.html","owner_approved","not_drawn",""
"LINK-02-D1920-success","LINK-02","مطابقة أصناف ووحدات الطرفين","LINK","D","1920","success","نجاح","M3","C-TABLE C-QTYUNIT C-PHASE","09-D5-Platform-Integrations.dc.html","owner_approved","not_drawn",""
"LINK-02-D1920-phase_locked","LINK-02","مطابقة أصناف ووحدات الطرفين","LINK","D","1920","phase_locked","مرحلة غير مفعّلة","M3","C-TABLE C-QTYUNIT C-PHASE","09-D5-Platform-Integrations.dc.html","owner_approved","not_drawn",""
"LINK-03-W390-ready","LINK-03","تحويل استلام أو بيع إلى مستند","LINK","W","390","ready","جاهز","M3","C-DOCPRV C-DIALOG C-PHASE","09-D5-Platform-Integrations.dc.html","owner_approved","not_drawn",""
"LINK-03-W390-validation_error","LINK-03","تحويل استلام أو بيع إلى مستند","LINK","W","390","validation_error","خطأ تحقق","M3","C-DOCPRV C-DIALOG C-PHASE","09-D5-Platform-Integrations.dc.html","owner_approved","not_drawn",""
"LINK-03-W390-conflict","LINK-03","تحويل استلام أو بيع إلى مستند","LINK","W","390","conflict","تعارض","M3","C-DOCPRV C-DIALOG C-PHASE","09-D5-Platform-Integrations.dc.html","owner_approved","not_drawn",""
"LINK-03-W390-success","LINK-03","تحويل استلام أو بيع إلى مستند","LINK","W","390","success","نجاح","M3","C-DOCPRV C-DIALOG C-PHASE","09-D5-Platform-Integrations.dc.html","owner_approved","not_drawn",""
"LINK-03-W390-phase_locked","LINK-03","تحويل استلام أو بيع إلى مستند","LINK","W","390","phase_locked","مرحلة غير مفعّلة","M3","C-DOCPRV C-DIALOG C-PHASE","09-D5-Platform-Integrations.dc.html","owner_approved","not_drawn",""
"LINK-03-W834-ready","LINK-03","تحويل استلام أو بيع إلى مستند","LINK","W","834","ready","جاهز","M3","C-DOCPRV C-DIALOG C-PHASE","09-D5-Platform-Integrations.dc.html","owner_approved","not_drawn",""
"LINK-03-W834-validation_error","LINK-03","تحويل استلام أو بيع إلى مستند","LINK","W","834","validation_error","خطأ تحقق","M3","C-DOCPRV C-DIALOG C-PHASE","09-D5-Platform-Integrations.dc.html","owner_approved","not_drawn",""
"LINK-03-W834-conflict","LINK-03","تحويل استلام أو بيع إلى مستند","LINK","W","834","conflict","تعارض","M3","C-DOCPRV C-DIALOG C-PHASE","09-D5-Platform-Integrations.dc.html","owner_approved","not_drawn",""
"LINK-03-W834-success","LINK-03","تحويل استلام أو بيع إلى مستند","LINK","W","834","success","نجاح","M3","C-DOCPRV C-DIALOG C-PHASE","09-D5-Platform-Integrations.dc.html","owner_approved","not_drawn",""
"LINK-03-W834-phase_locked","LINK-03","تحويل استلام أو بيع إلى مستند","LINK","W","834","phase_locked","مرحلة غير مفعّلة","M3","C-DOCPRV C-DIALOG C-PHASE","09-D5-Platform-Integrations.dc.html","owner_approved","not_drawn",""
"LINK-03-W1440-ready","LINK-03","تحويل استلام أو بيع إلى مستند","LINK","W","1440","ready","جاهز","M3","C-DOCPRV C-DIALOG C-PHASE","09-D5-Platform-Integrations.dc.html","owner_approved","drawn","29-D22-Marketplace-Link-Complete.dc.html#LINK-03"
"LINK-03-W1440-validation_error","LINK-03","تحويل استلام أو بيع إلى مستند","LINK","W","1440","validation_error","خطأ تحقق","M3","C-DOCPRV C-DIALOG C-PHASE","09-D5-Platform-Integrations.dc.html","owner_approved","drawn","38-D30-Catalog-Shifts-Link-Growth.dc.html#LINK-03"
"LINK-03-W1440-conflict","LINK-03","تحويل استلام أو بيع إلى مستند","LINK","W","1440","conflict","تعارض","M3","C-DOCPRV C-DIALOG C-PHASE","09-D5-Platform-Integrations.dc.html","owner_approved","drawn","29-D22-Marketplace-Link-Complete.dc.html#LINK-03"
"LINK-03-W1440-success","LINK-03","تحويل استلام أو بيع إلى مستند","LINK","W","1440","success","نجاح","M3","C-DOCPRV C-DIALOG C-PHASE","09-D5-Platform-Integrations.dc.html","owner_approved","drawn","38-D30-Catalog-Shifts-Link-Growth.dc.html#LINK-03"
"LINK-03-W1440-phase_locked","LINK-03","تحويل استلام أو بيع إلى مستند","LINK","W","1440","phase_locked","مرحلة غير مفعّلة","M3","C-DOCPRV C-DIALOG C-PHASE","09-D5-Platform-Integrations.dc.html","owner_approved","drawn","29-D22-Marketplace-Link-Complete.dc.html#LINK-03"
"LINK-03-M390-ready","LINK-03","تحويل استلام أو بيع إلى مستند","LINK","M","390","ready","جاهز","M3","C-DOCPRV C-DIALOG C-PHASE","09-D5-Platform-Integrations.dc.html","owner_approved","not_drawn",""
"LINK-03-M390-validation_error","LINK-03","تحويل استلام أو بيع إلى مستند","LINK","M","390","validation_error","خطأ تحقق","M3","C-DOCPRV C-DIALOG C-PHASE","09-D5-Platform-Integrations.dc.html","owner_approved","not_drawn",""
"LINK-03-M390-conflict","LINK-03","تحويل استلام أو بيع إلى مستند","LINK","M","390","conflict","تعارض","M3","C-DOCPRV C-DIALOG C-PHASE","09-D5-Platform-Integrations.dc.html","owner_approved","not_drawn",""
"LINK-03-M390-success","LINK-03","تحويل استلام أو بيع إلى مستند","LINK","M","390","success","نجاح","M3","C-DOCPRV C-DIALOG C-PHASE","09-D5-Platform-Integrations.dc.html","owner_approved","not_drawn",""
"LINK-03-M390-phase_locked","LINK-03","تحويل استلام أو بيع إلى مستند","LINK","M","390","phase_locked","مرحلة غير مفعّلة","M3","C-DOCPRV C-DIALOG C-PHASE","09-D5-Platform-Integrations.dc.html","owner_approved","not_drawn",""
"LINK-03-D1366-ready","LINK-03","تحويل استلام أو بيع إلى مستند","LINK","D","1366","ready","جاهز","M3","C-DOCPRV C-DIALOG C-PHASE","09-D5-Platform-Integrations.dc.html","owner_approved","not_drawn",""
"LINK-03-D1366-validation_error","LINK-03","تحويل استلام أو بيع إلى مستند","LINK","D","1366","validation_error","خطأ تحقق","M3","C-DOCPRV C-DIALOG C-PHASE","09-D5-Platform-Integrations.dc.html","owner_approved","not_drawn",""
"LINK-03-D1366-conflict","LINK-03","تحويل استلام أو بيع إلى مستند","LINK","D","1366","conflict","تعارض","M3","C-DOCPRV C-DIALOG C-PHASE","09-D5-Platform-Integrations.dc.html","owner_approved","not_drawn",""
"LINK-03-D1366-success","LINK-03","تحويل استلام أو بيع إلى مستند","LINK","D","1366","success","نجاح","M3","C-DOCPRV C-DIALOG C-PHASE","09-D5-Platform-Integrations.dc.html","owner_approved","not_drawn",""
"LINK-03-D1366-phase_locked","LINK-03","تحويل استلام أو بيع إلى مستند","LINK","D","1366","phase_locked","مرحلة غير مفعّلة","M3","C-DOCPRV C-DIALOG C-PHASE","09-D5-Platform-Integrations.dc.html","owner_approved","not_drawn",""
"LINK-03-D1920-ready","LINK-03","تحويل استلام أو بيع إلى مستند","LINK","D","1920","ready","جاهز","M3","C-DOCPRV C-DIALOG C-PHASE","09-D5-Platform-Integrations.dc.html","owner_approved","not_drawn",""
"LINK-03-D1920-validation_error","LINK-03","تحويل استلام أو بيع إلى مستند","LINK","D","1920","validation_error","خطأ تحقق","M3","C-DOCPRV C-DIALOG C-PHASE","09-D5-Platform-Integrations.dc.html","owner_approved","not_drawn",""
"LINK-03-D1920-conflict","LINK-03","تحويل استلام أو بيع إلى مستند","LINK","D","1920","conflict","تعارض","M3","C-DOCPRV C-DIALOG C-PHASE","09-D5-Platform-Integrations.dc.html","owner_approved","not_drawn",""
"LINK-03-D1920-success","LINK-03","تحويل استلام أو بيع إلى مستند","LINK","D","1920","success","نجاح","M3","C-DOCPRV C-DIALOG C-PHASE","09-D5-Platform-Integrations.dc.html","owner_approved","not_drawn",""
"LINK-03-D1920-phase_locked","LINK-03","تحويل استلام أو بيع إلى مستند","LINK","D","1920","phase_locked","مرحلة غير مفعّلة","M3","C-DOCPRV C-DIALOG C-PHASE","09-D5-Platform-Integrations.dc.html","owner_approved","not_drawn",""
"LINK-04-W390-ready","LINK-04","روابط مستندات وتسوية فرق","LINK","W","390","ready","جاهز","M3","C-TABLE C-MONEY C-PHASE","09-D5-Platform-Integrations.dc.html","owner_approved","not_drawn",""
"LINK-04-W390-empty","LINK-04","روابط مستندات وتسوية فرق","LINK","W","390","empty","فارغ","M3","C-TABLE C-MONEY C-PHASE","09-D5-Platform-Integrations.dc.html","owner_approved","not_drawn",""
"LINK-04-W390-conflict","LINK-04","روابط مستندات وتسوية فرق","LINK","W","390","conflict","تعارض","M3","C-TABLE C-MONEY C-PHASE","09-D5-Platform-Integrations.dc.html","owner_approved","not_drawn",""
"LINK-04-W390-permission_denied","LINK-04","روابط مستندات وتسوية فرق","LINK","W","390","permission_denied","صلاحية مرفوضة","M3","C-TABLE C-MONEY C-PHASE","09-D5-Platform-Integrations.dc.html","owner_approved","not_drawn",""
"LINK-04-W390-phase_locked","LINK-04","روابط مستندات وتسوية فرق","LINK","W","390","phase_locked","مرحلة غير مفعّلة","M3","C-TABLE C-MONEY C-PHASE","09-D5-Platform-Integrations.dc.html","owner_approved","not_drawn",""
"LINK-04-W834-ready","LINK-04","روابط مستندات وتسوية فرق","LINK","W","834","ready","جاهز","M3","C-TABLE C-MONEY C-PHASE","09-D5-Platform-Integrations.dc.html","owner_approved","not_drawn",""
"LINK-04-W834-empty","LINK-04","روابط مستندات وتسوية فرق","LINK","W","834","empty","فارغ","M3","C-TABLE C-MONEY C-PHASE","09-D5-Platform-Integrations.dc.html","owner_approved","not_drawn",""
"LINK-04-W834-conflict","LINK-04","روابط مستندات وتسوية فرق","LINK","W","834","conflict","تعارض","M3","C-TABLE C-MONEY C-PHASE","09-D5-Platform-Integrations.dc.html","owner_approved","not_drawn",""
"LINK-04-W834-permission_denied","LINK-04","روابط مستندات وتسوية فرق","LINK","W","834","permission_denied","صلاحية مرفوضة","M3","C-TABLE C-MONEY C-PHASE","09-D5-Platform-Integrations.dc.html","owner_approved","not_drawn",""
"LINK-04-W834-phase_locked","LINK-04","روابط مستندات وتسوية فرق","LINK","W","834","phase_locked","مرحلة غير مفعّلة","M3","C-TABLE C-MONEY C-PHASE","09-D5-Platform-Integrations.dc.html","owner_approved","not_drawn",""
"LINK-04-W1440-ready","LINK-04","روابط مستندات وتسوية فرق","LINK","W","1440","ready","جاهز","M3","C-TABLE C-MONEY C-PHASE","09-D5-Platform-Integrations.dc.html","owner_approved","drawn","29-D22-Marketplace-Link-Complete.dc.html#LINK-04"
"LINK-04-W1440-empty","LINK-04","روابط مستندات وتسوية فرق","LINK","W","1440","empty","فارغ","M3","C-TABLE C-MONEY C-PHASE","09-D5-Platform-Integrations.dc.html","owner_approved","drawn","38-D30-Catalog-Shifts-Link-Growth.dc.html#LINK-04"
"LINK-04-W1440-conflict","LINK-04","روابط مستندات وتسوية فرق","LINK","W","1440","conflict","تعارض","M3","C-TABLE C-MONEY C-PHASE","09-D5-Platform-Integrations.dc.html","owner_approved","drawn","29-D22-Marketplace-Link-Complete.dc.html#LINK-04"
"LINK-04-W1440-permission_denied","LINK-04","روابط مستندات وتسوية فرق","LINK","W","1440","permission_denied","صلاحية مرفوضة","M3","C-TABLE C-MONEY C-PHASE","09-D5-Platform-Integrations.dc.html","owner_approved","drawn","29-D22-Marketplace-Link-Complete.dc.html#LINK-04"
"LINK-04-W1440-phase_locked","LINK-04","روابط مستندات وتسوية فرق","LINK","W","1440","phase_locked","مرحلة غير مفعّلة","M3","C-TABLE C-MONEY C-PHASE","09-D5-Platform-Integrations.dc.html","owner_approved","drawn","29-D22-Marketplace-Link-Complete.dc.html#LINK-04"
"LINK-04-M390-ready","LINK-04","روابط مستندات وتسوية فرق","LINK","M","390","ready","جاهز","M3","C-TABLE C-MONEY C-PHASE","09-D5-Platform-Integrations.dc.html","owner_approved","not_drawn",""
"LINK-04-M390-empty","LINK-04","روابط مستندات وتسوية فرق","LINK","M","390","empty","فارغ","M3","C-TABLE C-MONEY C-PHASE","09-D5-Platform-Integrations.dc.html","owner_approved","not_drawn",""
"LINK-04-M390-conflict","LINK-04","روابط مستندات وتسوية فرق","LINK","M","390","conflict","تعارض","M3","C-TABLE C-MONEY C-PHASE","09-D5-Platform-Integrations.dc.html","owner_approved","not_drawn",""
"LINK-04-M390-permission_denied","LINK-04","روابط مستندات وتسوية فرق","LINK","M","390","permission_denied","صلاحية مرفوضة","M3","C-TABLE C-MONEY C-PHASE","09-D5-Platform-Integrations.dc.html","owner_approved","not_drawn",""
"LINK-04-M390-phase_locked","LINK-04","روابط مستندات وتسوية فرق","LINK","M","390","phase_locked","مرحلة غير مفعّلة","M3","C-TABLE C-MONEY C-PHASE","09-D5-Platform-Integrations.dc.html","owner_approved","not_drawn",""
"LINK-04-D1366-ready","LINK-04","روابط مستندات وتسوية فرق","LINK","D","1366","ready","جاهز","M3","C-TABLE C-MONEY C-PHASE","09-D5-Platform-Integrations.dc.html","owner_approved","not_drawn",""
"LINK-04-D1366-empty","LINK-04","روابط مستندات وتسوية فرق","LINK","D","1366","empty","فارغ","M3","C-TABLE C-MONEY C-PHASE","09-D5-Platform-Integrations.dc.html","owner_approved","not_drawn",""
"LINK-04-D1366-conflict","LINK-04","روابط مستندات وتسوية فرق","LINK","D","1366","conflict","تعارض","M3","C-TABLE C-MONEY C-PHASE","09-D5-Platform-Integrations.dc.html","owner_approved","not_drawn",""
"LINK-04-D1366-permission_denied","LINK-04","روابط مستندات وتسوية فرق","LINK","D","1366","permission_denied","صلاحية مرفوضة","M3","C-TABLE C-MONEY C-PHASE","09-D5-Platform-Integrations.dc.html","owner_approved","not_drawn",""
"LINK-04-D1366-phase_locked","LINK-04","روابط مستندات وتسوية فرق","LINK","D","1366","phase_locked","مرحلة غير مفعّلة","M3","C-TABLE C-MONEY C-PHASE","09-D5-Platform-Integrations.dc.html","owner_approved","not_drawn",""
"LINK-04-D1920-ready","LINK-04","روابط مستندات وتسوية فرق","LINK","D","1920","ready","جاهز","M3","C-TABLE C-MONEY C-PHASE","09-D5-Platform-Integrations.dc.html","owner_approved","not_drawn",""
"LINK-04-D1920-empty","LINK-04","روابط مستندات وتسوية فرق","LINK","D","1920","empty","فارغ","M3","C-TABLE C-MONEY C-PHASE","09-D5-Platform-Integrations.dc.html","owner_approved","not_drawn",""
"LINK-04-D1920-conflict","LINK-04","روابط مستندات وتسوية فرق","LINK","D","1920","conflict","تعارض","M3","C-TABLE C-MONEY C-PHASE","09-D5-Platform-Integrations.dc.html","owner_approved","not_drawn",""
"LINK-04-D1920-permission_denied","LINK-04","روابط مستندات وتسوية فرق","LINK","D","1920","permission_denied","صلاحية مرفوضة","M3","C-TABLE C-MONEY C-PHASE","09-D5-Platform-Integrations.dc.html","owner_approved","not_drawn",""
"LINK-04-D1920-phase_locked","LINK-04","روابط مستندات وتسوية فرق","LINK","D","1920","phase_locked","مرحلة غير مفعّلة","M3","C-TABLE C-MONEY C-PHASE","09-D5-Platform-Integrations.dc.html","owner_approved","not_drawn",""
"LINK-05-W390-ready","LINK-05","تحويل المرتجع لمستند عكسي","LINK","W","390","ready","جاهز","M3","C-DOCPRV C-QTYUNIT C-PHASE","09-D5-Platform-Integrations.dc.html","owner_approved","not_drawn",""
"LINK-05-W390-partial","LINK-05","تحويل المرتجع لمستند عكسي","LINK","W","390","partial","جزئي","M3","C-DOCPRV C-QTYUNIT C-PHASE","09-D5-Platform-Integrations.dc.html","owner_approved","not_drawn",""
"LINK-05-W390-validation_error","LINK-05","تحويل المرتجع لمستند عكسي","LINK","W","390","validation_error","خطأ تحقق","M3","C-DOCPRV C-QTYUNIT C-PHASE","09-D5-Platform-Integrations.dc.html","owner_approved","not_drawn",""
"LINK-05-W390-success","LINK-05","تحويل المرتجع لمستند عكسي","LINK","W","390","success","نجاح","M3","C-DOCPRV C-QTYUNIT C-PHASE","09-D5-Platform-Integrations.dc.html","owner_approved","not_drawn",""
"LINK-05-W390-phase_locked","LINK-05","تحويل المرتجع لمستند عكسي","LINK","W","390","phase_locked","مرحلة غير مفعّلة","M3","C-DOCPRV C-QTYUNIT C-PHASE","09-D5-Platform-Integrations.dc.html","owner_approved","not_drawn",""
"LINK-05-W834-ready","LINK-05","تحويل المرتجع لمستند عكسي","LINK","W","834","ready","جاهز","M3","C-DOCPRV C-QTYUNIT C-PHASE","09-D5-Platform-Integrations.dc.html","owner_approved","not_drawn",""
"LINK-05-W834-partial","LINK-05","تحويل المرتجع لمستند عكسي","LINK","W","834","partial","جزئي","M3","C-DOCPRV C-QTYUNIT C-PHASE","09-D5-Platform-Integrations.dc.html","owner_approved","not_drawn",""
"LINK-05-W834-validation_error","LINK-05","تحويل المرتجع لمستند عكسي","LINK","W","834","validation_error","خطأ تحقق","M3","C-DOCPRV C-QTYUNIT C-PHASE","09-D5-Platform-Integrations.dc.html","owner_approved","not_drawn",""
"LINK-05-W834-success","LINK-05","تحويل المرتجع لمستند عكسي","LINK","W","834","success","نجاح","M3","C-DOCPRV C-QTYUNIT C-PHASE","09-D5-Platform-Integrations.dc.html","owner_approved","not_drawn",""
"LINK-05-W834-phase_locked","LINK-05","تحويل المرتجع لمستند عكسي","LINK","W","834","phase_locked","مرحلة غير مفعّلة","M3","C-DOCPRV C-QTYUNIT C-PHASE","09-D5-Platform-Integrations.dc.html","owner_approved","not_drawn",""
"LINK-05-W1440-ready","LINK-05","تحويل المرتجع لمستند عكسي","LINK","W","1440","ready","جاهز","M3","C-DOCPRV C-QTYUNIT C-PHASE","09-D5-Platform-Integrations.dc.html","owner_approved","drawn","29-D22-Marketplace-Link-Complete.dc.html#LINK-05"
"LINK-05-W1440-partial","LINK-05","تحويل المرتجع لمستند عكسي","LINK","W","1440","partial","جزئي","M3","C-DOCPRV C-QTYUNIT C-PHASE","09-D5-Platform-Integrations.dc.html","owner_approved","drawn","29-D22-Marketplace-Link-Complete.dc.html#LINK-05"
"LINK-05-W1440-validation_error","LINK-05","تحويل المرتجع لمستند عكسي","LINK","W","1440","validation_error","خطأ تحقق","M3","C-DOCPRV C-QTYUNIT C-PHASE","09-D5-Platform-Integrations.dc.html","owner_approved","drawn","38-D30-Catalog-Shifts-Link-Growth.dc.html#LINK-05"
"LINK-05-W1440-success","LINK-05","تحويل المرتجع لمستند عكسي","LINK","W","1440","success","نجاح","M3","C-DOCPRV C-QTYUNIT C-PHASE","09-D5-Platform-Integrations.dc.html","owner_approved","drawn","29-D22-Marketplace-Link-Complete.dc.html#LINK-05"
"LINK-05-W1440-phase_locked","LINK-05","تحويل المرتجع لمستند عكسي","LINK","W","1440","phase_locked","مرحلة غير مفعّلة","M3","C-DOCPRV C-QTYUNIT C-PHASE","09-D5-Platform-Integrations.dc.html","owner_approved","drawn","29-D22-Marketplace-Link-Complete.dc.html#LINK-05"
"LINK-05-M390-ready","LINK-05","تحويل المرتجع لمستند عكسي","LINK","M","390","ready","جاهز","M3","C-DOCPRV C-QTYUNIT C-PHASE","09-D5-Platform-Integrations.dc.html","owner_approved","not_drawn",""
"LINK-05-M390-partial","LINK-05","تحويل المرتجع لمستند عكسي","LINK","M","390","partial","جزئي","M3","C-DOCPRV C-QTYUNIT C-PHASE","09-D5-Platform-Integrations.dc.html","owner_approved","not_drawn",""
"LINK-05-M390-validation_error","LINK-05","تحويل المرتجع لمستند عكسي","LINK","M","390","validation_error","خطأ تحقق","M3","C-DOCPRV C-QTYUNIT C-PHASE","09-D5-Platform-Integrations.dc.html","owner_approved","not_drawn",""
"LINK-05-M390-success","LINK-05","تحويل المرتجع لمستند عكسي","LINK","M","390","success","نجاح","M3","C-DOCPRV C-QTYUNIT C-PHASE","09-D5-Platform-Integrations.dc.html","owner_approved","not_drawn",""
"LINK-05-M390-phase_locked","LINK-05","تحويل المرتجع لمستند عكسي","LINK","M","390","phase_locked","مرحلة غير مفعّلة","M3","C-DOCPRV C-QTYUNIT C-PHASE","09-D5-Platform-Integrations.dc.html","owner_approved","not_drawn",""
"LINK-05-D1366-ready","LINK-05","تحويل المرتجع لمستند عكسي","LINK","D","1366","ready","جاهز","M3","C-DOCPRV C-QTYUNIT C-PHASE","09-D5-Platform-Integrations.dc.html","owner_approved","not_drawn",""
"LINK-05-D1366-partial","LINK-05","تحويل المرتجع لمستند عكسي","LINK","D","1366","partial","جزئي","M3","C-DOCPRV C-QTYUNIT C-PHASE","09-D5-Platform-Integrations.dc.html","owner_approved","not_drawn",""
"LINK-05-D1366-validation_error","LINK-05","تحويل المرتجع لمستند عكسي","LINK","D","1366","validation_error","خطأ تحقق","M3","C-DOCPRV C-QTYUNIT C-PHASE","09-D5-Platform-Integrations.dc.html","owner_approved","not_drawn",""
"LINK-05-D1366-success","LINK-05","تحويل المرتجع لمستند عكسي","LINK","D","1366","success","نجاح","M3","C-DOCPRV C-QTYUNIT C-PHASE","09-D5-Platform-Integrations.dc.html","owner_approved","not_drawn",""
"LINK-05-D1366-phase_locked","LINK-05","تحويل المرتجع لمستند عكسي","LINK","D","1366","phase_locked","مرحلة غير مفعّلة","M3","C-DOCPRV C-QTYUNIT C-PHASE","09-D5-Platform-Integrations.dc.html","owner_approved","not_drawn",""
"LINK-05-D1920-ready","LINK-05","تحويل المرتجع لمستند عكسي","LINK","D","1920","ready","جاهز","M3","C-DOCPRV C-QTYUNIT C-PHASE","09-D5-Platform-Integrations.dc.html","owner_approved","not_drawn",""
"LINK-05-D1920-partial","LINK-05","تحويل المرتجع لمستند عكسي","LINK","D","1920","partial","جزئي","M3","C-DOCPRV C-QTYUNIT C-PHASE","09-D5-Platform-Integrations.dc.html","owner_approved","not_drawn",""
"LINK-05-D1920-validation_error","LINK-05","تحويل المرتجع لمستند عكسي","LINK","D","1920","validation_error","خطأ تحقق","M3","C-DOCPRV C-QTYUNIT C-PHASE","09-D5-Platform-Integrations.dc.html","owner_approved","not_drawn",""
"LINK-05-D1920-success","LINK-05","تحويل المرتجع لمستند عكسي","LINK","D","1920","success","نجاح","M3","C-DOCPRV C-QTYUNIT C-PHASE","09-D5-Platform-Integrations.dc.html","owner_approved","not_drawn",""
"LINK-05-D1920-phase_locked","LINK-05","تحويل المرتجع لمستند عكسي","LINK","D","1920","phase_locked","مرحلة غير مفعّلة","M3","C-DOCPRV C-QTYUNIT C-PHASE","09-D5-Platform-Integrations.dc.html","owner_approved","not_drawn",""
"GROW-01-W390-ready","GROW-01","اقتراح إعادة التوريد","GROW","W","390","ready","جاهز","M4","C-TABLE C-BTN C-PHASE","10-D6-Marketplace-Orders-Completion.dc.html","owner_approved","not_drawn",""
"GROW-01-W390-empty","GROW-01","اقتراح إعادة التوريد","GROW","W","390","empty","فارغ","M4","C-TABLE C-BTN C-PHASE","10-D6-Marketplace-Orders-Completion.dc.html","owner_approved","not_drawn",""
"GROW-01-W390-permission_denied","GROW-01","اقتراح إعادة التوريد","GROW","W","390","permission_denied","صلاحية مرفوضة","M4","C-TABLE C-BTN C-PHASE","10-D6-Marketplace-Orders-Completion.dc.html","owner_approved","not_drawn",""
"GROW-01-W390-phase_locked","GROW-01","اقتراح إعادة التوريد","GROW","W","390","phase_locked","مرحلة غير مفعّلة","M4","C-TABLE C-BTN C-PHASE","10-D6-Marketplace-Orders-Completion.dc.html","owner_approved","not_drawn",""
"GROW-01-W834-ready","GROW-01","اقتراح إعادة التوريد","GROW","W","834","ready","جاهز","M4","C-TABLE C-BTN C-PHASE","10-D6-Marketplace-Orders-Completion.dc.html","owner_approved","not_drawn",""
"GROW-01-W834-empty","GROW-01","اقتراح إعادة التوريد","GROW","W","834","empty","فارغ","M4","C-TABLE C-BTN C-PHASE","10-D6-Marketplace-Orders-Completion.dc.html","owner_approved","not_drawn",""
"GROW-01-W834-permission_denied","GROW-01","اقتراح إعادة التوريد","GROW","W","834","permission_denied","صلاحية مرفوضة","M4","C-TABLE C-BTN C-PHASE","10-D6-Marketplace-Orders-Completion.dc.html","owner_approved","not_drawn",""
"GROW-01-W834-phase_locked","GROW-01","اقتراح إعادة التوريد","GROW","W","834","phase_locked","مرحلة غير مفعّلة","M4","C-TABLE C-BTN C-PHASE","10-D6-Marketplace-Orders-Completion.dc.html","owner_approved","not_drawn",""
"GROW-01-W1440-ready","GROW-01","اقتراح إعادة التوريد","GROW","W","1440","ready","جاهز","M4","C-TABLE C-BTN C-PHASE","10-D6-Marketplace-Orders-Completion.dc.html","owner_approved","drawn","32-D24-Purchasing-Growth.dc.html#GROW-01"
"GROW-01-W1440-empty","GROW-01","اقتراح إعادة التوريد","GROW","W","1440","empty","فارغ","M4","C-TABLE C-BTN C-PHASE","10-D6-Marketplace-Orders-Completion.dc.html","owner_approved","drawn","32-D24-Purchasing-Growth.dc.html#GROW-01"
"GROW-01-W1440-permission_denied","GROW-01","اقتراح إعادة التوريد","GROW","W","1440","permission_denied","صلاحية مرفوضة","M4","C-TABLE C-BTN C-PHASE","10-D6-Marketplace-Orders-Completion.dc.html","owner_approved","drawn","32-D24-Purchasing-Growth.dc.html#GROW-01"
"GROW-01-W1440-phase_locked","GROW-01","اقتراح إعادة التوريد","GROW","W","1440","phase_locked","مرحلة غير مفعّلة","M4","C-TABLE C-BTN C-PHASE","10-D6-Marketplace-Orders-Completion.dc.html","owner_approved","drawn","32-D24-Purchasing-Growth.dc.html#GROW-01"
"GROW-01-M390-ready","GROW-01","اقتراح إعادة التوريد","GROW","M","390","ready","جاهز","M4","C-TABLE C-BTN C-PHASE","10-D6-Marketplace-Orders-Completion.dc.html","owner_approved","drawn","32-D24-Purchasing-Growth.dc.html#GROW-01"
"GROW-01-M390-empty","GROW-01","اقتراح إعادة التوريد","GROW","M","390","empty","فارغ","M4","C-TABLE C-BTN C-PHASE","10-D6-Marketplace-Orders-Completion.dc.html","owner_approved","not_drawn",""
"GROW-01-M390-permission_denied","GROW-01","اقتراح إعادة التوريد","GROW","M","390","permission_denied","صلاحية مرفوضة","M4","C-TABLE C-BTN C-PHASE","10-D6-Marketplace-Orders-Completion.dc.html","owner_approved","not_drawn",""
"GROW-01-M390-phase_locked","GROW-01","اقتراح إعادة التوريد","GROW","M","390","phase_locked","مرحلة غير مفعّلة","M4","C-TABLE C-BTN C-PHASE","10-D6-Marketplace-Orders-Completion.dc.html","owner_approved","not_drawn",""
"GROW-01-D1366-ready","GROW-01","اقتراح إعادة التوريد","GROW","D","1366","ready","جاهز","M4","C-TABLE C-BTN C-PHASE","10-D6-Marketplace-Orders-Completion.dc.html","owner_approved","not_drawn",""
"GROW-01-D1366-empty","GROW-01","اقتراح إعادة التوريد","GROW","D","1366","empty","فارغ","M4","C-TABLE C-BTN C-PHASE","10-D6-Marketplace-Orders-Completion.dc.html","owner_approved","not_drawn",""
"GROW-01-D1366-permission_denied","GROW-01","اقتراح إعادة التوريد","GROW","D","1366","permission_denied","صلاحية مرفوضة","M4","C-TABLE C-BTN C-PHASE","10-D6-Marketplace-Orders-Completion.dc.html","owner_approved","not_drawn",""
"GROW-01-D1366-phase_locked","GROW-01","اقتراح إعادة التوريد","GROW","D","1366","phase_locked","مرحلة غير مفعّلة","M4","C-TABLE C-BTN C-PHASE","10-D6-Marketplace-Orders-Completion.dc.html","owner_approved","not_drawn",""
"GROW-01-D1920-ready","GROW-01","اقتراح إعادة التوريد","GROW","D","1920","ready","جاهز","M4","C-TABLE C-BTN C-PHASE","10-D6-Marketplace-Orders-Completion.dc.html","owner_approved","drawn","32-D24-Purchasing-Growth.dc.html#GROW-01"
"GROW-01-D1920-empty","GROW-01","اقتراح إعادة التوريد","GROW","D","1920","empty","فارغ","M4","C-TABLE C-BTN C-PHASE","10-D6-Marketplace-Orders-Completion.dc.html","owner_approved","not_drawn",""
"GROW-01-D1920-permission_denied","GROW-01","اقتراح إعادة التوريد","GROW","D","1920","permission_denied","صلاحية مرفوضة","M4","C-TABLE C-BTN C-PHASE","10-D6-Marketplace-Orders-Completion.dc.html","owner_approved","not_drawn",""
"GROW-01-D1920-phase_locked","GROW-01","اقتراح إعادة التوريد","GROW","D","1920","phase_locked","مرحلة غير مفعّلة","M4","C-TABLE C-BTN C-PHASE","10-D6-Marketplace-Orders-Completion.dc.html","owner_approved","not_drawn",""
"GROW-02-W390-ready","GROW-02","تحليلات المورد","GROW","W","390","ready","جاهز","M4","C-TABLE C-FILTER C-PHASE","10-D6-Marketplace-Orders-Completion.dc.html","owner_approved","not_drawn",""
"GROW-02-W390-loading","GROW-02","تحليلات المورد","GROW","W","390","loading","تحميل","M4","C-TABLE C-FILTER C-PHASE","10-D6-Marketplace-Orders-Completion.dc.html","owner_approved","not_drawn",""
"GROW-02-W390-empty","GROW-02","تحليلات المورد","GROW","W","390","empty","فارغ","M4","C-TABLE C-FILTER C-PHASE","10-D6-Marketplace-Orders-Completion.dc.html","owner_approved","not_drawn",""
"GROW-02-W390-stale","GROW-02","تحليلات المورد","GROW","W","390","stale","بيانات قديمة","M4","C-TABLE C-FILTER C-PHASE","10-D6-Marketplace-Orders-Completion.dc.html","owner_approved","not_drawn",""
"GROW-02-W390-phase_locked","GROW-02","تحليلات المورد","GROW","W","390","phase_locked","مرحلة غير مفعّلة","M4","C-TABLE C-FILTER C-PHASE","10-D6-Marketplace-Orders-Completion.dc.html","owner_approved","not_drawn",""
"GROW-02-W834-ready","GROW-02","تحليلات المورد","GROW","W","834","ready","جاهز","M4","C-TABLE C-FILTER C-PHASE","10-D6-Marketplace-Orders-Completion.dc.html","owner_approved","not_drawn",""
"GROW-02-W834-loading","GROW-02","تحليلات المورد","GROW","W","834","loading","تحميل","M4","C-TABLE C-FILTER C-PHASE","10-D6-Marketplace-Orders-Completion.dc.html","owner_approved","not_drawn",""
"GROW-02-W834-empty","GROW-02","تحليلات المورد","GROW","W","834","empty","فارغ","M4","C-TABLE C-FILTER C-PHASE","10-D6-Marketplace-Orders-Completion.dc.html","owner_approved","not_drawn",""
"GROW-02-W834-stale","GROW-02","تحليلات المورد","GROW","W","834","stale","بيانات قديمة","M4","C-TABLE C-FILTER C-PHASE","10-D6-Marketplace-Orders-Completion.dc.html","owner_approved","not_drawn",""
"GROW-02-W834-phase_locked","GROW-02","تحليلات المورد","GROW","W","834","phase_locked","مرحلة غير مفعّلة","M4","C-TABLE C-FILTER C-PHASE","10-D6-Marketplace-Orders-Completion.dc.html","owner_approved","not_drawn",""
"GROW-02-W1440-ready","GROW-02","تحليلات المورد","GROW","W","1440","ready","جاهز","M4","C-TABLE C-FILTER C-PHASE","10-D6-Marketplace-Orders-Completion.dc.html","owner_approved","drawn","32-D24-Purchasing-Growth.dc.html#GROW-02"
"GROW-02-W1440-loading","GROW-02","تحليلات المورد","GROW","W","1440","loading","تحميل","M4","C-TABLE C-FILTER C-PHASE","10-D6-Marketplace-Orders-Completion.dc.html","owner_approved","drawn","32-D24-Purchasing-Growth.dc.html#GROW-02"
"GROW-02-W1440-empty","GROW-02","تحليلات المورد","GROW","W","1440","empty","فارغ","M4","C-TABLE C-FILTER C-PHASE","10-D6-Marketplace-Orders-Completion.dc.html","owner_approved","drawn","32-D24-Purchasing-Growth.dc.html#GROW-02"
"GROW-02-W1440-stale","GROW-02","تحليلات المورد","GROW","W","1440","stale","بيانات قديمة","M4","C-TABLE C-FILTER C-PHASE","10-D6-Marketplace-Orders-Completion.dc.html","owner_approved","drawn","32-D24-Purchasing-Growth.dc.html#GROW-02"
"GROW-02-W1440-phase_locked","GROW-02","تحليلات المورد","GROW","W","1440","phase_locked","مرحلة غير مفعّلة","M4","C-TABLE C-FILTER C-PHASE","10-D6-Marketplace-Orders-Completion.dc.html","owner_approved","drawn","32-D24-Purchasing-Growth.dc.html#GROW-02"
"GROW-02-M390-ready","GROW-02","تحليلات المورد","GROW","M","390","ready","جاهز","M4","C-TABLE C-FILTER C-PHASE","10-D6-Marketplace-Orders-Completion.dc.html","owner_approved","drawn","32-D24-Purchasing-Growth.dc.html#GROW-02"
"GROW-02-M390-loading","GROW-02","تحليلات المورد","GROW","M","390","loading","تحميل","M4","C-TABLE C-FILTER C-PHASE","10-D6-Marketplace-Orders-Completion.dc.html","owner_approved","not_drawn",""
"GROW-02-M390-empty","GROW-02","تحليلات المورد","GROW","M","390","empty","فارغ","M4","C-TABLE C-FILTER C-PHASE","10-D6-Marketplace-Orders-Completion.dc.html","owner_approved","not_drawn",""
"GROW-02-M390-stale","GROW-02","تحليلات المورد","GROW","M","390","stale","بيانات قديمة","M4","C-TABLE C-FILTER C-PHASE","10-D6-Marketplace-Orders-Completion.dc.html","owner_approved","not_drawn",""
"GROW-02-M390-phase_locked","GROW-02","تحليلات المورد","GROW","M","390","phase_locked","مرحلة غير مفعّلة","M4","C-TABLE C-FILTER C-PHASE","10-D6-Marketplace-Orders-Completion.dc.html","owner_approved","not_drawn",""
"GROW-02-D1366-ready","GROW-02","تحليلات المورد","GROW","D","1366","ready","جاهز","M4","C-TABLE C-FILTER C-PHASE","10-D6-Marketplace-Orders-Completion.dc.html","owner_approved","not_drawn",""
"GROW-02-D1366-loading","GROW-02","تحليلات المورد","GROW","D","1366","loading","تحميل","M4","C-TABLE C-FILTER C-PHASE","10-D6-Marketplace-Orders-Completion.dc.html","owner_approved","not_drawn",""
"GROW-02-D1366-empty","GROW-02","تحليلات المورد","GROW","D","1366","empty","فارغ","M4","C-TABLE C-FILTER C-PHASE","10-D6-Marketplace-Orders-Completion.dc.html","owner_approved","not_drawn",""
"GROW-02-D1366-stale","GROW-02","تحليلات المورد","GROW","D","1366","stale","بيانات قديمة","M4","C-TABLE C-FILTER C-PHASE","10-D6-Marketplace-Orders-Completion.dc.html","owner_approved","not_drawn",""
"GROW-02-D1366-phase_locked","GROW-02","تحليلات المورد","GROW","D","1366","phase_locked","مرحلة غير مفعّلة","M4","C-TABLE C-FILTER C-PHASE","10-D6-Marketplace-Orders-Completion.dc.html","owner_approved","not_drawn",""
"GROW-02-D1920-ready","GROW-02","تحليلات المورد","GROW","D","1920","ready","جاهز","M4","C-TABLE C-FILTER C-PHASE","10-D6-Marketplace-Orders-Completion.dc.html","owner_approved","drawn","32-D24-Purchasing-Growth.dc.html#GROW-02"
"GROW-02-D1920-loading","GROW-02","تحليلات المورد","GROW","D","1920","loading","تحميل","M4","C-TABLE C-FILTER C-PHASE","10-D6-Marketplace-Orders-Completion.dc.html","owner_approved","not_drawn",""
"GROW-02-D1920-empty","GROW-02","تحليلات المورد","GROW","D","1920","empty","فارغ","M4","C-TABLE C-FILTER C-PHASE","10-D6-Marketplace-Orders-Completion.dc.html","owner_approved","not_drawn",""
"GROW-02-D1920-stale","GROW-02","تحليلات المورد","GROW","D","1920","stale","بيانات قديمة","M4","C-TABLE C-FILTER C-PHASE","10-D6-Marketplace-Orders-Completion.dc.html","owner_approved","not_drawn",""
"GROW-02-D1920-phase_locked","GROW-02","تحليلات المورد","GROW","D","1920","phase_locked","مرحلة غير مفعّلة","M4","C-TABLE C-FILTER C-PHASE","10-D6-Marketplace-Orders-Completion.dc.html","owner_approved","not_drawn",""
"GROW-03-W390-ready","GROW-03","طلب عرض ممول ومعاينته","GROW","W","390","ready","جاهز","M4","C-DOCPRV C-AUD C-PHASE","10-D6-Marketplace-Orders-Completion.dc.html","owner_approved","not_drawn",""
"GROW-03-W390-validation_error","GROW-03","طلب عرض ممول ومعاينته","GROW","W","390","validation_error","خطأ تحقق","M4","C-DOCPRV C-AUD C-PHASE","10-D6-Marketplace-Orders-Completion.dc.html","owner_approved","not_drawn",""
"GROW-03-W390-permission_denied","GROW-03","طلب عرض ممول ومعاينته","GROW","W","390","permission_denied","صلاحية مرفوضة","M4","C-DOCPRV C-AUD C-PHASE","10-D6-Marketplace-Orders-Completion.dc.html","owner_approved","not_drawn",""
"GROW-03-W390-phase_locked","GROW-03","طلب عرض ممول ومعاينته","GROW","W","390","phase_locked","مرحلة غير مفعّلة","M4","C-DOCPRV C-AUD C-PHASE","10-D6-Marketplace-Orders-Completion.dc.html","owner_approved","not_drawn",""
"GROW-03-W834-ready","GROW-03","طلب عرض ممول ومعاينته","GROW","W","834","ready","جاهز","M4","C-DOCPRV C-AUD C-PHASE","10-D6-Marketplace-Orders-Completion.dc.html","owner_approved","not_drawn",""
"GROW-03-W834-validation_error","GROW-03","طلب عرض ممول ومعاينته","GROW","W","834","validation_error","خطأ تحقق","M4","C-DOCPRV C-AUD C-PHASE","10-D6-Marketplace-Orders-Completion.dc.html","owner_approved","not_drawn",""
"GROW-03-W834-permission_denied","GROW-03","طلب عرض ممول ومعاينته","GROW","W","834","permission_denied","صلاحية مرفوضة","M4","C-DOCPRV C-AUD C-PHASE","10-D6-Marketplace-Orders-Completion.dc.html","owner_approved","not_drawn",""
"GROW-03-W834-phase_locked","GROW-03","طلب عرض ممول ومعاينته","GROW","W","834","phase_locked","مرحلة غير مفعّلة","M4","C-DOCPRV C-AUD C-PHASE","10-D6-Marketplace-Orders-Completion.dc.html","owner_approved","not_drawn",""
"GROW-03-W1440-ready","GROW-03","طلب عرض ممول ومعاينته","GROW","W","1440","ready","جاهز","M4","C-DOCPRV C-AUD C-PHASE","10-D6-Marketplace-Orders-Completion.dc.html","owner_approved","drawn","21-D16-Subscription-Customer-Public.dc.html#GROW-03"
"GROW-03-W1440-validation_error","GROW-03","طلب عرض ممول ومعاينته","GROW","W","1440","validation_error","خطأ تحقق","M4","C-DOCPRV C-AUD C-PHASE","10-D6-Marketplace-Orders-Completion.dc.html","owner_approved","drawn","38-D30-Catalog-Shifts-Link-Growth.dc.html#GROW-03"
"GROW-03-W1440-permission_denied","GROW-03","طلب عرض ممول ومعاينته","GROW","W","1440","permission_denied","صلاحية مرفوضة","M4","C-DOCPRV C-AUD C-PHASE","10-D6-Marketplace-Orders-Completion.dc.html","owner_approved","drawn","38-D30-Catalog-Shifts-Link-Growth.dc.html#GROW-03"
"GROW-03-W1440-phase_locked","GROW-03","طلب عرض ممول ومعاينته","GROW","W","1440","phase_locked","مرحلة غير مفعّلة","M4","C-DOCPRV C-AUD C-PHASE","10-D6-Marketplace-Orders-Completion.dc.html","owner_approved","drawn","38-D30-Catalog-Shifts-Link-Growth.dc.html#GROW-03"
"GROW-03-M390-ready","GROW-03","طلب عرض ممول ومعاينته","GROW","M","390","ready","جاهز","M4","C-DOCPRV C-AUD C-PHASE","10-D6-Marketplace-Orders-Completion.dc.html","owner_approved","not_drawn",""
"GROW-03-M390-validation_error","GROW-03","طلب عرض ممول ومعاينته","GROW","M","390","validation_error","خطأ تحقق","M4","C-DOCPRV C-AUD C-PHASE","10-D6-Marketplace-Orders-Completion.dc.html","owner_approved","not_drawn",""
"GROW-03-M390-permission_denied","GROW-03","طلب عرض ممول ومعاينته","GROW","M","390","permission_denied","صلاحية مرفوضة","M4","C-DOCPRV C-AUD C-PHASE","10-D6-Marketplace-Orders-Completion.dc.html","owner_approved","not_drawn",""
"GROW-03-M390-phase_locked","GROW-03","طلب عرض ممول ومعاينته","GROW","M","390","phase_locked","مرحلة غير مفعّلة","M4","C-DOCPRV C-AUD C-PHASE","10-D6-Marketplace-Orders-Completion.dc.html","owner_approved","not_drawn",""
"GROW-03-D1366-ready","GROW-03","طلب عرض ممول ومعاينته","GROW","D","1366","ready","جاهز","M4","C-DOCPRV C-AUD C-PHASE","10-D6-Marketplace-Orders-Completion.dc.html","owner_approved","not_drawn",""
"GROW-03-D1366-validation_error","GROW-03","طلب عرض ممول ومعاينته","GROW","D","1366","validation_error","خطأ تحقق","M4","C-DOCPRV C-AUD C-PHASE","10-D6-Marketplace-Orders-Completion.dc.html","owner_approved","not_drawn",""
"GROW-03-D1366-permission_denied","GROW-03","طلب عرض ممول ومعاينته","GROW","D","1366","permission_denied","صلاحية مرفوضة","M4","C-DOCPRV C-AUD C-PHASE","10-D6-Marketplace-Orders-Completion.dc.html","owner_approved","not_drawn",""
"GROW-03-D1366-phase_locked","GROW-03","طلب عرض ممول ومعاينته","GROW","D","1366","phase_locked","مرحلة غير مفعّلة","M4","C-DOCPRV C-AUD C-PHASE","10-D6-Marketplace-Orders-Completion.dc.html","owner_approved","not_drawn",""
"GROW-03-D1920-ready","GROW-03","طلب عرض ممول ومعاينته","GROW","D","1920","ready","جاهز","M4","C-DOCPRV C-AUD C-PHASE","10-D6-Marketplace-Orders-Completion.dc.html","owner_approved","not_drawn",""
"GROW-03-D1920-validation_error","GROW-03","طلب عرض ممول ومعاينته","GROW","D","1920","validation_error","خطأ تحقق","M4","C-DOCPRV C-AUD C-PHASE","10-D6-Marketplace-Orders-Completion.dc.html","owner_approved","not_drawn",""
"GROW-03-D1920-permission_denied","GROW-03","طلب عرض ممول ومعاينته","GROW","D","1920","permission_denied","صلاحية مرفوضة","M4","C-DOCPRV C-AUD C-PHASE","10-D6-Marketplace-Orders-Completion.dc.html","owner_approved","not_drawn",""
"GROW-03-D1920-phase_locked","GROW-03","طلب عرض ممول ومعاينته","GROW","D","1920","phase_locked","مرحلة غير مفعّلة","M4","C-DOCPRV C-AUD C-PHASE","10-D6-Marketplace-Orders-Completion.dc.html","owner_approved","not_drawn",""
"CUS-01-C390-ready","CUS-01","صفحة محل عبر رابط أو QR","CUS","C","390","ready","جاهز","أساسي","C-FRAME C-TIMELIST C-NOTICE","21-D16-Subscription-Customer-Public.dc.html","owner_approved","drawn","21-D16-Subscription-Customer-Public.dc.html#CUS-01"
"CUS-01-C390-loading","CUS-01","صفحة محل عبر رابط أو QR","CUS","C","390","loading","تحميل","أساسي","C-FRAME C-TIMELIST C-NOTICE","21-D16-Subscription-Customer-Public.dc.html","owner_approved","drawn","37-D29-Desktop-Web-Customer-Public-Home.dc.html#CUS-01"
"CUS-01-C390-empty","CUS-01","صفحة محل عبر رابط أو QR","CUS","C","390","empty","فارغ","أساسي","C-FRAME C-TIMELIST C-NOTICE","21-D16-Subscription-Customer-Public.dc.html","owner_approved","drawn","37-D29-Desktop-Web-Customer-Public-Home.dc.html#CUS-01"
"CUS-01-C390-expired","CUS-01","صفحة محل عبر رابط أو QR","CUS","C","390","expired","منتهي الصلاحية","أساسي","C-FRAME C-TIMELIST C-NOTICE","21-D16-Subscription-Customer-Public.dc.html","owner_approved","drawn","37-D29-Desktop-Web-Customer-Public-Home.dc.html#CUS-01"
"CUS-01-C1440-ready","CUS-01","صفحة محل عبر رابط أو QR","CUS","C","1440","ready","جاهز","أساسي","C-FRAME C-TIMELIST C-NOTICE","21-D16-Subscription-Customer-Public.dc.html","owner_approved","not_drawn",""
"CUS-01-C1440-loading","CUS-01","صفحة محل عبر رابط أو QR","CUS","C","1440","loading","تحميل","أساسي","C-FRAME C-TIMELIST C-NOTICE","21-D16-Subscription-Customer-Public.dc.html","owner_approved","not_drawn",""
"CUS-01-C1440-empty","CUS-01","صفحة محل عبر رابط أو QR","CUS","C","1440","empty","فارغ","أساسي","C-FRAME C-TIMELIST C-NOTICE","21-D16-Subscription-Customer-Public.dc.html","owner_approved","not_drawn",""
"CUS-01-C1440-expired","CUS-01","صفحة محل عبر رابط أو QR","CUS","C","1440","expired","منتهي الصلاحية","أساسي","C-FRAME C-TIMELIST C-NOTICE","21-D16-Subscription-Customer-Public.dc.html","owner_approved","not_drawn",""
"CUS-02-C390-ready","CUS-02","اشتراك وإذن تنبيه","CUS","C","390","ready","جاهز","أساسي","C-BTN C-NOTICE C-FIELD","21-D16-Subscription-Customer-Public.dc.html","owner_approved","drawn","08-D4-Marketplace-Orders.dc.html#CUS-02"
"CUS-02-C390-validation_error","CUS-02","اشتراك وإذن تنبيه","CUS","C","390","validation_error","خطأ تحقق","أساسي","C-BTN C-NOTICE C-FIELD","21-D16-Subscription-Customer-Public.dc.html","owner_approved","drawn","37-D29-Desktop-Web-Customer-Public-Home.dc.html#CUS-02"
"CUS-02-C390-permission_denied","CUS-02","اشتراك وإذن تنبيه","CUS","C","390","permission_denied","صلاحية مرفوضة","أساسي","C-BTN C-NOTICE C-FIELD","21-D16-Subscription-Customer-Public.dc.html","owner_approved","drawn","21-D16-Subscription-Customer-Public.dc.html#CUS-02"
"CUS-02-C390-success","CUS-02","اشتراك وإذن تنبيه","CUS","C","390","success","نجاح","أساسي","C-BTN C-NOTICE C-FIELD","21-D16-Subscription-Customer-Public.dc.html","owner_approved","drawn","37-D29-Desktop-Web-Customer-Public-Home.dc.html#CUS-02"
"CUS-02-C1440-ready","CUS-02","اشتراك وإذن تنبيه","CUS","C","1440","ready","جاهز","أساسي","C-BTN C-NOTICE C-FIELD","21-D16-Subscription-Customer-Public.dc.html","owner_approved","not_drawn",""
"CUS-02-C1440-validation_error","CUS-02","اشتراك وإذن تنبيه","CUS","C","1440","validation_error","خطأ تحقق","أساسي","C-BTN C-NOTICE C-FIELD","21-D16-Subscription-Customer-Public.dc.html","owner_approved","not_drawn",""
"CUS-02-C1440-permission_denied","CUS-02","اشتراك وإذن تنبيه","CUS","C","1440","permission_denied","صلاحية مرفوضة","أساسي","C-BTN C-NOTICE C-FIELD","21-D16-Subscription-Customer-Public.dc.html","owner_approved","not_drawn",""
"CUS-02-C1440-success","CUS-02","اشتراك وإذن تنبيه","CUS","C","1440","success","نجاح","أساسي","C-BTN C-NOTICE C-FIELD","21-D16-Subscription-Customer-Public.dc.html","owner_approved","not_drawn",""
"CUS-03-C390-ready","CUS-03","قائمة رسائل المحل وتفاصيل","CUS","C","390","ready","جاهز","أساسي","C-TIMELIST C-STATUS C-NOTICE","21-D16-Subscription-Customer-Public.dc.html","owner_approved","drawn","21-D16-Subscription-Customer-Public.dc.html#CUS-03"
"CUS-03-C390-loading","CUS-03","قائمة رسائل المحل وتفاصيل","CUS","C","390","loading","تحميل","أساسي","C-TIMELIST C-STATUS C-NOTICE","21-D16-Subscription-Customer-Public.dc.html","owner_approved","drawn","37-D29-Desktop-Web-Customer-Public-Home.dc.html#CUS-03"
"CUS-03-C390-empty","CUS-03","قائمة رسائل المحل وتفاصيل","CUS","C","390","empty","فارغ","أساسي","C-TIMELIST C-STATUS C-NOTICE","21-D16-Subscription-Customer-Public.dc.html","owner_approved","drawn","37-D29-Desktop-Web-Customer-Public-Home.dc.html#CUS-03"
"CUS-03-C390-expired","CUS-03","قائمة رسائل المحل وتفاصيل","CUS","C","390","expired","منتهي الصلاحية","أساسي","C-TIMELIST C-STATUS C-NOTICE","21-D16-Subscription-Customer-Public.dc.html","owner_approved","drawn","37-D29-Desktop-Web-Customer-Public-Home.dc.html#CUS-03"
"CUS-03-C390-permission_denied","CUS-03","قائمة رسائل المحل وتفاصيل","CUS","C","390","permission_denied","صلاحية مرفوضة","أساسي","C-TIMELIST C-STATUS C-NOTICE","21-D16-Subscription-Customer-Public.dc.html","owner_approved","drawn","37-D29-Desktop-Web-Customer-Public-Home.dc.html#CUS-03"
"CUS-03-C1440-ready","CUS-03","قائمة رسائل المحل وتفاصيل","CUS","C","1440","ready","جاهز","أساسي","C-TIMELIST C-STATUS C-NOTICE","21-D16-Subscription-Customer-Public.dc.html","owner_approved","not_drawn",""
"CUS-03-C1440-loading","CUS-03","قائمة رسائل المحل وتفاصيل","CUS","C","1440","loading","تحميل","أساسي","C-TIMELIST C-STATUS C-NOTICE","21-D16-Subscription-Customer-Public.dc.html","owner_approved","not_drawn",""
"CUS-03-C1440-empty","CUS-03","قائمة رسائل المحل وتفاصيل","CUS","C","1440","empty","فارغ","أساسي","C-TIMELIST C-STATUS C-NOTICE","21-D16-Subscription-Customer-Public.dc.html","owner_approved","not_drawn",""
"CUS-03-C1440-expired","CUS-03","قائمة رسائل المحل وتفاصيل","CUS","C","1440","expired","منتهي الصلاحية","أساسي","C-TIMELIST C-STATUS C-NOTICE","21-D16-Subscription-Customer-Public.dc.html","owner_approved","not_drawn",""
"CUS-03-C1440-permission_denied","CUS-03","قائمة رسائل المحل وتفاصيل","CUS","C","1440","permission_denied","صلاحية مرفوضة","أساسي","C-TIMELIST C-STATUS C-NOTICE","21-D16-Subscription-Customer-Public.dc.html","owner_approved","not_drawn",""
"CUS-04-C390-ready","CUS-04","تفضيلات وإلغاء الاشتراك","CUS","C","390","ready","جاهز","أساسي","C-FIELD C-DIALOG C-STATUS","21-D16-Subscription-Customer-Public.dc.html","owner_approved","drawn","08-D4-Marketplace-Orders.dc.html#CUS-04"
"CUS-04-C390-validation_error","CUS-04","تفضيلات وإلغاء الاشتراك","CUS","C","390","validation_error","خطأ تحقق","أساسي","C-FIELD C-DIALOG C-STATUS","21-D16-Subscription-Customer-Public.dc.html","owner_approved","drawn","37-D29-Desktop-Web-Customer-Public-Home.dc.html#CUS-04"
"CUS-04-C390-success","CUS-04","تفضيلات وإلغاء الاشتراك","CUS","C","390","success","نجاح","أساسي","C-FIELD C-DIALOG C-STATUS","21-D16-Subscription-Customer-Public.dc.html","owner_approved","drawn","21-D16-Subscription-Customer-Public.dc.html#CUS-04"
"CUS-04-C1440-ready","CUS-04","تفضيلات وإلغاء الاشتراك","CUS","C","1440","ready","جاهز","أساسي","C-FIELD C-DIALOG C-STATUS","21-D16-Subscription-Customer-Public.dc.html","owner_approved","not_drawn",""
"CUS-04-C1440-validation_error","CUS-04","تفضيلات وإلغاء الاشتراك","CUS","C","1440","validation_error","خطأ تحقق","أساسي","C-FIELD C-DIALOG C-STATUS","21-D16-Subscription-Customer-Public.dc.html","owner_approved","not_drawn",""
"CUS-04-C1440-success","CUS-04","تفضيلات وإلغاء الاشتراك","CUS","C","1440","success","نجاح","أساسي","C-FIELD C-DIALOG C-STATUS","21-D16-Subscription-Customer-Public.dc.html","owner_approved","not_drawn",""
"CUS-05-C390-ready","CUS-05","إذن مرفوض أو اشتراك منتهٍ","CUS","C","390","ready","جاهز","أساسي","C-NOTICE C-BTN C-STATUS","21-D16-Subscription-Customer-Public.dc.html","owner_approved","drawn","37-D29-Desktop-Web-Customer-Public-Home.dc.html#CUS-05"
"CUS-05-C390-permission_denied","CUS-05","إذن مرفوض أو اشتراك منتهٍ","CUS","C","390","permission_denied","صلاحية مرفوضة","أساسي","C-NOTICE C-BTN C-STATUS","21-D16-Subscription-Customer-Public.dc.html","owner_approved","drawn","08-D4-Marketplace-Orders.dc.html#CUS-05"
"CUS-05-C390-expired","CUS-05","إذن مرفوض أو اشتراك منتهٍ","CUS","C","390","expired","منتهي الصلاحية","أساسي","C-NOTICE C-BTN C-STATUS","21-D16-Subscription-Customer-Public.dc.html","owner_approved","drawn","21-D16-Subscription-Customer-Public.dc.html#CUS-05"
"CUS-05-C1440-ready","CUS-05","إذن مرفوض أو اشتراك منتهٍ","CUS","C","1440","ready","جاهز","أساسي","C-NOTICE C-BTN C-STATUS","21-D16-Subscription-Customer-Public.dc.html","owner_approved","not_drawn",""
"CUS-05-C1440-permission_denied","CUS-05","إذن مرفوض أو اشتراك منتهٍ","CUS","C","1440","permission_denied","صلاحية مرفوضة","أساسي","C-NOTICE C-BTN C-STATUS","21-D16-Subscription-Customer-Public.dc.html","owner_approved","not_drawn",""
"CUS-05-C1440-expired","CUS-05","إذن مرفوض أو اشتراك منتهٍ","CUS","C","1440","expired","منتهي الصلاحية","أساسي","C-NOTICE C-BTN C-STATUS","21-D16-Subscription-Customer-Public.dc.html","owner_approved","not_drawn",""
"PLT-01-A390-ready","PLT-01","دخول الإدارة ومساحة المشغل","PLT","A","390","ready","جاهز","أساسي","C-FRAME C-NAV C-FIELD","18-D13-Platform-Operator.dc.html","owner_approved","not_drawn",""
"PLT-01-A390-validation_error","PLT-01","دخول الإدارة ومساحة المشغل","PLT","A","390","validation_error","خطأ تحقق","أساسي","C-FRAME C-NAV C-FIELD","18-D13-Platform-Operator.dc.html","owner_approved","not_drawn",""
"PLT-01-A390-permission_denied","PLT-01","دخول الإدارة ومساحة المشغل","PLT","A","390","permission_denied","صلاحية مرفوضة","أساسي","C-FRAME C-NAV C-FIELD","18-D13-Platform-Operator.dc.html","owner_approved","not_drawn",""
"PLT-01-A834-ready","PLT-01","دخول الإدارة ومساحة المشغل","PLT","A","834","ready","جاهز","أساسي","C-FRAME C-NAV C-FIELD","18-D13-Platform-Operator.dc.html","owner_approved","not_drawn",""
"PLT-01-A834-validation_error","PLT-01","دخول الإدارة ومساحة المشغل","PLT","A","834","validation_error","خطأ تحقق","أساسي","C-FRAME C-NAV C-FIELD","18-D13-Platform-Operator.dc.html","owner_approved","not_drawn",""
"PLT-01-A834-permission_denied","PLT-01","دخول الإدارة ومساحة المشغل","PLT","A","834","permission_denied","صلاحية مرفوضة","أساسي","C-FRAME C-NAV C-FIELD","18-D13-Platform-Operator.dc.html","owner_approved","not_drawn",""
"PLT-01-A1440-ready","PLT-01","دخول الإدارة ومساحة المشغل","PLT","A","1440","ready","جاهز","أساسي","C-FRAME C-NAV C-FIELD","18-D13-Platform-Operator.dc.html","owner_approved","drawn","26-D19-Platform-Operator-Complete.dc.html#PLT-01"
"PLT-01-A1440-validation_error","PLT-01","دخول الإدارة ومساحة المشغل","PLT","A","1440","validation_error","خطأ تحقق","أساسي","C-FRAME C-NAV C-FIELD","18-D13-Platform-Operator.dc.html","owner_approved","drawn","26-D19-Platform-Operator-Complete.dc.html#PLT-01"
"PLT-01-A1440-permission_denied","PLT-01","دخول الإدارة ومساحة المشغل","PLT","A","1440","permission_denied","صلاحية مرفوضة","أساسي","C-FRAME C-NAV C-FIELD","18-D13-Platform-Operator.dc.html","owner_approved","drawn","18-D13-Platform-Operator.dc.html#PLT-01"
"PLT-02-A390-ready","PLT-02","قائمة المستأجرين وتفاصيل الاستحقاق","PLT","A","390","ready","جاهز","أساسي","C-TABLE C-FILTER C-STATUS","18-D13-Platform-Operator.dc.html","owner_approved","not_drawn",""
"PLT-02-A390-loading","PLT-02","قائمة المستأجرين وتفاصيل الاستحقاق","PLT","A","390","loading","تحميل","أساسي","C-TABLE C-FILTER C-STATUS","18-D13-Platform-Operator.dc.html","owner_approved","not_drawn",""
"PLT-02-A390-empty","PLT-02","قائمة المستأجرين وتفاصيل الاستحقاق","PLT","A","390","empty","فارغ","أساسي","C-TABLE C-FILTER C-STATUS","18-D13-Platform-Operator.dc.html","owner_approved","not_drawn",""
"PLT-02-A390-permission_denied","PLT-02","قائمة المستأجرين وتفاصيل الاستحقاق","PLT","A","390","permission_denied","صلاحية مرفوضة","أساسي","C-TABLE C-FILTER C-STATUS","18-D13-Platform-Operator.dc.html","owner_approved","not_drawn",""
"PLT-02-A834-ready","PLT-02","قائمة المستأجرين وتفاصيل الاستحقاق","PLT","A","834","ready","جاهز","أساسي","C-TABLE C-FILTER C-STATUS","18-D13-Platform-Operator.dc.html","owner_approved","not_drawn",""
"PLT-02-A834-loading","PLT-02","قائمة المستأجرين وتفاصيل الاستحقاق","PLT","A","834","loading","تحميل","أساسي","C-TABLE C-FILTER C-STATUS","18-D13-Platform-Operator.dc.html","owner_approved","not_drawn",""
"PLT-02-A834-empty","PLT-02","قائمة المستأجرين وتفاصيل الاستحقاق","PLT","A","834","empty","فارغ","أساسي","C-TABLE C-FILTER C-STATUS","18-D13-Platform-Operator.dc.html","owner_approved","not_drawn",""
"PLT-02-A834-permission_denied","PLT-02","قائمة المستأجرين وتفاصيل الاستحقاق","PLT","A","834","permission_denied","صلاحية مرفوضة","أساسي","C-TABLE C-FILTER C-STATUS","18-D13-Platform-Operator.dc.html","owner_approved","not_drawn",""
"PLT-02-A1440-ready","PLT-02","قائمة المستأجرين وتفاصيل الاستحقاق","PLT","A","1440","ready","جاهز","أساسي","C-TABLE C-FILTER C-STATUS","18-D13-Platform-Operator.dc.html","owner_approved","drawn","08-D4-Marketplace-Orders.dc.html#PLT-02"
"PLT-02-A1440-loading","PLT-02","قائمة المستأجرين وتفاصيل الاستحقاق","PLT","A","1440","loading","تحميل","أساسي","C-TABLE C-FILTER C-STATUS","18-D13-Platform-Operator.dc.html","owner_approved","drawn","39-D31-Org-Platform.dc.html#PLT-02"
"PLT-02-A1440-empty","PLT-02","قائمة المستأجرين وتفاصيل الاستحقاق","PLT","A","1440","empty","فارغ","أساسي","C-TABLE C-FILTER C-STATUS","18-D13-Platform-Operator.dc.html","owner_approved","drawn","39-D31-Org-Platform.dc.html#PLT-02"
"PLT-02-A1440-permission_denied","PLT-02","قائمة المستأجرين وتفاصيل الاستحقاق","PLT","A","1440","permission_denied","صلاحية مرفوضة","أساسي","C-TABLE C-FILTER C-STATUS","18-D13-Platform-Operator.dc.html","owner_approved","drawn","39-D31-Org-Platform.dc.html#PLT-02"
"PLT-03-A390-ready","PLT-03","مراجعة دفع الاشتراك","PLT","A","390","ready","جاهز","أساسي","C-DOCPRV C-DIALOG C-STATUS","18-D13-Platform-Operator.dc.html","owner_approved","not_drawn",""
"PLT-03-A390-validation_error","PLT-03","مراجعة دفع الاشتراك","PLT","A","390","validation_error","خطأ تحقق","أساسي","C-DOCPRV C-DIALOG C-STATUS","18-D13-Platform-Operator.dc.html","owner_approved","not_drawn",""
"PLT-03-A390-conflict","PLT-03","مراجعة دفع الاشتراك","PLT","A","390","conflict","تعارض","أساسي","C-DOCPRV C-DIALOG C-STATUS","18-D13-Platform-Operator.dc.html","owner_approved","not_drawn",""
"PLT-03-A390-success","PLT-03","مراجعة دفع الاشتراك","PLT","A","390","success","نجاح","أساسي","C-DOCPRV C-DIALOG C-STATUS","18-D13-Platform-Operator.dc.html","owner_approved","not_drawn",""
"PLT-03-A834-ready","PLT-03","مراجعة دفع الاشتراك","PLT","A","834","ready","جاهز","أساسي","C-DOCPRV C-DIALOG C-STATUS","18-D13-Platform-Operator.dc.html","owner_approved","not_drawn",""
"PLT-03-A834-validation_error","PLT-03","مراجعة دفع الاشتراك","PLT","A","834","validation_error","خطأ تحقق","أساسي","C-DOCPRV C-DIALOG C-STATUS","18-D13-Platform-Operator.dc.html","owner_approved","not_drawn",""
"PLT-03-A834-conflict","PLT-03","مراجعة دفع الاشتراك","PLT","A","834","conflict","تعارض","أساسي","C-DOCPRV C-DIALOG C-STATUS","18-D13-Platform-Operator.dc.html","owner_approved","not_drawn",""
"PLT-03-A834-success","PLT-03","مراجعة دفع الاشتراك","PLT","A","834","success","نجاح","أساسي","C-DOCPRV C-DIALOG C-STATUS","18-D13-Platform-Operator.dc.html","owner_approved","not_drawn",""
"PLT-03-A1440-ready","PLT-03","مراجعة دفع الاشتراك","PLT","A","1440","ready","جاهز","أساسي","C-DOCPRV C-DIALOG C-STATUS","18-D13-Platform-Operator.dc.html","owner_approved","drawn","39-D31-Org-Platform.dc.html#PLT-03"
"PLT-03-A1440-validation_error","PLT-03","مراجعة دفع الاشتراك","PLT","A","1440","validation_error","خطأ تحقق","أساسي","C-DOCPRV C-DIALOG C-STATUS","18-D13-Platform-Operator.dc.html","owner_approved","drawn","39-D31-Org-Platform.dc.html#PLT-03"
"PLT-03-A1440-conflict","PLT-03","مراجعة دفع الاشتراك","PLT","A","1440","conflict","تعارض","أساسي","C-DOCPRV C-DIALOG C-STATUS","18-D13-Platform-Operator.dc.html","owner_approved","drawn","18-D13-Platform-Operator.dc.html#PLT-03"
"PLT-03-A1440-success","PLT-03","مراجعة دفع الاشتراك","PLT","A","1440","success","نجاح","أساسي","C-DOCPRV C-DIALOG C-STATUS","18-D13-Platform-Operator.dc.html","owner_approved","drawn","18-D13-Platform-Operator.dc.html#PLT-03"
"PLT-04-A390-ready","PLT-04","إعلانات المنصة وصيانة","PLT","A","390","ready","جاهز","أساسي","C-CAMP C-AUD C-DOCPRV","18-D13-Platform-Operator.dc.html","owner_approved","not_drawn",""
"PLT-04-A390-validation_error","PLT-04","إعلانات المنصة وصيانة","PLT","A","390","validation_error","خطأ تحقق","أساسي","C-CAMP C-AUD C-DOCPRV","18-D13-Platform-Operator.dc.html","owner_approved","not_drawn",""
"PLT-04-A390-saving","PLT-04","إعلانات المنصة وصيانة","PLT","A","390","saving","جارٍ الحفظ","أساسي","C-CAMP C-AUD C-DOCPRV","18-D13-Platform-Operator.dc.html","owner_approved","not_drawn",""
"PLT-04-A390-success","PLT-04","إعلانات المنصة وصيانة","PLT","A","390","success","نجاح","أساسي","C-CAMP C-AUD C-DOCPRV","18-D13-Platform-Operator.dc.html","owner_approved","not_drawn",""
"PLT-04-A834-ready","PLT-04","إعلانات المنصة وصيانة","PLT","A","834","ready","جاهز","أساسي","C-CAMP C-AUD C-DOCPRV","18-D13-Platform-Operator.dc.html","owner_approved","not_drawn",""
"PLT-04-A834-validation_error","PLT-04","إعلانات المنصة وصيانة","PLT","A","834","validation_error","خطأ تحقق","أساسي","C-CAMP C-AUD C-DOCPRV","18-D13-Platform-Operator.dc.html","owner_approved","not_drawn",""
"PLT-04-A834-saving","PLT-04","إعلانات المنصة وصيانة","PLT","A","834","saving","جارٍ الحفظ","أساسي","C-CAMP C-AUD C-DOCPRV","18-D13-Platform-Operator.dc.html","owner_approved","not_drawn",""
"PLT-04-A834-success","PLT-04","إعلانات المنصة وصيانة","PLT","A","834","success","نجاح","أساسي","C-CAMP C-AUD C-DOCPRV","18-D13-Platform-Operator.dc.html","owner_approved","not_drawn",""
"PLT-04-A1440-ready","PLT-04","إعلانات المنصة وصيانة","PLT","A","1440","ready","جاهز","أساسي","C-CAMP C-AUD C-DOCPRV","18-D13-Platform-Operator.dc.html","owner_approved","drawn","26-D19-Platform-Operator-Complete.dc.html#PLT-04"
"PLT-04-A1440-validation_error","PLT-04","إعلانات المنصة وصيانة","PLT","A","1440","validation_error","خطأ تحقق","أساسي","C-CAMP C-AUD C-DOCPRV","18-D13-Platform-Operator.dc.html","owner_approved","drawn","39-D31-Org-Platform.dc.html#PLT-04"
"PLT-04-A1440-saving","PLT-04","إعلانات المنصة وصيانة","PLT","A","1440","saving","جارٍ الحفظ","أساسي","C-CAMP C-AUD C-DOCPRV","18-D13-Platform-Operator.dc.html","owner_approved","drawn","39-D31-Org-Platform.dc.html#PLT-04"
"PLT-04-A1440-success","PLT-04","إعلانات المنصة وصيانة","PLT","A","1440","success","نجاح","أساسي","C-CAMP C-AUD C-DOCPRV","18-D13-Platform-Operator.dc.html","owner_approved","drawn","26-D19-Platform-Operator-Complete.dc.html#PLT-04"
"PLT-05-A390-ready","PLT-05","تشغيل الإرسال والإخفاقات","PLT","A","390","ready","جاهز","أساسي","C-TABLE C-STATUS C-NOTICE","18-D13-Platform-Operator.dc.html","owner_approved","not_drawn",""
"PLT-05-A390-empty","PLT-05","تشغيل الإرسال والإخفاقات","PLT","A","390","empty","فارغ","أساسي","C-TABLE C-STATUS C-NOTICE","18-D13-Platform-Operator.dc.html","owner_approved","not_drawn",""
"PLT-05-A390-partial","PLT-05","تشغيل الإرسال والإخفاقات","PLT","A","390","partial","جزئي","أساسي","C-TABLE C-STATUS C-NOTICE","18-D13-Platform-Operator.dc.html","owner_approved","not_drawn",""
"PLT-05-A390-server_error","PLT-05","تشغيل الإرسال والإخفاقات","PLT","A","390","server_error","خطأ خادم","أساسي","C-TABLE C-STATUS C-NOTICE","18-D13-Platform-Operator.dc.html","owner_approved","not_drawn",""
"PLT-05-A834-ready","PLT-05","تشغيل الإرسال والإخفاقات","PLT","A","834","ready","جاهز","أساسي","C-TABLE C-STATUS C-NOTICE","18-D13-Platform-Operator.dc.html","owner_approved","not_drawn",""
"PLT-05-A834-empty","PLT-05","تشغيل الإرسال والإخفاقات","PLT","A","834","empty","فارغ","أساسي","C-TABLE C-STATUS C-NOTICE","18-D13-Platform-Operator.dc.html","owner_approved","not_drawn",""
"PLT-05-A834-partial","PLT-05","تشغيل الإرسال والإخفاقات","PLT","A","834","partial","جزئي","أساسي","C-TABLE C-STATUS C-NOTICE","18-D13-Platform-Operator.dc.html","owner_approved","not_drawn",""
"PLT-05-A834-server_error","PLT-05","تشغيل الإرسال والإخفاقات","PLT","A","834","server_error","خطأ خادم","أساسي","C-TABLE C-STATUS C-NOTICE","18-D13-Platform-Operator.dc.html","owner_approved","not_drawn",""
"PLT-05-A1440-ready","PLT-05","تشغيل الإرسال والإخفاقات","PLT","A","1440","ready","جاهز","أساسي","C-TABLE C-STATUS C-NOTICE","18-D13-Platform-Operator.dc.html","owner_approved","drawn","26-D19-Platform-Operator-Complete.dc.html#PLT-05"
"PLT-05-A1440-empty","PLT-05","تشغيل الإرسال والإخفاقات","PLT","A","1440","empty","فارغ","أساسي","C-TABLE C-STATUS C-NOTICE","18-D13-Platform-Operator.dc.html","owner_approved","drawn","26-D19-Platform-Operator-Complete.dc.html#PLT-05"
"PLT-05-A1440-partial","PLT-05","تشغيل الإرسال والإخفاقات","PLT","A","1440","partial","جزئي","أساسي","C-TABLE C-STATUS C-NOTICE","18-D13-Platform-Operator.dc.html","owner_approved","drawn","18-D13-Platform-Operator.dc.html#PLT-05"
"PLT-05-A1440-server_error","PLT-05","تشغيل الإرسال والإخفاقات","PLT","A","1440","server_error","خطأ خادم","أساسي","C-TABLE C-STATUS C-NOTICE","18-D13-Platform-Operator.dc.html","owner_approved","drawn","26-D19-Platform-Operator-Complete.dc.html#PLT-05"
"PLT-06-A390-ready","PLT-06","طلبات تحقق منشآت السوق","PLT","A","390","ready","جاهز","أساسي","C-DOCPRV C-STATUS C-DIALOG","18-D13-Platform-Operator.dc.html","owner_approved","not_drawn",""
"PLT-06-A390-loading","PLT-06","طلبات تحقق منشآت السوق","PLT","A","390","loading","تحميل","أساسي","C-DOCPRV C-STATUS C-DIALOG","18-D13-Platform-Operator.dc.html","owner_approved","not_drawn",""
"PLT-06-A390-empty","PLT-06","طلبات تحقق منشآت السوق","PLT","A","390","empty","فارغ","أساسي","C-DOCPRV C-STATUS C-DIALOG","18-D13-Platform-Operator.dc.html","owner_approved","not_drawn",""
"PLT-06-A390-validation_error","PLT-06","طلبات تحقق منشآت السوق","PLT","A","390","validation_error","خطأ تحقق","أساسي","C-DOCPRV C-STATUS C-DIALOG","18-D13-Platform-Operator.dc.html","owner_approved","not_drawn",""
"PLT-06-A390-success","PLT-06","طلبات تحقق منشآت السوق","PLT","A","390","success","نجاح","أساسي","C-DOCPRV C-STATUS C-DIALOG","18-D13-Platform-Operator.dc.html","owner_approved","not_drawn",""
"PLT-06-A834-ready","PLT-06","طلبات تحقق منشآت السوق","PLT","A","834","ready","جاهز","أساسي","C-DOCPRV C-STATUS C-DIALOG","18-D13-Platform-Operator.dc.html","owner_approved","not_drawn",""
"PLT-06-A834-loading","PLT-06","طلبات تحقق منشآت السوق","PLT","A","834","loading","تحميل","أساسي","C-DOCPRV C-STATUS C-DIALOG","18-D13-Platform-Operator.dc.html","owner_approved","not_drawn",""
"PLT-06-A834-empty","PLT-06","طلبات تحقق منشآت السوق","PLT","A","834","empty","فارغ","أساسي","C-DOCPRV C-STATUS C-DIALOG","18-D13-Platform-Operator.dc.html","owner_approved","not_drawn",""
"PLT-06-A834-validation_error","PLT-06","طلبات تحقق منشآت السوق","PLT","A","834","validation_error","خطأ تحقق","أساسي","C-DOCPRV C-STATUS C-DIALOG","18-D13-Platform-Operator.dc.html","owner_approved","not_drawn",""
"PLT-06-A834-success","PLT-06","طلبات تحقق منشآت السوق","PLT","A","834","success","نجاح","أساسي","C-DOCPRV C-STATUS C-DIALOG","18-D13-Platform-Operator.dc.html","owner_approved","not_drawn",""
"PLT-06-A1440-ready","PLT-06","طلبات تحقق منشآت السوق","PLT","A","1440","ready","جاهز","أساسي","C-DOCPRV C-STATUS C-DIALOG","18-D13-Platform-Operator.dc.html","owner_approved","drawn","18-D13-Platform-Operator.dc.html#PLT-06"
"PLT-06-A1440-loading","PLT-06","طلبات تحقق منشآت السوق","PLT","A","1440","loading","تحميل","أساسي","C-DOCPRV C-STATUS C-DIALOG","18-D13-Platform-Operator.dc.html","owner_approved","drawn","39-D31-Org-Platform.dc.html#PLT-06"
"PLT-06-A1440-empty","PLT-06","طلبات تحقق منشآت السوق","PLT","A","1440","empty","فارغ","أساسي","C-DOCPRV C-STATUS C-DIALOG","18-D13-Platform-Operator.dc.html","owner_approved","drawn","39-D31-Org-Platform.dc.html#PLT-06"
"PLT-06-A1440-validation_error","PLT-06","طلبات تحقق منشآت السوق","PLT","A","1440","validation_error","خطأ تحقق","أساسي","C-DOCPRV C-STATUS C-DIALOG","18-D13-Platform-Operator.dc.html","owner_approved","drawn","39-D31-Org-Platform.dc.html#PLT-06"
"PLT-06-A1440-success","PLT-06","طلبات تحقق منشآت السوق","PLT","A","1440","success","نجاح","أساسي","C-DOCPRV C-STATUS C-DIALOG","18-D13-Platform-Operator.dc.html","owner_approved","drawn","39-D31-Org-Platform.dc.html#PLT-06"
"PLT-07-A390-ready","PLT-07","مراجعة بلاغ وتعليق نشر واعتراض","PLT","A","390","ready","جاهز","أساسي","C-DOCPRV C-DIALOG C-TIMELIST","18-D13-Platform-Operator.dc.html","owner_approved","not_drawn",""
"PLT-07-A390-validation_error","PLT-07","مراجعة بلاغ وتعليق نشر واعتراض","PLT","A","390","validation_error","خطأ تحقق","أساسي","C-DOCPRV C-DIALOG C-TIMELIST","18-D13-Platform-Operator.dc.html","owner_approved","not_drawn",""
"PLT-07-A390-permission_denied","PLT-07","مراجعة بلاغ وتعليق نشر واعتراض","PLT","A","390","permission_denied","صلاحية مرفوضة","أساسي","C-DOCPRV C-DIALOG C-TIMELIST","18-D13-Platform-Operator.dc.html","owner_approved","not_drawn",""
"PLT-07-A390-success","PLT-07","مراجعة بلاغ وتعليق نشر واعتراض","PLT","A","390","success","نجاح","أساسي","C-DOCPRV C-DIALOG C-TIMELIST","18-D13-Platform-Operator.dc.html","owner_approved","not_drawn",""
"PLT-07-A834-ready","PLT-07","مراجعة بلاغ وتعليق نشر واعتراض","PLT","A","834","ready","جاهز","أساسي","C-DOCPRV C-DIALOG C-TIMELIST","18-D13-Platform-Operator.dc.html","owner_approved","not_drawn",""
"PLT-07-A834-validation_error","PLT-07","مراجعة بلاغ وتعليق نشر واعتراض","PLT","A","834","validation_error","خطأ تحقق","أساسي","C-DOCPRV C-DIALOG C-TIMELIST","18-D13-Platform-Operator.dc.html","owner_approved","not_drawn",""
"PLT-07-A834-permission_denied","PLT-07","مراجعة بلاغ وتعليق نشر واعتراض","PLT","A","834","permission_denied","صلاحية مرفوضة","أساسي","C-DOCPRV C-DIALOG C-TIMELIST","18-D13-Platform-Operator.dc.html","owner_approved","not_drawn",""
"PLT-07-A834-success","PLT-07","مراجعة بلاغ وتعليق نشر واعتراض","PLT","A","834","success","نجاح","أساسي","C-DOCPRV C-DIALOG C-TIMELIST","18-D13-Platform-Operator.dc.html","owner_approved","not_drawn",""
"PLT-07-A1440-ready","PLT-07","مراجعة بلاغ وتعليق نشر واعتراض","PLT","A","1440","ready","جاهز","أساسي","C-DOCPRV C-DIALOG C-TIMELIST","18-D13-Platform-Operator.dc.html","owner_approved","drawn","26-D19-Platform-Operator-Complete.dc.html#PLT-07"
"PLT-07-A1440-validation_error","PLT-07","مراجعة بلاغ وتعليق نشر واعتراض","PLT","A","1440","validation_error","خطأ تحقق","أساسي","C-DOCPRV C-DIALOG C-TIMELIST","18-D13-Platform-Operator.dc.html","owner_approved","drawn","39-D31-Org-Platform.dc.html#PLT-07"
"PLT-07-A1440-permission_denied","PLT-07","مراجعة بلاغ وتعليق نشر واعتراض","PLT","A","1440","permission_denied","صلاحية مرفوضة","أساسي","C-DOCPRV C-DIALOG C-TIMELIST","18-D13-Platform-Operator.dc.html","owner_approved","drawn","26-D19-Platform-Operator-Complete.dc.html#PLT-07"
"PLT-07-A1440-success","PLT-07","مراجعة بلاغ وتعليق نشر واعتراض","PLT","A","1440","success","نجاح","أساسي","C-DOCPRV C-DIALOG C-TIMELIST","18-D13-Platform-Operator.dc.html","owner_approved","drawn","26-D19-Platform-Operator-Complete.dc.html#PLT-07"
"PLT-08-A390-ready","PLT-08","متابعة الخلافات","PLT","A","390","ready","جاهز","أساسي","C-TABLE C-TIMELIST C-STATUS","18-D13-Platform-Operator.dc.html","owner_approved","not_drawn",""
"PLT-08-A390-loading","PLT-08","متابعة الخلافات","PLT","A","390","loading","تحميل","أساسي","C-TABLE C-TIMELIST C-STATUS","18-D13-Platform-Operator.dc.html","owner_approved","not_drawn",""
"PLT-08-A390-empty","PLT-08","متابعة الخلافات","PLT","A","390","empty","فارغ","أساسي","C-TABLE C-TIMELIST C-STATUS","18-D13-Platform-Operator.dc.html","owner_approved","not_drawn",""
"PLT-08-A390-partial","PLT-08","متابعة الخلافات","PLT","A","390","partial","جزئي","أساسي","C-TABLE C-TIMELIST C-STATUS","18-D13-Platform-Operator.dc.html","owner_approved","not_drawn",""
"PLT-08-A834-ready","PLT-08","متابعة الخلافات","PLT","A","834","ready","جاهز","أساسي","C-TABLE C-TIMELIST C-STATUS","18-D13-Platform-Operator.dc.html","owner_approved","not_drawn",""
"PLT-08-A834-loading","PLT-08","متابعة الخلافات","PLT","A","834","loading","تحميل","أساسي","C-TABLE C-TIMELIST C-STATUS","18-D13-Platform-Operator.dc.html","owner_approved","not_drawn",""
"PLT-08-A834-empty","PLT-08","متابعة الخلافات","PLT","A","834","empty","فارغ","أساسي","C-TABLE C-TIMELIST C-STATUS","18-D13-Platform-Operator.dc.html","owner_approved","not_drawn",""
"PLT-08-A834-partial","PLT-08","متابعة الخلافات","PLT","A","834","partial","جزئي","أساسي","C-TABLE C-TIMELIST C-STATUS","18-D13-Platform-Operator.dc.html","owner_approved","not_drawn",""
"PLT-08-A1440-ready","PLT-08","متابعة الخلافات","PLT","A","1440","ready","جاهز","أساسي","C-TABLE C-TIMELIST C-STATUS","18-D13-Platform-Operator.dc.html","owner_approved","drawn","26-D19-Platform-Operator-Complete.dc.html#PLT-08"
"PLT-08-A1440-loading","PLT-08","متابعة الخلافات","PLT","A","1440","loading","تحميل","أساسي","C-TABLE C-TIMELIST C-STATUS","18-D13-Platform-Operator.dc.html","owner_approved","drawn","26-D19-Platform-Operator-Complete.dc.html#PLT-08"
"PLT-08-A1440-empty","PLT-08","متابعة الخلافات","PLT","A","1440","empty","فارغ","أساسي","C-TABLE C-TIMELIST C-STATUS","18-D13-Platform-Operator.dc.html","owner_approved","drawn","26-D19-Platform-Operator-Complete.dc.html#PLT-08"
"PLT-08-A1440-partial","PLT-08","متابعة الخلافات","PLT","A","1440","partial","جزئي","أساسي","C-TABLE C-TIMELIST C-STATUS","18-D13-Platform-Operator.dc.html","owner_approved","drawn","26-D19-Platform-Operator-Complete.dc.html#PLT-08"
"PLT-09-A390-ready","PLT-09","صحة المزامنة والخادم","PLT","A","390","ready","جاهز","أساسي","C-TABLE C-SYNC C-STATUS","18-D13-Platform-Operator.dc.html","owner_approved","not_drawn",""
"PLT-09-A390-loading","PLT-09","صحة المزامنة والخادم","PLT","A","390","loading","تحميل","أساسي","C-TABLE C-SYNC C-STATUS","18-D13-Platform-Operator.dc.html","owner_approved","not_drawn",""
"PLT-09-A390-stale","PLT-09","صحة المزامنة والخادم","PLT","A","390","stale","بيانات قديمة","أساسي","C-TABLE C-SYNC C-STATUS","18-D13-Platform-Operator.dc.html","owner_approved","not_drawn",""
"PLT-09-A390-server_error","PLT-09","صحة المزامنة والخادم","PLT","A","390","server_error","خطأ خادم","أساسي","C-TABLE C-SYNC C-STATUS","18-D13-Platform-Operator.dc.html","owner_approved","not_drawn",""
"PLT-09-A834-ready","PLT-09","صحة المزامنة والخادم","PLT","A","834","ready","جاهز","أساسي","C-TABLE C-SYNC C-STATUS","18-D13-Platform-Operator.dc.html","owner_approved","not_drawn",""
"PLT-09-A834-loading","PLT-09","صحة المزامنة والخادم","PLT","A","834","loading","تحميل","أساسي","C-TABLE C-SYNC C-STATUS","18-D13-Platform-Operator.dc.html","owner_approved","not_drawn",""
"PLT-09-A834-stale","PLT-09","صحة المزامنة والخادم","PLT","A","834","stale","بيانات قديمة","أساسي","C-TABLE C-SYNC C-STATUS","18-D13-Platform-Operator.dc.html","owner_approved","not_drawn",""
"PLT-09-A834-server_error","PLT-09","صحة المزامنة والخادم","PLT","A","834","server_error","خطأ خادم","أساسي","C-TABLE C-SYNC C-STATUS","18-D13-Platform-Operator.dc.html","owner_approved","not_drawn",""
"PLT-09-A1440-ready","PLT-09","صحة المزامنة والخادم","PLT","A","1440","ready","جاهز","أساسي","C-TABLE C-SYNC C-STATUS","18-D13-Platform-Operator.dc.html","owner_approved","drawn","18-D13-Platform-Operator.dc.html#PLT-09"
"PLT-09-A1440-loading","PLT-09","صحة المزامنة والخادم","PLT","A","1440","loading","تحميل","أساسي","C-TABLE C-SYNC C-STATUS","18-D13-Platform-Operator.dc.html","owner_approved","drawn","39-D31-Org-Platform.dc.html#PLT-09"
"PLT-09-A1440-stale","PLT-09","صحة المزامنة والخادم","PLT","A","1440","stale","بيانات قديمة","أساسي","C-TABLE C-SYNC C-STATUS","18-D13-Platform-Operator.dc.html","owner_approved","drawn","18-D13-Platform-Operator.dc.html#PLT-09"
"PLT-09-A1440-server_error","PLT-09","صحة المزامنة والخادم","PLT","A","1440","server_error","خطأ خادم","أساسي","C-TABLE C-SYNC C-STATUS","18-D13-Platform-Operator.dc.html","owner_approved","drawn","18-D13-Platform-Operator.dc.html#PLT-09"
"PLT-10-A390-ready","PLT-10","نسخ خادمية وتجربة استعادة","PLT","A","390","ready","جاهز","أساسي","C-TABLE C-DIALOG C-NOTICE","18-D13-Platform-Operator.dc.html","owner_approved","not_drawn",""
"PLT-10-A390-loading","PLT-10","نسخ خادمية وتجربة استعادة","PLT","A","390","loading","تحميل","أساسي","C-TABLE C-DIALOG C-NOTICE","18-D13-Platform-Operator.dc.html","owner_approved","not_drawn",""
"PLT-10-A390-server_error","PLT-10","نسخ خادمية وتجربة استعادة","PLT","A","390","server_error","خطأ خادم","أساسي","C-TABLE C-DIALOG C-NOTICE","18-D13-Platform-Operator.dc.html","owner_approved","not_drawn",""
"PLT-10-A390-success","PLT-10","نسخ خادمية وتجربة استعادة","PLT","A","390","success","نجاح","أساسي","C-TABLE C-DIALOG C-NOTICE","18-D13-Platform-Operator.dc.html","owner_approved","not_drawn",""
"PLT-10-A834-ready","PLT-10","نسخ خادمية وتجربة استعادة","PLT","A","834","ready","جاهز","أساسي","C-TABLE C-DIALOG C-NOTICE","18-D13-Platform-Operator.dc.html","owner_approved","not_drawn",""
"PLT-10-A834-loading","PLT-10","نسخ خادمية وتجربة استعادة","PLT","A","834","loading","تحميل","أساسي","C-TABLE C-DIALOG C-NOTICE","18-D13-Platform-Operator.dc.html","owner_approved","not_drawn",""
"PLT-10-A834-server_error","PLT-10","نسخ خادمية وتجربة استعادة","PLT","A","834","server_error","خطأ خادم","أساسي","C-TABLE C-DIALOG C-NOTICE","18-D13-Platform-Operator.dc.html","owner_approved","not_drawn",""
"PLT-10-A834-success","PLT-10","نسخ خادمية وتجربة استعادة","PLT","A","834","success","نجاح","أساسي","C-TABLE C-DIALOG C-NOTICE","18-D13-Platform-Operator.dc.html","owner_approved","not_drawn",""
"PLT-10-A1440-ready","PLT-10","نسخ خادمية وتجربة استعادة","PLT","A","1440","ready","جاهز","أساسي","C-TABLE C-DIALOG C-NOTICE","18-D13-Platform-Operator.dc.html","owner_approved","drawn","26-D19-Platform-Operator-Complete.dc.html#PLT-10"
"PLT-10-A1440-loading","PLT-10","نسخ خادمية وتجربة استعادة","PLT","A","1440","loading","تحميل","أساسي","C-TABLE C-DIALOG C-NOTICE","18-D13-Platform-Operator.dc.html","owner_approved","drawn","39-D31-Org-Platform.dc.html#PLT-10"
"PLT-10-A1440-server_error","PLT-10","نسخ خادمية وتجربة استعادة","PLT","A","1440","server_error","خطأ خادم","أساسي","C-TABLE C-DIALOG C-NOTICE","18-D13-Platform-Operator.dc.html","owner_approved","drawn","26-D19-Platform-Operator-Complete.dc.html#PLT-10"
"PLT-10-A1440-success","PLT-10","نسخ خادمية وتجربة استعادة","PLT","A","1440","success","نجاح","أساسي","C-TABLE C-DIALOG C-NOTICE","18-D13-Platform-Operator.dc.html","owner_approved","drawn","26-D19-Platform-Operator-Complete.dc.html#PLT-10"
"PLT-11-A390-ready","PLT-11","لوحة اكتساب وقياس M0","PLT","A","390","ready","جاهز","أساسي","C-TABLE C-FILTER C-NOTICE","18-D13-Platform-Operator.dc.html","owner_approved","not_drawn",""
"PLT-11-A390-loading","PLT-11","لوحة اكتساب وقياس M0","PLT","A","390","loading","تحميل","أساسي","C-TABLE C-FILTER C-NOTICE","18-D13-Platform-Operator.dc.html","owner_approved","not_drawn",""
"PLT-11-A390-empty","PLT-11","لوحة اكتساب وقياس M0","PLT","A","390","empty","فارغ","أساسي","C-TABLE C-FILTER C-NOTICE","18-D13-Platform-Operator.dc.html","owner_approved","not_drawn",""
"PLT-11-A390-stale","PLT-11","لوحة اكتساب وقياس M0","PLT","A","390","stale","بيانات قديمة","أساسي","C-TABLE C-FILTER C-NOTICE","18-D13-Platform-Operator.dc.html","owner_approved","not_drawn",""
"PLT-11-A834-ready","PLT-11","لوحة اكتساب وقياس M0","PLT","A","834","ready","جاهز","أساسي","C-TABLE C-FILTER C-NOTICE","18-D13-Platform-Operator.dc.html","owner_approved","not_drawn",""
"PLT-11-A834-loading","PLT-11","لوحة اكتساب وقياس M0","PLT","A","834","loading","تحميل","أساسي","C-TABLE C-FILTER C-NOTICE","18-D13-Platform-Operator.dc.html","owner_approved","not_drawn",""
"PLT-11-A834-empty","PLT-11","لوحة اكتساب وقياس M0","PLT","A","834","empty","فارغ","أساسي","C-TABLE C-FILTER C-NOTICE","18-D13-Platform-Operator.dc.html","owner_approved","not_drawn",""
"PLT-11-A834-stale","PLT-11","لوحة اكتساب وقياس M0","PLT","A","834","stale","بيانات قديمة","أساسي","C-TABLE C-FILTER C-NOTICE","18-D13-Platform-Operator.dc.html","owner_approved","not_drawn",""
"PLT-11-A1440-ready","PLT-11","لوحة اكتساب وقياس M0","PLT","A","1440","ready","جاهز","أساسي","C-TABLE C-FILTER C-NOTICE","18-D13-Platform-Operator.dc.html","owner_approved","drawn","39-D31-Org-Platform.dc.html#PLT-11"
"PLT-11-A1440-loading","PLT-11","لوحة اكتساب وقياس M0","PLT","A","1440","loading","تحميل","أساسي","C-TABLE C-FILTER C-NOTICE","18-D13-Platform-Operator.dc.html","owner_approved","drawn","39-D31-Org-Platform.dc.html#PLT-11"
"PLT-11-A1440-empty","PLT-11","لوحة اكتساب وقياس M0","PLT","A","1440","empty","فارغ","أساسي","C-TABLE C-FILTER C-NOTICE","18-D13-Platform-Operator.dc.html","owner_approved","drawn","39-D31-Org-Platform.dc.html#PLT-11"
"PLT-11-A1440-stale","PLT-11","لوحة اكتساب وقياس M0","PLT","A","1440","stale","بيانات قديمة","أساسي","C-TABLE C-FILTER C-NOTICE","18-D13-Platform-Operator.dc.html","owner_approved","drawn","08-D4-Marketplace-Orders.dc.html#PLT-11"
"PLT-12-A390-ready","PLT-12","إدارة استحقاقات وإعدادات تشغيل","PLT","A","390","ready","جاهز","أساسي","C-TABLE C-FIELD C-DIALOG","18-D13-Platform-Operator.dc.html","owner_approved","not_drawn",""
"PLT-12-A390-validation_error","PLT-12","إدارة استحقاقات وإعدادات تشغيل","PLT","A","390","validation_error","خطأ تحقق","أساسي","C-TABLE C-FIELD C-DIALOG","18-D13-Platform-Operator.dc.html","owner_approved","not_drawn",""
"PLT-12-A390-permission_denied","PLT-12","إدارة استحقاقات وإعدادات تشغيل","PLT","A","390","permission_denied","صلاحية مرفوضة","أساسي","C-TABLE C-FIELD C-DIALOG","18-D13-Platform-Operator.dc.html","owner_approved","not_drawn",""
"PLT-12-A390-success","PLT-12","إدارة استحقاقات وإعدادات تشغيل","PLT","A","390","success","نجاح","أساسي","C-TABLE C-FIELD C-DIALOG","18-D13-Platform-Operator.dc.html","owner_approved","not_drawn",""
"PLT-12-A834-ready","PLT-12","إدارة استحقاقات وإعدادات تشغيل","PLT","A","834","ready","جاهز","أساسي","C-TABLE C-FIELD C-DIALOG","18-D13-Platform-Operator.dc.html","owner_approved","not_drawn",""
"PLT-12-A834-validation_error","PLT-12","إدارة استحقاقات وإعدادات تشغيل","PLT","A","834","validation_error","خطأ تحقق","أساسي","C-TABLE C-FIELD C-DIALOG","18-D13-Platform-Operator.dc.html","owner_approved","not_drawn",""
"PLT-12-A834-permission_denied","PLT-12","إدارة استحقاقات وإعدادات تشغيل","PLT","A","834","permission_denied","صلاحية مرفوضة","أساسي","C-TABLE C-FIELD C-DIALOG","18-D13-Platform-Operator.dc.html","owner_approved","not_drawn",""
"PLT-12-A834-success","PLT-12","إدارة استحقاقات وإعدادات تشغيل","PLT","A","834","success","نجاح","أساسي","C-TABLE C-FIELD C-DIALOG","18-D13-Platform-Operator.dc.html","owner_approved","not_drawn",""
"PLT-12-A1440-ready","PLT-12","إدارة استحقاقات وإعدادات تشغيل","PLT","A","1440","ready","جاهز","أساسي","C-TABLE C-FIELD C-DIALOG","18-D13-Platform-Operator.dc.html","owner_approved","drawn","26-D19-Platform-Operator-Complete.dc.html#PLT-12"
"PLT-12-A1440-validation_error","PLT-12","إدارة استحقاقات وإعدادات تشغيل","PLT","A","1440","validation_error","خطأ تحقق","أساسي","C-TABLE C-FIELD C-DIALOG","18-D13-Platform-Operator.dc.html","owner_approved","drawn","26-D19-Platform-Operator-Complete.dc.html#PLT-12"
"PLT-12-A1440-permission_denied","PLT-12","إدارة استحقاقات وإعدادات تشغيل","PLT","A","1440","permission_denied","صلاحية مرفوضة","أساسي","C-TABLE C-FIELD C-DIALOG","18-D13-Platform-Operator.dc.html","owner_approved","drawn","26-D19-Platform-Operator-Complete.dc.html#PLT-12"
"PLT-12-A1440-success","PLT-12","إدارة استحقاقات وإعدادات تشغيل","PLT","A","1440","success","نجاح","أساسي","C-TABLE C-FIELD C-DIALOG","18-D13-Platform-Operator.dc.html","owner_approved","drawn","26-D19-Platform-Operator-Complete.dc.html#PLT-12"
"WEB-01-W390-ready","WEB-01","تثبيت PWA أو عدم دعم التثبيت","WEB","W","390","ready","جاهز","أساسي","C-NOTICE C-BTN C-DOCPRV","09-D5-Platform-Integrations.dc.html","owner_approved","not_drawn",""
"WEB-01-W390-offline","WEB-01","تثبيت PWA أو عدم دعم التثبيت","WEB","W","390","offline","بلا اتصال","أساسي","C-NOTICE C-BTN C-DOCPRV","09-D5-Platform-Integrations.dc.html","owner_approved","not_drawn",""
"WEB-01-W390-permission_denied","WEB-01","تثبيت PWA أو عدم دعم التثبيت","WEB","W","390","permission_denied","صلاحية مرفوضة","أساسي","C-NOTICE C-BTN C-DOCPRV","09-D5-Platform-Integrations.dc.html","owner_approved","drawn","09-D5-Platform-Integrations.dc.html#WEB-01"
"WEB-01-W390-success","WEB-01","تثبيت PWA أو عدم دعم التثبيت","WEB","W","390","success","نجاح","أساسي","C-NOTICE C-BTN C-DOCPRV","09-D5-Platform-Integrations.dc.html","owner_approved","not_drawn",""
"WEB-01-W834-ready","WEB-01","تثبيت PWA أو عدم دعم التثبيت","WEB","W","834","ready","جاهز","أساسي","C-NOTICE C-BTN C-DOCPRV","09-D5-Platform-Integrations.dc.html","owner_approved","not_drawn",""
"WEB-01-W834-offline","WEB-01","تثبيت PWA أو عدم دعم التثبيت","WEB","W","834","offline","بلا اتصال","أساسي","C-NOTICE C-BTN C-DOCPRV","09-D5-Platform-Integrations.dc.html","owner_approved","not_drawn",""
"WEB-01-W834-permission_denied","WEB-01","تثبيت PWA أو عدم دعم التثبيت","WEB","W","834","permission_denied","صلاحية مرفوضة","أساسي","C-NOTICE C-BTN C-DOCPRV","09-D5-Platform-Integrations.dc.html","owner_approved","not_drawn",""
"WEB-01-W834-success","WEB-01","تثبيت PWA أو عدم دعم التثبيت","WEB","W","834","success","نجاح","أساسي","C-NOTICE C-BTN C-DOCPRV","09-D5-Platform-Integrations.dc.html","owner_approved","not_drawn",""
"WEB-01-W1440-ready","WEB-01","تثبيت PWA أو عدم دعم التثبيت","WEB","W","1440","ready","جاهز","أساسي","C-NOTICE C-BTN C-DOCPRV","09-D5-Platform-Integrations.dc.html","owner_approved","drawn","09-D5-Platform-Integrations.dc.html#WEB-01"
"WEB-01-W1440-offline","WEB-01","تثبيت PWA أو عدم دعم التثبيت","WEB","W","1440","offline","بلا اتصال","أساسي","C-NOTICE C-BTN C-DOCPRV","09-D5-Platform-Integrations.dc.html","owner_approved","drawn","37-D29-Desktop-Web-Customer-Public-Home.dc.html#WEB-01"
"WEB-01-W1440-permission_denied","WEB-01","تثبيت PWA أو عدم دعم التثبيت","WEB","W","1440","permission_denied","صلاحية مرفوضة","أساسي","C-NOTICE C-BTN C-DOCPRV","09-D5-Platform-Integrations.dc.html","owner_approved","not_drawn",""
"WEB-01-W1440-success","WEB-01","تثبيت PWA أو عدم دعم التثبيت","WEB","W","1440","success","نجاح","أساسي","C-NOTICE C-BTN C-DOCPRV","09-D5-Platform-Integrations.dc.html","owner_approved","drawn","37-D29-Desktop-Web-Customer-Public-Home.dc.html#WEB-01"
"WEB-02-W390-ready","WEB-02","إذن Web Push وحالاته","WEB","W","390","ready","جاهز","أساسي","C-NOTICE C-BTN C-STATUS","09-D5-Platform-Integrations.dc.html","owner_approved","not_drawn",""
"WEB-02-W390-permission_denied","WEB-02","إذن Web Push وحالاته","WEB","W","390","permission_denied","صلاحية مرفوضة","أساسي","C-NOTICE C-BTN C-STATUS","09-D5-Platform-Integrations.dc.html","owner_approved","not_drawn",""
"WEB-02-W390-expired","WEB-02","إذن Web Push وحالاته","WEB","W","390","expired","منتهي الصلاحية","أساسي","C-NOTICE C-BTN C-STATUS","09-D5-Platform-Integrations.dc.html","owner_approved","not_drawn",""
"WEB-02-W390-success","WEB-02","إذن Web Push وحالاته","WEB","W","390","success","نجاح","أساسي","C-NOTICE C-BTN C-STATUS","09-D5-Platform-Integrations.dc.html","owner_approved","not_drawn",""
"WEB-02-W834-ready","WEB-02","إذن Web Push وحالاته","WEB","W","834","ready","جاهز","أساسي","C-NOTICE C-BTN C-STATUS","09-D5-Platform-Integrations.dc.html","owner_approved","not_drawn",""
"WEB-02-W834-permission_denied","WEB-02","إذن Web Push وحالاته","WEB","W","834","permission_denied","صلاحية مرفوضة","أساسي","C-NOTICE C-BTN C-STATUS","09-D5-Platform-Integrations.dc.html","owner_approved","not_drawn",""
"WEB-02-W834-expired","WEB-02","إذن Web Push وحالاته","WEB","W","834","expired","منتهي الصلاحية","أساسي","C-NOTICE C-BTN C-STATUS","09-D5-Platform-Integrations.dc.html","owner_approved","not_drawn",""
"WEB-02-W834-success","WEB-02","إذن Web Push وحالاته","WEB","W","834","success","نجاح","أساسي","C-NOTICE C-BTN C-STATUS","09-D5-Platform-Integrations.dc.html","owner_approved","not_drawn",""
"WEB-02-W1440-ready","WEB-02","إذن Web Push وحالاته","WEB","W","1440","ready","جاهز","أساسي","C-NOTICE C-BTN C-STATUS","09-D5-Platform-Integrations.dc.html","owner_approved","drawn","37-D29-Desktop-Web-Customer-Public-Home.dc.html#WEB-02"
"WEB-02-W1440-permission_denied","WEB-02","إذن Web Push وحالاته","WEB","W","1440","permission_denied","صلاحية مرفوضة","أساسي","C-NOTICE C-BTN C-STATUS","09-D5-Platform-Integrations.dc.html","owner_approved","drawn","09-D5-Platform-Integrations.dc.html#WEB-02"
"WEB-02-W1440-expired","WEB-02","إذن Web Push وحالاته","WEB","W","1440","expired","منتهي الصلاحية","أساسي","C-NOTICE C-BTN C-STATUS","09-D5-Platform-Integrations.dc.html","owner_approved","drawn","37-D29-Desktop-Web-Customer-Public-Home.dc.html#WEB-02"
"WEB-02-W1440-success","WEB-02","إذن Web Push وحالاته","WEB","W","1440","success","نجاح","أساسي","C-NOTICE C-BTN C-STATUS","09-D5-Platform-Integrations.dc.html","owner_approved","drawn","37-D29-Desktop-Web-Customer-Public-Home.dc.html#WEB-02"
"WEB-03-W390-ready","WEB-03","ربط طابعة ويب وتجربة عربية","WEB","W","390","ready","جاهز","أساسي","C-PRINT C-NOTICE C-DOCPRV","09-D5-Platform-Integrations.dc.html","owner_approved","not_drawn",""
"WEB-03-W390-validation_error","WEB-03","ربط طابعة ويب وتجربة عربية","WEB","W","390","validation_error","خطأ تحقق","أساسي","C-PRINT C-NOTICE C-DOCPRV","09-D5-Platform-Integrations.dc.html","owner_approved","not_drawn",""
"WEB-03-W390-server_error","WEB-03","ربط طابعة ويب وتجربة عربية","WEB","W","390","server_error","خطأ خادم","أساسي","C-PRINT C-NOTICE C-DOCPRV","09-D5-Platform-Integrations.dc.html","owner_approved","not_drawn",""
"WEB-03-W390-success","WEB-03","ربط طابعة ويب وتجربة عربية","WEB","W","390","success","نجاح","أساسي","C-PRINT C-NOTICE C-DOCPRV","09-D5-Platform-Integrations.dc.html","owner_approved","not_drawn",""
"WEB-03-W834-ready","WEB-03","ربط طابعة ويب وتجربة عربية","WEB","W","834","ready","جاهز","أساسي","C-PRINT C-NOTICE C-DOCPRV","09-D5-Platform-Integrations.dc.html","owner_approved","not_drawn",""
"WEB-03-W834-validation_error","WEB-03","ربط طابعة ويب وتجربة عربية","WEB","W","834","validation_error","خطأ تحقق","أساسي","C-PRINT C-NOTICE C-DOCPRV","09-D5-Platform-Integrations.dc.html","owner_approved","not_drawn",""
"WEB-03-W834-server_error","WEB-03","ربط طابعة ويب وتجربة عربية","WEB","W","834","server_error","خطأ خادم","أساسي","C-PRINT C-NOTICE C-DOCPRV","09-D5-Platform-Integrations.dc.html","owner_approved","not_drawn",""
"WEB-03-W834-success","WEB-03","ربط طابعة ويب وتجربة عربية","WEB","W","834","success","نجاح","أساسي","C-PRINT C-NOTICE C-DOCPRV","09-D5-Platform-Integrations.dc.html","owner_approved","not_drawn",""
"WEB-03-W1440-ready","WEB-03","ربط طابعة ويب وتجربة عربية","WEB","W","1440","ready","جاهز","أساسي","C-PRINT C-NOTICE C-DOCPRV","09-D5-Platform-Integrations.dc.html","owner_approved","drawn","37-D29-Desktop-Web-Customer-Public-Home.dc.html#WEB-03"
"WEB-03-W1440-validation_error","WEB-03","ربط طابعة ويب وتجربة عربية","WEB","W","1440","validation_error","خطأ تحقق","أساسي","C-PRINT C-NOTICE C-DOCPRV","09-D5-Platform-Integrations.dc.html","owner_approved","drawn","37-D29-Desktop-Web-Customer-Public-Home.dc.html#WEB-03"
"WEB-03-W1440-server_error","WEB-03","ربط طابعة ويب وتجربة عربية","WEB","W","1440","server_error","خطأ خادم","أساسي","C-PRINT C-NOTICE C-DOCPRV","09-D5-Platform-Integrations.dc.html","owner_approved","drawn","09-D5-Platform-Integrations.dc.html#WEB-03"
"WEB-03-W1440-success","WEB-03","ربط طابعة ويب وتجربة عربية","WEB","W","1440","success","نجاح","أساسي","C-PRINT C-NOTICE C-DOCPRV","09-D5-Platform-Integrations.dc.html","owner_approved","drawn","37-D29-Desktop-Web-Customer-Public-Home.dc.html#WEB-03"
"NAT-01-M390-ready","NAT-01","أذونات كاميرا وباركود","NAT","M","390","ready","جاهز","أساسي","C-SHEET C-NOTICE C-FIELD","09-D5-Platform-Integrations.dc.html","owner_approved","drawn","36-D28-Reports-Notifications-Mobile.dc.html#NAT-01"
"NAT-01-M390-validation_error","NAT-01","أذونات كاميرا وباركود","NAT","M","390","validation_error","خطأ تحقق","أساسي","C-SHEET C-NOTICE C-FIELD","09-D5-Platform-Integrations.dc.html","owner_approved","drawn","36-D28-Reports-Notifications-Mobile.dc.html#NAT-01"
"NAT-01-M390-permission_denied","NAT-01","أذونات كاميرا وباركود","NAT","M","390","permission_denied","صلاحية مرفوضة","أساسي","C-SHEET C-NOTICE C-FIELD","09-D5-Platform-Integrations.dc.html","owner_approved","drawn","09-D5-Platform-Integrations.dc.html#NAT-01"
"NAT-01-M390-success","NAT-01","أذونات كاميرا وباركود","NAT","M","390","success","نجاح","أساسي","C-SHEET C-NOTICE C-FIELD","09-D5-Platform-Integrations.dc.html","owner_approved","drawn","36-D28-Reports-Notifications-Mobile.dc.html#NAT-01"
"NAT-02-M390-ready","NAT-02","طابعة وأذونات Bluetooth","NAT","M","390","ready","جاهز","أساسي","C-PRINT C-SHEET C-NOTICE","09-D5-Platform-Integrations.dc.html","owner_approved","drawn","36-D28-Reports-Notifications-Mobile.dc.html#NAT-02"
"NAT-02-M390-loading","NAT-02","طابعة وأذونات Bluetooth","NAT","M","390","loading","تحميل","أساسي","C-PRINT C-SHEET C-NOTICE","09-D5-Platform-Integrations.dc.html","owner_approved","drawn","36-D28-Reports-Notifications-Mobile.dc.html#NAT-02"
"NAT-02-M390-permission_denied","NAT-02","طابعة وأذونات Bluetooth","NAT","M","390","permission_denied","صلاحية مرفوضة","أساسي","C-PRINT C-SHEET C-NOTICE","09-D5-Platform-Integrations.dc.html","owner_approved","drawn","36-D28-Reports-Notifications-Mobile.dc.html#NAT-02"
"NAT-02-M390-server_error","NAT-02","طابعة وأذونات Bluetooth","NAT","M","390","server_error","خطأ خادم","أساسي","C-PRINT C-SHEET C-NOTICE","09-D5-Platform-Integrations.dc.html","owner_approved","drawn","09-D5-Platform-Integrations.dc.html#NAT-02"
"NAT-02-M390-success","NAT-02","طابعة وأذونات Bluetooth","NAT","M","390","success","نجاح","أساسي","C-PRINT C-SHEET C-NOTICE","09-D5-Platform-Integrations.dc.html","owner_approved","drawn","36-D28-Reports-Notifications-Mobile.dc.html#NAT-02"
"NAT-03-M390-ready","NAT-03","Push وفتح رابط عميق","NAT","M","390","ready","جاهز","أساسي","C-NOTICE C-STATUS C-DIALOG","09-D5-Platform-Integrations.dc.html","owner_approved","drawn","36-D28-Reports-Notifications-Mobile.dc.html#NAT-03"
"NAT-03-M390-expired","NAT-03","Push وفتح رابط عميق","NAT","M","390","expired","منتهي الصلاحية","أساسي","C-NOTICE C-STATUS C-DIALOG","09-D5-Platform-Integrations.dc.html","owner_approved","drawn","36-D28-Reports-Notifications-Mobile.dc.html#NAT-03"
"NAT-03-M390-permission_denied","NAT-03","Push وفتح رابط عميق","NAT","M","390","permission_denied","صلاحية مرفوضة","أساسي","C-NOTICE C-STATUS C-DIALOG","09-D5-Platform-Integrations.dc.html","owner_approved","drawn","12-D7-Remaining-Screens.dc.html#NAT-03"
"NAT-03-M390-success","NAT-03","Push وفتح رابط عميق","NAT","M","390","success","نجاح","أساسي","C-NOTICE C-STATUS C-DIALOG","09-D5-Platform-Integrations.dc.html","owner_approved","drawn","36-D28-Reports-Notifications-Mobile.dc.html#NAT-03"
"NAT-04-M390-ready","NAT-04","تحديث وأسرار ونسخة احتياطية","NAT","M","390","ready","جاهز","أساسي","C-DIALOG C-SYNC C-NOTICE","09-D5-Platform-Integrations.dc.html","owner_approved","drawn","36-D28-Reports-Notifications-Mobile.dc.html#NAT-04"
"NAT-04-M390-validation_error","NAT-04","تحديث وأسرار ونسخة احتياطية","NAT","M","390","validation_error","خطأ تحقق","أساسي","C-DIALOG C-SYNC C-NOTICE","09-D5-Platform-Integrations.dc.html","owner_approved","drawn","36-D28-Reports-Notifications-Mobile.dc.html#NAT-04"
"NAT-04-M390-pending_sync","NAT-04","تحديث وأسرار ونسخة احتياطية","NAT","M","390","pending_sync","معلّق المزامنة","أساسي","C-DIALOG C-SYNC C-NOTICE","09-D5-Platform-Integrations.dc.html","owner_approved","drawn","09-D5-Platform-Integrations.dc.html#NAT-04"
"NAT-04-M390-server_error","NAT-04","تحديث وأسرار ونسخة احتياطية","NAT","M","390","server_error","خطأ خادم","أساسي","C-DIALOG C-SYNC C-NOTICE","09-D5-Platform-Integrations.dc.html","owner_approved","drawn","36-D28-Reports-Notifications-Mobile.dc.html#NAT-04"
"NAT-04-M390-success","NAT-04","تحديث وأسرار ونسخة احتياطية","NAT","M","390","success","نجاح","أساسي","C-DIALOG C-SYNC C-NOTICE","09-D5-Platform-Integrations.dc.html","owner_approved","drawn","36-D28-Reports-Notifications-Mobile.dc.html#NAT-04"
"DESK-01-D1366-ready","DESK-01","إعداد أول تشغيل وتحديث","DESK","D","1366","ready","جاهز","أساسي","C-NOTICE C-DIALOG C-BTN","12-D7-Remaining-Screens.dc.html","owner_approved","drawn","37-D29-Desktop-Web-Customer-Public-Home.dc.html#DESK-01"
"DESK-01-D1366-loading","DESK-01","إعداد أول تشغيل وتحديث","DESK","D","1366","loading","تحميل","أساسي","C-NOTICE C-DIALOG C-BTN","12-D7-Remaining-Screens.dc.html","owner_approved","drawn","37-D29-Desktop-Web-Customer-Public-Home.dc.html#DESK-01"
"DESK-01-D1366-validation_error","DESK-01","إعداد أول تشغيل وتحديث","DESK","D","1366","validation_error","خطأ تحقق","أساسي","C-NOTICE C-DIALOG C-BTN","12-D7-Remaining-Screens.dc.html","owner_approved","drawn","37-D29-Desktop-Web-Customer-Public-Home.dc.html#DESK-01"
"DESK-01-D1366-server_error","DESK-01","إعداد أول تشغيل وتحديث","DESK","D","1366","server_error","خطأ خادم","أساسي","C-NOTICE C-DIALOG C-BTN","12-D7-Remaining-Screens.dc.html","owner_approved","drawn","09-D5-Platform-Integrations.dc.html#DESK-01"
"DESK-01-D1366-success","DESK-01","إعداد أول تشغيل وتحديث","DESK","D","1366","success","نجاح","أساسي","C-NOTICE C-DIALOG C-BTN","12-D7-Remaining-Screens.dc.html","owner_approved","drawn","37-D29-Desktop-Web-Customer-Public-Home.dc.html#DESK-01"
"DESK-01-D1920-ready","DESK-01","إعداد أول تشغيل وتحديث","DESK","D","1920","ready","جاهز","أساسي","C-NOTICE C-DIALOG C-BTN","12-D7-Remaining-Screens.dc.html","owner_approved","not_drawn",""
"DESK-01-D1920-loading","DESK-01","إعداد أول تشغيل وتحديث","DESK","D","1920","loading","تحميل","أساسي","C-NOTICE C-DIALOG C-BTN","12-D7-Remaining-Screens.dc.html","owner_approved","not_drawn",""
"DESK-01-D1920-validation_error","DESK-01","إعداد أول تشغيل وتحديث","DESK","D","1920","validation_error","خطأ تحقق","أساسي","C-NOTICE C-DIALOG C-BTN","12-D7-Remaining-Screens.dc.html","owner_approved","not_drawn",""
"DESK-01-D1920-server_error","DESK-01","إعداد أول تشغيل وتحديث","DESK","D","1920","server_error","خطأ خادم","أساسي","C-NOTICE C-DIALOG C-BTN","12-D7-Remaining-Screens.dc.html","owner_approved","not_drawn",""
"DESK-01-D1920-success","DESK-01","إعداد أول تشغيل وتحديث","DESK","D","1920","success","نجاح","أساسي","C-NOTICE C-DIALOG C-BTN","12-D7-Remaining-Screens.dc.html","owner_approved","not_drawn",""
"DESK-02-D1366-ready","DESK-02","اختيار طابعة ومعاينة وطابور","DESK","D","1366","ready","جاهز","أساسي","C-PRINT C-DOCPRV C-TABLE","12-D7-Remaining-Screens.dc.html","owner_approved","drawn","37-D29-Desktop-Web-Customer-Public-Home.dc.html#DESK-02"
"DESK-02-D1366-empty","DESK-02","اختيار طابعة ومعاينة وطابور","DESK","D","1366","empty","فارغ","أساسي","C-PRINT C-DOCPRV C-TABLE","12-D7-Remaining-Screens.dc.html","owner_approved","drawn","37-D29-Desktop-Web-Customer-Public-Home.dc.html#DESK-02"
"DESK-02-D1366-server_error","DESK-02","اختيار طابعة ومعاينة وطابور","DESK","D","1366","server_error","خطأ خادم","أساسي","C-PRINT C-DOCPRV C-TABLE","12-D7-Remaining-Screens.dc.html","owner_approved","drawn","09-D5-Platform-Integrations.dc.html#DESK-02"
"DESK-02-D1366-success","DESK-02","اختيار طابعة ومعاينة وطابور","DESK","D","1366","success","نجاح","أساسي","C-PRINT C-DOCPRV C-TABLE","12-D7-Remaining-Screens.dc.html","owner_approved","drawn","37-D29-Desktop-Web-Customer-Public-Home.dc.html#DESK-02"
"DESK-02-D1920-ready","DESK-02","اختيار طابعة ومعاينة وطابور","DESK","D","1920","ready","جاهز","أساسي","C-PRINT C-DOCPRV C-TABLE","12-D7-Remaining-Screens.dc.html","owner_approved","not_drawn",""
"DESK-02-D1920-empty","DESK-02","اختيار طابعة ومعاينة وطابور","DESK","D","1920","empty","فارغ","أساسي","C-PRINT C-DOCPRV C-TABLE","12-D7-Remaining-Screens.dc.html","owner_approved","not_drawn",""
"DESK-02-D1920-server_error","DESK-02","اختيار طابعة ومعاينة وطابور","DESK","D","1920","server_error","خطأ خادم","أساسي","C-PRINT C-DOCPRV C-TABLE","12-D7-Remaining-Screens.dc.html","owner_approved","not_drawn",""
"DESK-02-D1920-success","DESK-02","اختيار طابعة ومعاينة وطابور","DESK","D","1920","success","نجاح","أساسي","C-PRINT C-DOCPRV C-TABLE","12-D7-Remaining-Screens.dc.html","owner_approved","not_drawn",""
"DESK-03-D1366-ready","DESK-03","اختصارات وإدارة التركيز","DESK","D","1366","ready","جاهز","أساسي","C-TABLE C-DIALOG C-NOTICE","12-D7-Remaining-Screens.dc.html","owner_approved","drawn","37-D29-Desktop-Web-Customer-Public-Home.dc.html#DESK-03"
"DESK-03-D1366-validation_error","DESK-03","اختصارات وإدارة التركيز","DESK","D","1366","validation_error","خطأ تحقق","أساسي","C-TABLE C-DIALOG C-NOTICE","12-D7-Remaining-Screens.dc.html","owner_approved","drawn","37-D29-Desktop-Web-Customer-Public-Home.dc.html#DESK-03"
"DESK-03-D1366-conflict","DESK-03","اختصارات وإدارة التركيز","DESK","D","1366","conflict","تعارض","أساسي","C-TABLE C-DIALOG C-NOTICE","12-D7-Remaining-Screens.dc.html","owner_approved","drawn","09-D5-Platform-Integrations.dc.html#DESK-03"
"DESK-03-D1920-ready","DESK-03","اختصارات وإدارة التركيز","DESK","D","1920","ready","جاهز","أساسي","C-TABLE C-DIALOG C-NOTICE","12-D7-Remaining-Screens.dc.html","owner_approved","not_drawn",""
"DESK-03-D1920-validation_error","DESK-03","اختصارات وإدارة التركيز","DESK","D","1920","validation_error","خطأ تحقق","أساسي","C-TABLE C-DIALOG C-NOTICE","12-D7-Remaining-Screens.dc.html","owner_approved","not_drawn",""
"DESK-03-D1920-conflict","DESK-03","اختصارات وإدارة التركيز","DESK","D","1920","conflict","تعارض","أساسي","C-TABLE C-DIALOG C-NOTICE","12-D7-Remaining-Screens.dc.html","owner_approved","not_drawn",""
"DESK-04-D1366-ready","DESK-04","حوار حفظ واستعادة ملف","DESK","D","1366","ready","جاهز","أساسي","C-DIALOG C-UPLOAD C-NOTICE","12-D7-Remaining-Screens.dc.html","owner_approved","drawn","37-D29-Desktop-Web-Customer-Public-Home.dc.html#DESK-04"
"DESK-04-D1366-validation_error","DESK-04","حوار حفظ واستعادة ملف","DESK","D","1366","validation_error","خطأ تحقق","أساسي","C-DIALOG C-UPLOAD C-NOTICE","12-D7-Remaining-Screens.dc.html","owner_approved","drawn","37-D29-Desktop-Web-Customer-Public-Home.dc.html#DESK-04"
"DESK-04-D1366-server_error","DESK-04","حوار حفظ واستعادة ملف","DESK","D","1366","server_error","خطأ خادم","أساسي","C-DIALOG C-UPLOAD C-NOTICE","12-D7-Remaining-Screens.dc.html","owner_approved","drawn","12-D7-Remaining-Screens.dc.html#DESK-04"
"DESK-04-D1366-success","DESK-04","حوار حفظ واستعادة ملف","DESK","D","1366","success","نجاح","أساسي","C-DIALOG C-UPLOAD C-NOTICE","12-D7-Remaining-Screens.dc.html","owner_approved","drawn","37-D29-Desktop-Web-Customer-Public-Home.dc.html#DESK-04"
"DESK-04-D1920-ready","DESK-04","حوار حفظ واستعادة ملف","DESK","D","1920","ready","جاهز","أساسي","C-DIALOG C-UPLOAD C-NOTICE","12-D7-Remaining-Screens.dc.html","owner_approved","not_drawn",""
"DESK-04-D1920-validation_error","DESK-04","حوار حفظ واستعادة ملف","DESK","D","1920","validation_error","خطأ تحقق","أساسي","C-DIALOG C-UPLOAD C-NOTICE","12-D7-Remaining-Screens.dc.html","owner_approved","not_drawn",""
"DESK-04-D1920-server_error","DESK-04","حوار حفظ واستعادة ملف","DESK","D","1920","server_error","خطأ خادم","أساسي","C-DIALOG C-UPLOAD C-NOTICE","12-D7-Remaining-Screens.dc.html","owner_approved","not_drawn",""
"DESK-04-D1920-success","DESK-04","حوار حفظ واستعادة ملف","DESK","D","1920","success","نجاح","أساسي","C-DIALOG C-UPLOAD C-NOTICE","12-D7-Remaining-Screens.dc.html","owner_approved","not_drawn",""
"DESK-05-D1366-ready","DESK-05","إشعارات وإغلاق التطبيق","DESK","D","1366","ready","جاهز","أساسي","C-NOTICE C-STATUS C-DIALOG","12-D7-Remaining-Screens.dc.html","owner_approved","drawn","37-D29-Desktop-Web-Customer-Public-Home.dc.html#DESK-05"
"DESK-05-D1366-offline","DESK-05","إشعارات وإغلاق التطبيق","DESK","D","1366","offline","بلا اتصال","أساسي","C-NOTICE C-STATUS C-DIALOG","12-D7-Remaining-Screens.dc.html","owner_approved","drawn","09-D5-Platform-Integrations.dc.html#DESK-05"
"DESK-05-D1366-permission_denied","DESK-05","إشعارات وإغلاق التطبيق","DESK","D","1366","permission_denied","صلاحية مرفوضة","أساسي","C-NOTICE C-STATUS C-DIALOG","12-D7-Remaining-Screens.dc.html","owner_approved","drawn","21-D16-Subscription-Customer-Public.dc.html#DESK-05"
"DESK-05-D1920-ready","DESK-05","إشعارات وإغلاق التطبيق","DESK","D","1920","ready","جاهز","أساسي","C-NOTICE C-STATUS C-DIALOG","12-D7-Remaining-Screens.dc.html","owner_approved","not_drawn",""
"DESK-05-D1920-offline","DESK-05","إشعارات وإغلاق التطبيق","DESK","D","1920","offline","بلا اتصال","أساسي","C-NOTICE C-STATUS C-DIALOG","12-D7-Remaining-Screens.dc.html","owner_approved","not_drawn",""
"DESK-05-D1920-permission_denied","DESK-05","إشعارات وإغلاق التطبيق","DESK","D","1920","permission_denied","صلاحية مرفوضة","أساسي","C-NOTICE C-STATUS C-DIALOG","12-D7-Remaining-Screens.dc.html","owner_approved","not_drawn",""
"PUB-01-W390-ready","PUB-01","تعريف Sting والباقات ومدخل السوق","PUB","W","390","ready","جاهز","أساسي","C-FRAME C-BTN C-TABLE","21-D16-Subscription-Customer-Public.dc.html","owner_approved","not_drawn",""
"PUB-01-W390-offline","PUB-01","تعريف Sting والباقات ومدخل السوق","PUB","W","390","offline","بلا اتصال","أساسي","C-FRAME C-BTN C-TABLE","21-D16-Subscription-Customer-Public.dc.html","owner_approved","not_drawn",""
"PUB-01-W834-ready","PUB-01","تعريف Sting والباقات ومدخل السوق","PUB","W","834","ready","جاهز","أساسي","C-FRAME C-BTN C-TABLE","21-D16-Subscription-Customer-Public.dc.html","owner_approved","not_drawn",""
"PUB-01-W834-offline","PUB-01","تعريف Sting والباقات ومدخل السوق","PUB","W","834","offline","بلا اتصال","أساسي","C-FRAME C-BTN C-TABLE","21-D16-Subscription-Customer-Public.dc.html","owner_approved","not_drawn",""
"PUB-01-W1440-ready","PUB-01","تعريف Sting والباقات ومدخل السوق","PUB","W","1440","ready","جاهز","أساسي","C-FRAME C-BTN C-TABLE","21-D16-Subscription-Customer-Public.dc.html","owner_approved","drawn","12-D7-Remaining-Screens.dc.html#PUB-01"
"PUB-01-W1440-offline","PUB-01","تعريف Sting والباقات ومدخل السوق","PUB","W","1440","offline","بلا اتصال","أساسي","C-FRAME C-BTN C-TABLE","21-D16-Subscription-Customer-Public.dc.html","owner_approved","drawn","37-D29-Desktop-Web-Customer-Public-Home.dc.html#PUB-01"
"PUB-02-W390-ready","PUB-02","الخصوصية وشروط السوق والمساعدة","PUB","W","390","ready","جاهز","أساسي","C-FRAME C-DOCPRV","21-D16-Subscription-Customer-Public.dc.html","owner_approved","not_drawn",""
"PUB-02-W390-loading","PUB-02","الخصوصية وشروط السوق والمساعدة","PUB","W","390","loading","تحميل","أساسي","C-FRAME C-DOCPRV","21-D16-Subscription-Customer-Public.dc.html","owner_approved","not_drawn",""
"PUB-02-W834-ready","PUB-02","الخصوصية وشروط السوق والمساعدة","PUB","W","834","ready","جاهز","أساسي","C-FRAME C-DOCPRV","21-D16-Subscription-Customer-Public.dc.html","owner_approved","not_drawn",""
"PUB-02-W834-loading","PUB-02","الخصوصية وشروط السوق والمساعدة","PUB","W","834","loading","تحميل","أساسي","C-FRAME C-DOCPRV","21-D16-Subscription-Customer-Public.dc.html","owner_approved","not_drawn",""
"PUB-02-W1440-ready","PUB-02","الخصوصية وشروط السوق والمساعدة","PUB","W","1440","ready","جاهز","أساسي","C-FRAME C-DOCPRV","21-D16-Subscription-Customer-Public.dc.html","owner_approved","drawn","21-D16-Subscription-Customer-Public.dc.html#PUB-02"
"PUB-02-W1440-loading","PUB-02","الخصوصية وشروط السوق والمساعدة","PUB","W","1440","loading","تحميل","أساسي","C-FRAME C-DOCPRV","21-D16-Subscription-Customer-Public.dc.html","owner_approved","drawn","37-D29-Desktop-Web-Customer-Public-Home.dc.html#PUB-02"
"PUB-02-W390-phase_locked","PUB-02","الخصوصية وشروط السوق والمساعدة","PUB","W","390","phase_locked","مرحلة غير مفعّلة","أساسي","C-FRAME C-DOCPRV","21-D16-Subscription-Customer-Public.dc.html","owner_approved","not_drawn",""
"PUB-02-W834-phase_locked","PUB-02","الخصوصية وشروط السوق والمساعدة","PUB","W","834","phase_locked","مرحلة غير مفعّلة","أساسي","C-FRAME C-DOCPRV","21-D16-Subscription-Customer-Public.dc.html","owner_approved","not_drawn",""
"PUB-02-W1440-phase_locked","PUB-02","الخصوصية وشروط السوق والمساعدة","PUB","W","1440","phase_locked","مرحلة غير مفعّلة","أساسي","C-FRAME C-DOCPRV","21-D16-Subscription-Customer-Public.dc.html","owner_approved","drawn","12-D7-Remaining-Screens.dc.html#PUB-02"
"PUB-03-W390-ready","PUB-03","حالة الخدمة والصيانة","PUB","W","390","ready","جاهز","أساسي","C-STATUS C-TIMELIST C-NOTICE","21-D16-Subscription-Customer-Public.dc.html","owner_approved","not_drawn",""
"PUB-03-W390-stale","PUB-03","حالة الخدمة والصيانة","PUB","W","390","stale","بيانات قديمة","أساسي","C-STATUS C-TIMELIST C-NOTICE","21-D16-Subscription-Customer-Public.dc.html","owner_approved","not_drawn",""
"PUB-03-W390-server_error","PUB-03","حالة الخدمة والصيانة","PUB","W","390","server_error","خطأ خادم","أساسي","C-STATUS C-TIMELIST C-NOTICE","21-D16-Subscription-Customer-Public.dc.html","owner_approved","not_drawn",""
"PUB-03-W834-ready","PUB-03","حالة الخدمة والصيانة","PUB","W","834","ready","جاهز","أساسي","C-STATUS C-TIMELIST C-NOTICE","21-D16-Subscription-Customer-Public.dc.html","owner_approved","not_drawn",""
"PUB-03-W834-stale","PUB-03","حالة الخدمة والصيانة","PUB","W","834","stale","بيانات قديمة","أساسي","C-STATUS C-TIMELIST C-NOTICE","21-D16-Subscription-Customer-Public.dc.html","owner_approved","not_drawn",""
"PUB-03-W834-server_error","PUB-03","حالة الخدمة والصيانة","PUB","W","834","server_error","خطأ خادم","أساسي","C-STATUS C-TIMELIST C-NOTICE","21-D16-Subscription-Customer-Public.dc.html","owner_approved","not_drawn",""
"PUB-03-W1440-ready","PUB-03","حالة الخدمة والصيانة","PUB","W","1440","ready","جاهز","أساسي","C-STATUS C-TIMELIST C-NOTICE","21-D16-Subscription-Customer-Public.dc.html","owner_approved","drawn","37-D29-Desktop-Web-Customer-Public-Home.dc.html#PUB-03"
"PUB-03-W1440-stale","PUB-03","حالة الخدمة والصيانة","PUB","W","1440","stale","بيانات قديمة","أساسي","C-STATUS C-TIMELIST C-NOTICE","21-D16-Subscription-Customer-Public.dc.html","owner_approved","drawn","37-D29-Desktop-Web-Customer-Public-Home.dc.html#PUB-03"
"PUB-03-W1440-server_error","PUB-03","حالة الخدمة والصيانة","PUB","W","1440","server_error","خطأ خادم","أساسي","C-STATUS C-TIMELIST C-NOTICE","21-D16-Subscription-Customer-Public.dc.html","owner_approved","drawn","09-D5-Platform-Integrations.dc.html#PUB-03"
"PUB-04-W390-empty","PUB-04","صفحة غير موجودة أو رابط منتهٍ","PUB","W","390","empty","فارغ","أساسي","C-NOTICE C-BTN","21-D16-Subscription-Customer-Public.dc.html","owner_approved","not_drawn",""
"PUB-04-W390-expired","PUB-04","صفحة غير موجودة أو رابط منتهٍ","PUB","W","390","expired","منتهي الصلاحية","أساسي","C-NOTICE C-BTN","21-D16-Subscription-Customer-Public.dc.html","owner_approved","not_drawn",""
"PUB-04-W390-permission_denied","PUB-04","صفحة غير موجودة أو رابط منتهٍ","PUB","W","390","permission_denied","صلاحية مرفوضة","أساسي","C-NOTICE C-BTN","21-D16-Subscription-Customer-Public.dc.html","owner_approved","not_drawn",""
"PUB-04-W834-empty","PUB-04","صفحة غير موجودة أو رابط منتهٍ","PUB","W","834","empty","فارغ","أساسي","C-NOTICE C-BTN","21-D16-Subscription-Customer-Public.dc.html","owner_approved","not_drawn",""
"PUB-04-W834-expired","PUB-04","صفحة غير موجودة أو رابط منتهٍ","PUB","W","834","expired","منتهي الصلاحية","أساسي","C-NOTICE C-BTN","21-D16-Subscription-Customer-Public.dc.html","owner_approved","not_drawn",""
"PUB-04-W834-permission_denied","PUB-04","صفحة غير موجودة أو رابط منتهٍ","PUB","W","834","permission_denied","صلاحية مرفوضة","أساسي","C-NOTICE C-BTN","21-D16-Subscription-Customer-Public.dc.html","owner_approved","not_drawn",""
"PUB-04-W1440-empty","PUB-04","صفحة غير موجودة أو رابط منتهٍ","PUB","W","1440","empty","فارغ","أساسي","C-NOTICE C-BTN","21-D16-Subscription-Customer-Public.dc.html","owner_approved","drawn","37-D29-Desktop-Web-Customer-Public-Home.dc.html#PUB-04"
"PUB-04-W1440-expired","PUB-04","صفحة غير موجودة أو رابط منتهٍ","PUB","W","1440","expired","منتهي الصلاحية","أساسي","C-NOTICE C-BTN","21-D16-Subscription-Customer-Public.dc.html","owner_approved","drawn","09-D5-Platform-Integrations.dc.html#PUB-04"
"PUB-04-W1440-permission_denied","PUB-04","صفحة غير موجودة أو رابط منتهٍ","PUB","W","1440","permission_denied","صلاحية مرفوضة","أساسي","C-NOTICE C-BTN","21-D16-Subscription-Customer-Public.dc.html","owner_approved","drawn","37-D29-Desktop-Web-Customer-Public-Home.dc.html#PUB-04"
